0.00000000, 0.00000000, 0.00000000,  0, 0.01255298, 0
0.00001099, -0.00003551, 0.00000000,  0, 0.02415299, 0
0.00002653, -0.00009077, 0.00000000,  0, 0.03836989, 0
0.00002786, -0.00010670, 0.00000000,  0, 0.05241203, 0
0.00002833, -0.00012110, 0.00000000,  0, 0.06691885, 0
0.00001755, -0.00012926, 0.00000000,  0, 0.08598089, 0
-0.00001597, -0.00012483, 0.00000000,  0, 0.10949993, 0
-0.00004620, -0.00010516, 0.00000000,  0, 0.13162899, 0
-0.00008182, -0.00007746, 0.00000000,  0, 0.15267992, 0
-0.00010127, -0.00006396, 0.00000000,  0, 0.16817594, 0
-0.00014260, -0.00003754, 0.00000000,  0, 0.18652987, 0
-0.00018705, -0.00000488, 0.00000000,  0, 0.20904183, 0
-0.00023342, 0.00003515, 0.00000000,  0, 0.22812700, 0
-0.00028150, 0.00008124, 0.00000000,  0, 0.25079894, 0
-0.00035644, 0.00015996, 0.00000000,  0, 0.27168083, 0
-0.00037908, 0.00018803, 0.00000000,  0, 0.28976083, 0
-0.00041803, 0.00024637, 0.00000000,  0, 0.31196594, 0
-0.00045138, 0.00030700, 0.00000000,  0, 0.32928991, 0
-0.00048897, 0.00036934, 0.00000000,  0, 0.34840989, 0
-0.00051956, 0.00043314, 0.00000000,  0, 0.36691403, 0
-0.00054477, 0.00048767, 0.00000000,  0, 0.38443685, 0
-0.00056584, 0.00052559, 0.00000000,  0, 0.40624285, 0
-0.00057513, 0.00053646, 0.00000000,  0, 0.42305183, 0
-0.00059173, 0.00054365, 0.00000000,  0, 0.44363403, 0
-0.00060585, 0.00053150, 0.00000000,  0, 0.46399903, 0
-0.00061796, 0.00049528, 0.00000000,  0, 0.48280883, 0
-0.00062840, 0.00043864, 0.00000000,  0, 0.50030494, 0
-0.00062766, 0.00036693, 0.00000000,  0, 0.52200484, 0
-0.00061776, 0.00027373, 0.00000000,  0, 0.54132581, 0
-0.00060091, 0.00016330, 0.00000000,  0, 0.55972981, 0
-0.00057799, 0.00003785, 0.00000000,  0, 0.58187890, 0
-0.00055099, -0.00010374, 0.00000000,  0, 0.59929490, 0
-0.00052032, -0.00026306, 0.00000000,  0, 0.61749792, 0
-0.00048658, -0.00043279, 0.00000000,  0, 0.64123297, 0
-0.00045052, -0.00060451, 0.00000000,  0, 0.66091585, 0
-0.00041561, -0.00078424, 0.00000000,  0, 0.68168283, 0
-0.00037055, -0.00109083, 0.00000000,  0, 0.71078587, 0
-0.00031926, -0.00141632, 0.00000000,  0, 0.73866987, 0
-0.00028186, -0.00163774, 0.00000000,  0, 0.76706791, 0
-0.00022643, -0.00196147, 0.00000000,  0, 0.79542089, 0
-0.00018718, -0.00229464, 0.00000000,  0, 0.82322288, 0
-0.00016046, -0.00261169, 0.00000000,  0, 0.85077882, 0
-0.00014821, -0.00282592, 0.00000000,  0, 0.87874484, 0
-0.00013120, -0.00315352, 0.00000000,  0, 0.91031194, 0
-0.00011596, -0.00337857, 0.00000000,  0, 0.92642784, 0
-0.00009816, -0.00362001, 0.00000000,  0, 0.94693089, 0
-0.00006523, -0.00387698, 0.00000000,  0, 0.96489501, 0
-0.00001918, -0.00414939, 0.00000000,  0, 0.98849583, 0
0.00003661, -0.00443328, 0.00000000,  0, 1.00583482, 0
0.00009011, -0.00472642, 0.00000000,  0, 1.03029704, 0
0.00018529, -0.00515717, 0.00000000,  0, 1.05849504, 0
0.00028597, -0.00556505, 0.00000000,  0, 1.08672404, 0
0.00034749, -0.00581831, 0.00000000,  0, 1.10528088, 0
0.00040586, -0.00605013, 0.00000000,  0, 1.12644601, 0
0.00046160, -0.00626145, 0.00000000,  0, 1.15138197, 0
0.00051532, -0.00645193, 0.00000000,  0, 1.17000389, 0
0.00056751, -0.00662155, 0.00000000,  0, 1.18736291, 0
0.00059316, -0.00669959, 0.00000000,  0, 1.20343184, 0
0.00063585, -0.00684384, 0.00000000,  0, 1.21892786, 0
0.00065463, -0.00691166, 0.00000000,  0, 1.23500204, 0
0.00068499, -0.00702587, 0.00000000,  0, 1.25565195, 0
0.00071834, -0.00712424, 0.00000000,  0, 1.27365303, 0
0.00074380, -0.00720877, 0.00000000,  0, 1.29444599, 0
0.00076605, -0.00728195, 0.00000000,  0, 1.31141686, 0
0.00077309, -0.00730467, 0.00000000,  0, 1.32752991, 0
0.00078088, -0.00734450, 0.00000000,  0, 1.34717083, 0
0.00077619, -0.00736904, 0.00000000,  0, 1.36777186, 0
0.00076203, -0.00737608, 0.00000000,  0, 1.38611698, 0
0.00074010, -0.00736889, 0.00000000,  0, 1.40476584, 0
0.00071210, -0.00735043, 0.00000000,  0, 1.42430902, 0
0.00067903, -0.00732274, 0.00000000,  0, 1.44237995, 0
0.00064191, -0.00728759, 0.00000000,  0, 1.46326184, 0
0.00060176, -0.00724697, 0.00000000,  0, 1.48519897, 0
0.00058070, -0.00722488, 0.00000000,  0, 1.50195789, 0
0.00053467, -0.00717830, 0.00000000,  0, 1.52200103, 0
0.00047915, -0.00712861, 0.00000000,  0, 1.53955483, 0
0.00042448, -0.00707657, 0.00000000,  0, 1.55722785, 0
0.00037032, -0.00702256, 0.00000000,  0, 1.57809091, 0
0.00031692, -0.00696725, 0.00000000,  0, 1.59879088, 0
0.00026387, -0.00692078, 0.00000000,  0, 1.61527586, 0
0.00023744, -0.00689717, 0.00000000,  0, 1.63294196, 0
0.00018493, -0.00684792, 0.00000000,  0, 1.65184903, 0
0.00013273, -0.00679646, 0.00000000,  0, 1.67018604, 0
0.00008079, -0.00674328, 0.00000000,  0, 1.68874598, 0
0.00002906, -0.00668876, 0.00000000,  0, 1.70930195, 0
-0.00002246, -0.00663325, 0.00000000,  0, 1.73145103, 0
-0.00007383, -0.00657706, 0.00000000,  0, 1.74781585, 0
-0.00009953, -0.00654869, 0.00000000,  0, 1.76634002, 0
-0.00016793, -0.00646332, 0.00000000,  0, 1.79042292, 0
-0.00020229, -0.00640601, 0.00000000,  0, 1.81515598, 0
-0.00024294, -0.00631992, 0.00000000,  0, 1.84328294, 0
-0.00027136, -0.00623356, 0.00000000,  0, 1.87113500, 0
-0.00028594, -0.00617603, 0.00000000,  0, 1.89310288, 0
-0.00029790, -0.00611820, 0.00000000,  0, 1.91328502, 0
-0.00030915, -0.00606083, 0.00000000,  0, 1.93420100, 0
-0.00032748, -0.00600490, 0.00000000,  0, 1.95159101, 0
-0.00034233, -0.00595867, 0.00000000,  0, 1.97035098, 0
-0.00034850, -0.00593908, 0.00000000,  0, 1.98862481, 0
-0.00035925, -0.00590434, 0.00000000,  0, 2.00737500, 0
-0.00036802, -0.00587515, 0.00000000,  0, 2.02768683, 0
-0.00037521, -0.00585291, 0.00000000,  0, 2.05049491, 0
-0.00038114, -0.00584356, 0.00000000,  0, 2.06717086, 0
-0.00038599, -0.00584594, 0.00000000,  0, 2.08457088, 0
-0.00038999, -0.00586684, 0.00000000,  0, 2.10215783, 0
-0.00039166, -0.00588458, 0.00000000,  0, 2.11959982, 0
-0.00039891, -0.00593412, 0.00000000,  0, 2.13601899, 0
-0.00040569, -0.00596935, 0.00000000,  0, 2.15221286, 0
-0.00042605, -0.00606230, 0.00000000,  0, 2.17085481, 0
-0.00045226, -0.00619091, 0.00000000,  0, 2.19031882, 0
-0.00048317, -0.00635139, 0.00000000,  0, 2.20700383, 0
-0.00049984, -0.00643878, 0.00000000,  0, 2.22321296, 0
-0.00053616, -0.00662530, 0.00000000,  0, 2.23985386, 0
-0.00057522, -0.00683279, 0.00000000,  0, 2.25905085, 0
-0.00061666, -0.00704835, 0.00000000,  0, 2.28011203, 0
-0.00069744, -0.00739814, 0.00000000,  0, 2.31016684, 0
-0.00079107, -0.00779232, 0.00000000,  0, 2.34276700, 0
-0.00087947, -0.00821736, 0.00000000,  0, 2.37539792, 0
-0.00095904, -0.00871521, 0.00000000,  0, 2.39859104, 0
-0.00099892, -0.00909534, 0.00000000,  0, 2.41984797, 0
-0.00102022, -0.00951599, 0.00000000,  0, 2.43807793, 0
-0.00102399, -0.00974617, 0.00000000,  0, 2.45602489, 0
-0.00102489, -0.01022191, 0.00000000,  0, 2.47331095, 0
-0.00101565, -0.01071848, 0.00000000,  0, 2.49288201, 0
-0.00100238, -0.01122438, 0.00000000,  0, 2.51301885, 0
-0.00099182, -0.01172078, 0.00000000,  0, 2.53391790, 0
-0.00098339, -0.01220812, 0.00000000,  0, 2.55689001, 0
-0.00097677, -0.01268314, 0.00000000,  0, 2.57618999, 0
-0.00097688, -0.01339724, 0.00000000,  0, 2.60061693, 0
-0.00098056, -0.01363610, 0.00000000,  0, 2.61812782, 0
-0.00099642, -0.01411376, 0.00000000,  0, 2.63914490, 0
-0.00102994, -0.01459148, 0.00000000,  0, 2.65766883, 0
-0.00108604, -0.01505183, 0.00000000,  0, 2.67713094, 0
-0.00116138, -0.01547698, 0.00000000,  0, 2.69449186, 0
-0.00125134, -0.01587550, 0.00000000,  0, 2.71445394, 0
-0.00135151, -0.01624404, 0.00000000,  0, 2.73202682, 0
-0.00140402, -0.01642099, 0.00000000,  0, 2.75118685, 0
-0.00151819, -0.01674988, 0.00000000,  0, 2.77099895, 0
-0.00162888, -0.01706730, 0.00000000,  0, 2.79127097, 0
-0.00174782, -0.01737979, 0.00000000,  0, 2.81112695, 0
-0.00190476, -0.01788439, 0.00000000,  0, 2.83372903, 0
-0.00195562, -0.01806202, 0.00000000,  0, 2.85277700, 0
-0.00205026, -0.01842748, 0.00000000,  0, 2.87143493, 0
-0.00217535, -0.01901009, 0.00000000,  0, 2.89408088, 0
-0.00220684, -0.01921645, 0.00000000,  0, 2.91188598, 0
-0.00227286, -0.01962651, 0.00000000,  0, 2.92707992, 0
-0.00230804, -0.01982912, 0.00000000,  0, 2.94396901, 0
-0.00239304, -0.02024013, 0.00000000,  0, 2.96344686, 0
-0.00248205, -0.02064707, 0.00000000,  0, 2.98154902, 0
-0.00257276, -0.02105554, 0.00000000,  0, 3.00325394, 0
-0.00267088, -0.02147926, 0.00000000,  0, 3.01820493, 0
-0.00278443, -0.02192345, 0.00000000,  0, 3.03634095, 0
-0.00284601, -0.02215053, 0.00000000,  0, 3.05416489, 0
-0.00306165, -0.02285392, 0.00000000,  0, 3.07769585, 0
-0.00313730, -0.02308536, 0.00000000,  0, 3.09674382, 0
-0.00337728, -0.02375325, 0.00000000,  0, 3.12524700, 0
-0.00354526, -0.02418192, 0.00000000,  0, 3.14445782, 0
-0.00370814, -0.02459898, 0.00000000,  0, 3.16079903, 0
-0.00378769, -0.02480852, 0.00000000,  0, 3.17836595, 0
-0.00395013, -0.02522806, 0.00000000,  0, 3.19689202, 0
-0.00411500, -0.02565248, 0.00000000,  0, 3.21789694, 0
-0.00434745, -0.02631906, 0.00000000,  0, 3.24032402, 0
-0.00448683, -0.02678329, 0.00000000,  0, 3.26262689, 0
-0.00462374, -0.02725110, 0.00000000,  0, 3.28354287, 0
-0.00475629, -0.02772588, 0.00000000,  0, 3.30274701, 0
-0.00482057, -0.02796652, 0.00000000,  0, 3.31884098, 0
-0.00495265, -0.02842492, 0.00000000,  0, 3.33531785, 0
-0.00501947, -0.02865113, 0.00000000,  0, 3.35049081, 0
-0.00521444, -0.02931357, 0.00000000,  0, 3.37454891, 0
-0.00540925, -0.02997554, 0.00000000,  0, 3.40300989, 0
-0.00555267, -0.03042359, 0.00000000,  0, 3.42716289, 0
-0.00570712, -0.03087777, 0.00000000,  0, 3.44352293, 0
-0.00578807, -0.03110092, 0.00000000,  0, 3.46194792, 0
-0.00595290, -0.03154487, 0.00000000,  0, 3.47878885, 0
-0.00612391, -0.03198178, 0.00000000,  0, 3.50348902, 0
-0.00630173, -0.03240654, 0.00000000,  0, 3.52254486, 0
-0.00658573, -0.03302276, 0.00000000,  0, 3.54649591, 0
-0.00677588, -0.03343061, 0.00000000,  0, 3.56468201, 0
-0.00687109, -0.03363534, 0.00000000,  0, 3.58428097, 0
-0.00706163, -0.03405722, 0.00000000,  0, 3.60414600, 0
-0.00724273, -0.03450706, 0.00000000,  0, 3.61997104, 0
-0.00740796, -0.03497238, 0.00000000,  0, 3.63674283, 0
-0.00756594, -0.03545627, 0.00000000,  0, 3.66107893, 0
-0.00771491, -0.03595180, 0.00000000,  0, 3.67956495, 0
-0.00785218, -0.03645018, 0.00000000,  0, 3.69770193, 0
-0.00791826, -0.03670161, 0.00000000,  0, 3.71599698, 0
-0.00804214, -0.03720670, 0.00000000,  0, 3.73545694, 0
-0.00815965, -0.03770542, 0.00000000,  0, 3.75317287, 0
-0.00827225, -0.03819865, 0.00000000,  0, 3.77334690, 0
-0.00838101, -0.03868007, 0.00000000,  0, 3.79145598, 0
-0.00849308, -0.03914194, 0.00000000,  0, 3.80886483, 0
-0.00860519, -0.03959010, 0.00000000,  0, 3.82878304, 0
-0.00871837, -0.04003872, 0.00000000,  0, 3.85091686, 0
-0.00883736, -0.04049084, 0.00000000,  0, 3.87345099, 0
-0.00896116, -0.04094293, 0.00000000,  0, 3.89472985, 0
-0.00908836, -0.04138961, 0.00000000,  0, 3.91513801, 0
-0.00921831, -0.04182854, 0.00000000,  0, 3.93686891, 0
-0.00935072, -0.04225346, 0.00000000,  0, 3.95248890, 0
-0.00941781, -0.04246048, 0.00000000,  0, 3.97017002, 0
-0.00955264, -0.04286916, 0.00000000,  0, 3.98946285, 0
-0.00968594, -0.04327286, 0.00000000,  0, 4.00963187, 0
-0.00981032, -0.04368332, 0.00000000,  0, 4.02728486, 0
-0.00993020, -0.04410546, 0.00000000,  0, 4.04643297, 0
-0.01005279, -0.04453800, 0.00000000,  0, 4.06558299, 0
-0.01015879, -0.04499785, 0.00000000,  0, 4.08590984, 0
-0.01026190, -0.04549146, 0.00000000,  0, 4.10513783, 0
-0.01036301, -0.04599095, 0.00000000,  0, 4.12523603, 0
-0.01046199, -0.04649294, 0.00000000,  0, 4.14542103, 0
-0.01055979, -0.04700589, 0.00000000,  0, 4.17303586, 0
-0.01070512, -0.04776877, 0.00000000,  0, 4.20089984, 0
-0.01086788, -0.04851656, 0.00000000,  0, 4.22875404, 0
-0.01104432, -0.04927304, 0.00000000,  0, 4.25655103, 0
-0.01117664, -0.04978793, 0.00000000,  0, 4.27699590, 0
-0.01131276, -0.05028749, 0.00000000,  0, 4.29518199, 0
-0.01146444, -0.05078531, 0.00000000,  0, 4.31582093, 0
-0.01162752, -0.05127383, 0.00000000,  0, 4.33658195, 0
-0.01179652, -0.05174975, 0.00000000,  0, 4.35770798, 0
-0.01196980, -0.05220804, 0.00000000,  0, 4.38152599, 0
-0.01214595, -0.05264431, 0.00000000,  0, 4.40225887, 0
-0.01232221, -0.05305300, 0.00000000,  0, 4.42253089, 0
-0.01249313, -0.05343577, 0.00000000,  0, 4.44187093, 0
-0.01266718, -0.05380530, 0.00000000,  0, 4.46063900, 0
-0.01283463, -0.05416492, 0.00000000,  0, 4.47843099, 0
-0.01291585, -0.05434112, 0.00000000,  0, 4.49531484, 0
-0.01307587, -0.05468970, 0.00000000,  0, 4.51511097, 0
-0.01322725, -0.05503440, 0.00000000,  0, 4.53275990, 0
-0.01336642, -0.05538697, 0.00000000,  0, 4.55078602, 0
-0.01349546, -0.05575214, 0.00000000,  0, 4.57253385, 0
-0.01361651, -0.05612870, 0.00000000,  0, 4.59002399, 0
-0.01373161, -0.05652357, 0.00000000,  0, 4.60981393, 0
-0.01384174, -0.05692340, 0.00000000,  0, 4.63158989, 0
-0.01389512, -0.05712428, 0.00000000,  0, 4.64812088, 0
-0.01405100, -0.05773141, 0.00000000,  0, 4.67124104, 0
-0.01410421, -0.05793503, 0.00000000,  0, 4.68958282, 0
-0.01421398, -0.05834509, 0.00000000,  0, 4.70734501, 0
-0.01432177, -0.05876680, 0.00000000,  0, 4.72289801, 0
-0.01444641, -0.05919751, 0.00000000,  0, 4.74246788, 0
-0.01459558, -0.05963605, 0.00000000,  0, 4.77027392, 0
-0.01483440, -0.06031846, 0.00000000,  0, 4.79794788, 0
-0.01500076, -0.06077628, 0.00000000,  0, 4.81960702, 0
-0.01516963, -0.06123321, 0.00000000,  0, 4.83987904, 0
-0.01533367, -0.06168167, 0.00000000,  0, 4.86094785, 0
-0.01550275, -0.06211345, 0.00000000,  0, 4.88345504, 0
-0.01574999, -0.06276070, 0.00000000,  0, 4.90425682, 0
-0.01583449, -0.06297944, 0.00000000,  0, 4.92136884, 0
-0.01602190, -0.06345997, 0.00000000,  0, 4.93846393, 0
-0.01610576, -0.06368708, 0.00000000,  0, 4.95590186, 0
-0.01626980, -0.06415075, 0.00000000,  0, 4.97444487, 0
-0.01642856, -0.06463451, 0.00000000,  0, 4.99522781, 0
-0.01665931, -0.06539029, 0.00000000,  0, 5.01921082, 0
-0.01680955, -0.06590275, 0.00000000,  0, 5.04106593, 0
-0.01695790, -0.06641628, 0.00000000,  0, 5.05883884, 0
-0.01710859, -0.06692698, 0.00000000,  0, 5.08653402, 0
-0.01733952, -0.06769014, 0.00000000,  0, 5.11307192, 0
-0.01749750, -0.06821346, 0.00000000,  0, 5.13505292, 0
-0.01775567, -0.06902250, 0.00000000,  0, 5.16270804, 0
-0.01795611, -0.06957210, 0.00000000,  0, 5.18651199, 0
-0.01816420, -0.07012305, 0.00000000,  0, 5.20940995, 0
-0.01837839, -0.07065786, 0.00000000,  0, 5.22816896, 0
-0.01859743, -0.07117062, 0.00000000,  0, 5.24701381, 0
-0.01881318, -0.07165761, 0.00000000,  0, 5.26544785, 0
-0.01902282, -0.07211218, 0.00000000,  0, 5.28351498, 0
-0.01922511, -0.07253902, 0.00000000,  0, 5.30153489, 0
-0.01941348, -0.07293473, 0.00000000,  0, 5.32233882, 0
-0.01950440, -0.07312770, 0.00000000,  0, 5.33804703, 0
-0.01967809, -0.07351767, 0.00000000,  0, 5.35512781, 0
-0.01985184, -0.07391108, 0.00000000,  0, 5.37327695, 0
-0.01993781, -0.07411145, 0.00000000,  0, 5.39247990, 0
-0.02010415, -0.07452413, 0.00000000,  0, 5.41011095, 0
-0.02026465, -0.07496728, 0.00000000,  0, 5.43216491, 0
-0.02042116, -0.07542782, 0.00000000,  0, 5.45255685, 0
-0.02057310, -0.07588673, 0.00000000,  0, 5.47274995, 0
-0.02072262, -0.07635698, 0.00000000,  0, 5.49245501, 0
-0.02086962, -0.07681852, 0.00000000,  0, 5.51166892, 0
-0.02101480, -0.07727010, 0.00000000,  0, 5.53018785, 0
-0.02115885, -0.07771513, 0.00000000,  0, 5.54839087, 0
-0.02129752, -0.07814594, 0.00000000,  0, 5.56663895, 0
-0.02142531, -0.07855136, 0.00000000,  0, 5.59248590, 0
-0.02162749, -0.07914399, 0.00000000,  0, 5.61996293, 0
-0.02178186, -0.07953695, 0.00000000,  0, 5.63712502, 0
-0.02186073, -0.07972960, 0.00000000,  0, 5.65494204, 0
-0.02202322, -0.08010236, 0.00000000,  0, 5.67577004, 0
-0.02218054, -0.08046285, 0.00000000,  0, 5.69605994, 0
-0.02233350, -0.08080259, 0.00000000,  0, 5.71283793, 0
-0.02248373, -0.08112822, 0.00000000,  0, 5.72959185, 0
-0.02263189, -0.08144277, 0.00000000,  0, 5.75554490, 0
-0.02286319, -0.08190028, 0.00000000,  0, 5.78334093, 0
-0.02301590, -0.08220910, 0.00000000,  0, 5.80424690, 0
-0.02316478, -0.08253803, 0.00000000,  0, 5.82200193, 0
-0.02331094, -0.08288484, 0.00000000,  0, 5.83938384, 0
-0.02346589, -0.08324658, 0.00000000,  0, 5.86181903, 0
-0.02360952, -0.08363926, 0.00000000,  0, 5.88262701, 0
-0.02374231, -0.08404775, 0.00000000,  0, 5.90183496, 0
-0.02380632, -0.08425413, 0.00000000,  0, 5.91905904, 0
-0.02393146, -0.08469758, 0.00000000,  0, 5.93894887, 0
-0.02409961, -0.08535117, 0.00000000,  0, 5.96298003, 0
-0.02415390, -0.08557126, 0.00000000,  0, 5.97900200, 0
-0.02425818, -0.08601541, 0.00000000,  0, 5.99819589, 0
-0.02435933, -0.08644471, 0.00000000,  0, 6.01748681, 0
-0.02445811, -0.08685237, 0.00000000,  0, 6.03687096, 0
-0.02455493, -0.08724171, 0.00000000,  0, 6.05718803, 0
-0.02460288, -0.08743201, 0.00000000,  0, 6.07220483, 0
-0.02469763, -0.08780141, 0.00000000,  0, 6.08748102, 0
-0.02474969, -0.08798007, 0.00000000,  0, 6.10320282, 0
-0.02485699, -0.08833855, 0.00000000,  0, 6.11983895, 0
-0.02496703, -0.08869512, 0.00000000,  0, 6.13624883, 0
-0.02507815, -0.08904699, 0.00000000,  0, 6.16383600, 0
-0.02527413, -0.08957251, 0.00000000,  0, 6.19135785, 0
-0.02541922, -0.08991537, 0.00000000,  0, 6.21191001, 0
-0.02556748, -0.09024754, 0.00000000,  0, 6.22927690, 0
-0.02578595, -0.09072140, 0.00000000,  0, 6.25991797, 0
-0.02600120, -0.09117354, 0.00000000,  0, 6.28848100, 0
-0.02607241, -0.09132083, 0.00000000,  0, 6.30527687, 0
-0.02621469, -0.09159834, 0.00000000,  0, 6.32244897, 0
-0.02635613, -0.09184792, 0.00000000,  0, 6.34440088, 0
-0.02649701, -0.09206970, 0.00000000,  0, 6.36658382, 0
-0.02663280, -0.09227202, 0.00000000,  0, 6.38446283, 0
-0.02675853, -0.09245700, 0.00000000,  0, 6.40433192, 0
-0.02693376, -0.09272016, 0.00000000,  0, 6.43641090, 0
-0.02709887, -0.09300993, 0.00000000,  0, 6.46819401, 0
-0.02732242, -0.09345879, 0.00000000,  0, 6.50130582, 0
-0.02749557, -0.09391149, 0.00000000,  0, 6.53484488, 0
-0.02759092, -0.09421270, 0.00000000,  0, 6.55889988, 0
-0.02767542, -0.09453265, 0.00000000,  0, 6.58073401, 0
-0.02775064, -0.09486362, 0.00000000,  0, 6.60045099, 0
-0.02781884, -0.09520195, 0.00000000,  0, 6.61797404, 0
-0.02788144, -0.09554716, 0.00000000,  0, 6.63763881, 0
-0.02793941, -0.09589587, 0.00000000,  0, 6.65777802, 0
-0.02799381, -0.09623908, 0.00000000,  0, 6.68221593, 0
-0.02804541, -0.09656755, 0.00000000,  0, 6.70034885, 0
-0.02809482, -0.09689371, 0.00000000,  0, 6.72062182, 0
-0.02812217, -0.09705684, 0.00000000,  0, 6.73456788, 0
-0.02818196, -0.09738093, 0.00000000,  0, 6.75123501, 0
-0.02824945, -0.09770425, 0.00000000,  0, 6.77146196, 0
-0.02833098, -0.09802752, 0.00000000,  0, 6.79017186, 0
-0.02843618, -0.09836185, 0.00000000,  0, 6.81036901, 0
-0.02855822, -0.09869193, 0.00000000,  0, 6.83241391, 0
-0.02868467, -0.09902080, 0.00000000,  0, 6.85269403, 0
-0.02887896, -0.09949427, 0.00000000,  0, 6.88524699, 0
-0.02907763, -0.09994107, 0.00000000,  0, 6.91773295, 0
-0.02934175, -0.10046748, 0.00000000,  0, 6.95013285, 0
-0.02952247, -0.10081813, 0.00000000,  0, 6.98234892, 0
-0.02968985, -0.10112605, 0.00000000,  0, 7.01136398, 0
-0.02979464, -0.10131144, 0.00000000,  0, 7.04098701, 0
-0.02996782, -0.10163635, 0.00000000,  0, 7.07440281, 0
-0.03007398, -0.10185805, 0.00000000,  0, 7.10701299, 0
-0.03016831, -0.10209887, 0.00000000,  0, 7.13978195, 0
-0.03025335, -0.10239052, 0.00000000,  0, 7.17267704, 0
-0.03033678, -0.10269272, 0.00000000,  0, 7.19822788, 0
-0.03039616, -0.10291183, 0.00000000,  0, 7.21568394, 0
-0.03045191, -0.10315058, 0.00000000,  0, 7.23482203, 0
-0.03050498, -0.10341430, 0.00000000,  0, 7.25456882, 0
-0.03053048, -0.10355596, 0.00000000,  0, 7.27432084, 0
-0.03058035, -0.10385109, 0.00000000,  0, 7.29359102, 0
-0.03063476, -0.10416332, 0.00000000,  0, 7.30980682, 0
-0.03069126, -0.10448237, 0.00000000,  0, 7.32564187, 0
-0.03074902, -0.10480221, 0.00000000,  0, 7.35115004, 0
-0.03081035, -0.10512237, 0.00000000,  0, 7.37065983, 0
-0.03087047, -0.10543514, 0.00000000,  0, 7.38954997, 0
-0.03093570, -0.10572370, 0.00000000,  0, 7.40828490, 0
-0.03099578, -0.10599713, 0.00000000,  0, 7.42931390, 0
-0.03105232, -0.10625091, 0.00000000,  0, 7.45697904, 0
-0.03113555, -0.10660460, 0.00000000,  0, 7.48411584, 0
-0.03119996, -0.10683845, 0.00000000,  0, 7.50294995, 0
-0.03126974, -0.10707324, 0.00000000,  0, 7.52126503, 0
-0.03134621, -0.10731764, 0.00000000,  0, 7.53888702, 0
-0.03143564, -0.10756726, 0.00000000,  0, 7.56158781, 0
-0.03153571, -0.10782122, 0.00000000,  0, 7.58441281, 0
-0.03164468, -0.10806967, 0.00000000,  0, 7.60274386, 0
-0.03170222, -0.10819143, 0.00000000,  0, 7.61756587, 0
-0.03188070, -0.10855267, 0.00000000,  0, 7.64033484, 0
-0.03194270, -0.10867136, 0.00000000,  0, 7.65850687, 0
-0.03206715, -0.10890727, 0.00000000,  0, 7.67598701, 0
-0.03218453, -0.10913962, 0.00000000,  0, 7.69601703, 0
-0.03229698, -0.10936094, 0.00000000,  0, 7.72017694, 0
-0.03241582, -0.10958391, 0.00000000,  0, 7.73930693, 0
-0.03252937, -0.10978898, 0.00000000,  0, 7.75668192, 0
-0.03263863, -0.10998674, 0.00000000,  0, 7.77450895, 0
-0.03274439, -0.11018750, 0.00000000,  0, 7.79537702, 0
-0.03284382, -0.11039228, 0.00000000,  0, 7.81629300, 0
-0.03293495, -0.11060906, 0.00000000,  0, 7.83304000, 0
-0.03298032, -0.11072168, 0.00000000,  0, 7.85109401, 0
-0.03306056, -0.11094512, 0.00000000,  0, 7.87027383, 0
-0.03317887, -0.11131716, 0.00000000,  0, 7.89794803, 0
-0.03323879, -0.11158839, 0.00000000,  0, 7.92063093, 0
-0.03328669, -0.11189035, 0.00000000,  0, 7.93797493, 0
-0.03333768, -0.11224770, 0.00000000,  0, 7.95827889, 0
-0.03336056, -0.11241573, 0.00000000,  0, 7.97578001, 0
-0.03340595, -0.11276241, 0.00000000,  0, 7.99646401, 0
-0.03345121, -0.11312296, 0.00000000,  0, 8.01519990, 0
-0.03349569, -0.11348380, 0.00000000,  0, 8.03349400, 0
-0.03353975, -0.11384671, 0.00000000,  0, 8.05512190, 0
-0.03358571, -0.11420927, 0.00000000,  0, 8.07247686, 0
-0.03363997, -0.11456479, 0.00000000,  0, 8.08964896, 0
-0.03369210, -0.11491495, 0.00000000,  0, 8.11515689, 0
-0.03377739, -0.11541059, 0.00000000,  0, 8.14423704, 0
-0.03388682, -0.11587195, 0.00000000,  0, 8.17289591, 0
-0.03398638, -0.11627681, 0.00000000,  0, 8.20154190, 0
-0.03403781, -0.11650332, 0.00000000,  0, 8.22298193, 0
-0.03408748, -0.11671017, 0.00000000,  0, 8.24267197, 0
-0.03411173, -0.11681085, 0.00000000,  0, 8.25939703, 0
-0.03416527, -0.11701513, 0.00000000,  0, 8.28049088, 0
-0.03422697, -0.11721860, 0.00000000,  0, 8.29809093, 0
-0.03429501, -0.11742127, 0.00000000,  0, 8.31775999, 0
-0.03436894, -0.11762985, 0.00000000,  0, 8.33457589, 0
-0.03441234, -0.11774036, 0.00000000,  0, 8.35117888, 0
-0.03456874, -0.11808663, 0.00000000,  0, 8.37661695, 0
-0.03474704, -0.11843475, 0.00000000,  0, 8.40547085, 0
-0.03487089, -0.11866068, 0.00000000,  0, 8.43393683, 0
-0.03506382, -0.11898200, 0.00000000,  0, 8.45540404, 0
-0.03512612, -0.11908144, 0.00000000,  0, 8.47355604, 0
-0.03524883, -0.11927086, 0.00000000,  0, 8.49350190, 0
-0.03543351, -0.11953229, 0.00000000,  0, 8.51549101, 0
-0.03554873, -0.11968880, 0.00000000,  0, 8.53573799, 0
-0.03566437, -0.11983666, 0.00000000,  0, 8.56001902, 0
-0.03582350, -0.12001591, 0.00000000,  0, 8.59302402, 0
-0.03597354, -0.12015245, 0.00000000,  0, 8.62226582, 0
-0.03606077, -0.12021829, 0.00000000,  0, 8.63862491, 0
-0.03610025, -0.12024342, 0.00000000,  0, 8.65566301, 0
-0.03616781, -0.12028464, 0.00000000,  0, 8.67406201, 0
-0.03622080, -0.12031433, 0.00000000,  0, 8.69001603, 0
-0.03625675, -0.12033443, 0.00000000,  0, 8.71493101, 0
-0.03626843, -0.12034220, 0.00000000,  0, 8.74730802, 0
-0.03624484, -0.12034796, 0.00000000,  0, 8.78021598, 0
-0.03618681, -0.12037998, 0.00000000,  0, 8.81350899, 0
-0.03609762, -0.12046999, 0.00000000,  0, 8.84426403, 0
-0.03602739, -0.12056210, 0.00000000,  0, 8.86289096, 0
-0.03595089, -0.12068516, 0.00000000,  0, 8.88310790, 0
-0.03586861, -0.12084137, 0.00000000,  0, 8.90704489, 0
-0.03578213, -0.12102403, 0.00000000,  0, 8.92789483, 0
-0.03569259, -0.12123691, 0.00000000,  0, 8.95073795, 0
-0.03561096, -0.12148506, 0.00000000,  0, 8.96950388, 0
-0.03553467, -0.12177933, 0.00000000,  0, 8.98755288, 0
-0.03547207, -0.12210202, 0.00000000,  0, 9.00948000, 0
-0.03541328, -0.12245355, 0.00000000,  0, 9.02792096, 0
-0.03536278, -0.12283866, 0.00000000,  0, 9.04625583, 0
-0.03532789, -0.12325846, 0.00000000,  0, 9.06473494, 0
-0.03530955, -0.12372177, 0.00000000,  0, 9.08684802, 0
-0.03530397, -0.12421610, 0.00000000,  0, 9.10565901, 0
-0.03530920, -0.12473367, 0.00000000,  0, 9.12569189, 0
-0.03532253, -0.12526560, 0.00000000,  0, 9.14715195, 0
-0.03534378, -0.12579435, 0.00000000,  0, 9.16723800, 0
-0.03536171, -0.12605429, 0.00000000,  0, 9.18598294, 0
-0.03539874, -0.12656295, 0.00000000,  0, 9.20389104, 0
-0.03543766, -0.12704673, 0.00000000,  0, 9.22156787, 0
-0.03547798, -0.12751015, 0.00000000,  0, 9.24036002, 0
-0.03551969, -0.12795726, 0.00000000,  0, 9.26258492, 0
-0.03558521, -0.12860006, 0.00000000,  0, 9.29000092, 0
-0.03560875, -0.12879800, 0.00000000,  0, 9.31744599, 0
-0.03571588, -0.12956464, 0.00000000,  0, 9.34282494, 0
-0.03573617, -0.12976058, 0.00000000,  0, 9.35871291, 0
-0.03577733, -0.13016210, 0.00000000,  0, 9.37451792, 0
-0.03581552, -0.13057621, 0.00000000,  0, 9.40086889, 0
-0.03585980, -0.13126100, 0.00000000,  0, 9.42733002, 0
-0.03588778, -0.13171088, 0.00000000,  0, 9.44882393, 0
-0.03592788, -0.13216664, 0.00000000,  0, 9.47012591, 0
-0.03600621, -0.13284341, 0.00000000,  0, 9.49690795, 0
-0.03609435, -0.13353772, 0.00000000,  0, 9.52585483, 0
-0.03616892, -0.13402404, 0.00000000,  0, 9.55470204, 0
-0.03629864, -0.13483914, 0.00000000,  0, 9.58294797, 0
-0.03641195, -0.13557160, 0.00000000,  0, 9.61152601, 0
-0.03649095, -0.13605245, 0.00000000,  0, 9.63376093, 0
-0.03657450, -0.13652091, 0.00000000,  0, 9.65495992, 0
-0.03667042, -0.13698066, 0.00000000,  0, 9.67727900, 0
-0.03679887, -0.13766950, 0.00000000,  0, 9.70287085, 0
-0.03692144, -0.13836183, 0.00000000,  0, 9.73117185, 0
-0.03699400, -0.13883041, 0.00000000,  0, 9.75166488, 0
-0.03705324, -0.13930543, 0.00000000,  0, 9.77381396, 0
-0.03710027, -0.13979719, 0.00000000,  0, 9.79597282, 0
-0.03713684, -0.14030262, 0.00000000,  0, 9.81926703, 0
-0.03716507, -0.14082215, 0.00000000,  0, 9.84049201, 0
-0.03718387, -0.14134975, 0.00000000,  0, 9.86108184, 0
-0.03720165, -0.14215844, 0.00000000,  0, 9.88630390, 0
-0.03721486, -0.14269657, 0.00000000,  0, 9.90835595, 0
-0.03722459, -0.14323733, 0.00000000,  0, 9.92999792, 0
-0.03724176, -0.14378298, 0.00000000,  0, 9.94774294, 0
-0.03727586, -0.14433762, 0.00000000,  0, 9.96469784, 0
-0.03729698, -0.14461935, 0.00000000,  0, 9.98250294, 0
-0.03733984, -0.14516336, 0.00000000,  0, 10.00330782, 0
-0.03737524, -0.14568416, 0.00000000,  0, 10.02365494, 0
-0.03741009, -0.14618452, 0.00000000,  0, 10.03935289, 0
-0.03744706, -0.14666763, 0.00000000,  0, 10.05584598, 0
-0.03749499, -0.14714829, 0.00000000,  0, 10.07830882, 0
-0.03755493, -0.14761868, 0.00000000,  0, 10.09612203, 0
-0.03761194, -0.14806121, 0.00000000,  0, 10.11618996, 0
-0.03766484, -0.14849013, 0.00000000,  0, 10.13946104, 0
-0.03770589, -0.14890880, 0.00000000,  0, 10.16064000, 0
-0.03773748, -0.14932726, 0.00000000,  0, 10.18538189, 0
-0.03776223, -0.14975680, 0.00000000,  0, 10.20487285, 0
-0.03778093, -0.15017307, 0.00000000,  0, 10.22612500, 0
-0.03780079, -0.15079465, 0.00000000,  0, 10.24868202, 0
-0.03781303, -0.15121081, 0.00000000,  0, 10.26882982, 0
-0.03782203, -0.15141864, 0.00000000,  0, 10.28570199, 0
-0.03784418, -0.15206773, 0.00000000,  0, 10.30868292, 0
-0.03785454, -0.15228559, 0.00000000,  0, 10.32544303, 0
-0.03787235, -0.15272234, 0.00000000,  0, 10.34162688, 0
-0.03788007, -0.15294234, 0.00000000,  0, 10.35770392, 0
-0.03790162, -0.15337773, 0.00000000,  0, 10.37311387, 0
-0.03791940, -0.15382712, 0.00000000,  0, 10.39067888, 0
-0.03793212, -0.15405666, 0.00000000,  0, 10.40731502, 0
-0.03796868, -0.15452590, 0.00000000,  0, 10.42544198, 0
-0.03801623, -0.15500484, 0.00000000,  0, 10.44311786, 0
-0.03803986, -0.15524760, 0.00000000,  0, 10.45916891, 0
-0.03808692, -0.15572981, 0.00000000,  0, 10.47743797, 0
-0.03813390, -0.15620557, 0.00000000,  0, 10.50003982, 0
-0.03818472, -0.15667229, 0.00000000,  0, 10.51906586, 0
-0.03824167, -0.15712893, 0.00000000,  0, 10.53936386, 0
-0.03829632, -0.15758646, 0.00000000,  0, 10.55983996, 0
-0.03834928, -0.15804657, 0.00000000,  0, 10.57897091, 0
-0.03840202, -0.15852792, 0.00000000,  0, 10.59701204, 0
-0.03845263, -0.15899902, 0.00000000,  0, 10.61661696, 0
-0.03847759, -0.15924436, 0.00000000,  0, 10.63313484, 0
-0.03852330, -0.15973656, 0.00000000,  0, 10.65319300, 0
-0.03857345, -0.16049209, 0.00000000,  0, 10.67795992, 0
-0.03859758, -0.16101174, 0.00000000,  0, 10.69564486, 0
-0.03860932, -0.16127232, 0.00000000,  0, 10.71240497, 0
-0.03863654, -0.16179269, 0.00000000,  0, 10.73208904, 0
-0.03865727, -0.16232148, 0.00000000,  0, 10.75007391, 0
-0.03868347, -0.16284798, 0.00000000,  0, 10.76857400, 0
-0.03871340, -0.16338922, 0.00000000,  0, 10.78772092, 0
-0.03872963, -0.16366208, 0.00000000,  0, 10.80500603, 0
-0.03876594, -0.16421135, 0.00000000,  0, 10.82236195, 0
-0.03881435, -0.16476159, 0.00000000,  0, 10.84200191, 0
-0.03887277, -0.16530517, 0.00000000,  0, 10.86226988, 0
-0.03897469, -0.16608386, 0.00000000,  0, 10.89013791, 0
-0.03904931, -0.16656994, 0.00000000,  0, 10.91138482, 0
-0.03912797, -0.16702339, 0.00000000,  0, 10.92799687, 0
-0.03916878, -0.16723773, 0.00000000,  0, 10.94558001, 0
-0.03924551, -0.16765085, 0.00000000,  0, 10.96512604, 0
-0.03930937, -0.16804932, 0.00000000,  0, 10.98620701, 0
-0.03936531, -0.16844215, 0.00000000,  0, 11.00563097, 0
-0.03941900, -0.16883262, 0.00000000,  0, 11.02513981, 0
-0.03946476, -0.16922770, 0.00000000,  0, 11.04296994, 0
-0.03948998, -0.16963030, 0.00000000,  0, 11.06204391, 0
-0.03950133, -0.17004477, 0.00000000,  0, 11.08059192, 0
-0.03950964, -0.17046830, 0.00000000,  0, 11.10241604, 0
-0.03951541, -0.17090286, 0.00000000,  0, 11.12562299, 0
-0.03950872, -0.17135297, 0.00000000,  0, 11.14285183, 0
-0.03950283, -0.17182661, 0.00000000,  0, 11.16534591, 0
-0.03949755, -0.17231674, 0.00000000,  0, 11.18746996, 0
-0.03950877, -0.17283782, 0.00000000,  0, 11.20869589, 0
-0.03952993, -0.17337913, 0.00000000,  0, 11.23105192, 0
-0.03954345, -0.17393602, 0.00000000,  0, 11.24907589, 0
-0.03954937, -0.17450600, 0.00000000,  0, 11.26789188, 0
-0.03955351, -0.17507759, 0.00000000,  0, 11.28795886, 0
-0.03956020, -0.17564766, 0.00000000,  0, 11.30799389, 0
-0.03956843, -0.17648926, 0.00000000,  0, 11.33533192, 0
-0.03957754, -0.17733907, 0.00000000,  0, 11.36859584, 0
-0.03957309, -0.17792759, 0.00000000,  0, 11.39281082, 0
-0.03955854, -0.17853100, 0.00000000,  0, 11.41091299, 0
-0.03952279, -0.17943836, 0.00000000,  0, 11.43543386, 0
-0.03950832, -0.17974102, 0.00000000,  0, 11.45503092, 0
-0.03947569, -0.18035413, 0.00000000,  0, 11.47493982, 0
-0.03942145, -0.18127618, 0.00000000,  0, 11.49616098, 0
-0.03940650, -0.18157809, 0.00000000,  0, 11.51575398, 0
-0.03936783, -0.18247467, 0.00000000,  0, 11.53701782, 0
-0.03935776, -0.18277305, 0.00000000,  0, 11.55628300, 0
-0.03934281, -0.18337269, 0.00000000,  0, 11.57406092, 0
-0.03933859, -0.18397215, 0.00000000,  0, 11.59460187, 0
-0.03933488, -0.18457021, 0.00000000,  0, 11.61364293, 0
-0.03933155, -0.18516265, 0.00000000,  0, 11.63059902, 0
-0.03933006, -0.18545491, 0.00000000,  0, 11.64794302, 0
-0.03932724, -0.18603067, 0.00000000,  0, 11.66604495, 0
-0.03932920, -0.18659835, 0.00000000,  0, 11.68601203, 0
-0.03933068, -0.18744564, 0.00000000,  0, 11.70962882, 0
-0.03932654, -0.18800834, 0.00000000,  0, 11.73692083, 0
-0.03931526, -0.18856989, 0.00000000,  0, 11.75420690, 0
-0.03929653, -0.18913618, 0.00000000,  0, 11.77352285, 0
-0.03926527, -0.18971153, 0.00000000,  0, 11.79234886, 0
-0.03922918, -0.19029247, 0.00000000,  0, 11.81127286, 0
-0.03921375, -0.19058475, 0.00000000,  0, 11.82819891, 0
-0.03918856, -0.19117351, 0.00000000,  0, 11.84975982, 0
-0.03915910, -0.19206323, 0.00000000,  0, 11.87338781, 0
-0.03914408, -0.19263822, 0.00000000,  0, 11.89384484, 0
-0.03913795, -0.19292963, 0.00000000,  0, 11.91172791, 0
-0.03913128, -0.19352376, 0.00000000,  0, 11.92971683, 0
-0.03913210, -0.19413675, 0.00000000,  0, 11.94844103, 0
-0.03913251, -0.19475422, 0.00000000,  0, 11.96900582, 0
-0.03913263, -0.19536545, 0.00000000,  0, 11.98799396, 0
-0.03913461, -0.19596497, 0.00000000,  0, 12.00864482, 0
-0.03914486, -0.19654426, 0.00000000,  0, 12.02815485, 0
-0.03915283, -0.19709879, 0.00000000,  0, 12.04692698, 0
-0.03914836, -0.19762201, 0.00000000,  0, 12.06475401, 0
-0.03915018, -0.19787765, 0.00000000,  0, 12.08061600, 0
-0.03915930, -0.19838606, 0.00000000,  0, 12.10075188, 0
-0.03917422, -0.19889846, 0.00000000,  0, 12.11784697, 0
-0.03918035, -0.19915861, 0.00000000,  0, 12.13320804, 0
-0.03918294, -0.19967493, 0.00000000,  0, 12.15363693, 0
-0.03916874, -0.20019608, 0.00000000,  0, 12.17210984, 0
-0.03914269, -0.20071879, 0.00000000,  0, 12.19070482, 0
-0.03911637, -0.20124647, 0.00000000,  0, 12.20639992, 0
-0.03910487, -0.20151933, 0.00000000,  0, 12.22614193, 0
-0.03908629, -0.20206138, 0.00000000,  0, 12.24637890, 0
-0.03907127, -0.20261564, 0.00000000,  0, 12.26320696, 0
-0.03907326, -0.20320033, 0.00000000,  0, 12.28436089, 0
-0.03908867, -0.20380742, 0.00000000,  0, 12.30700397, 0
-0.03912280, -0.20472325, 0.00000000,  0, 12.32896304, 0
-0.03913734, -0.20502344, 0.00000000,  0, 12.34790683, 0
-0.03916883, -0.20561893, 0.00000000,  0, 12.36669087, 0
-0.03920099, -0.20620648, 0.00000000,  0, 12.38605785, 0
-0.03922649, -0.20679153, 0.00000000,  0, 12.40575290, 0
-0.03924572, -0.20739000, 0.00000000,  0, 12.42880702, 0
-0.03925051, -0.20799974, 0.00000000,  0, 12.44580698, 0
-0.03924355, -0.20862833, 0.00000000,  0, 12.46074700, 0
-0.03923612, -0.20894971, 0.00000000,  0, 12.47596288, 0
-0.03920522, -0.20992863, 0.00000000,  0, 12.50583792, 0
-0.03917718, -0.21057689, 0.00000000,  0, 12.52482796, 0
-0.03914452, -0.21122633, 0.00000000,  0, 12.54977989, 0
-0.03910321, -0.21188108, 0.00000000,  0, 12.56758904, 0
-0.03905485, -0.21255464, 0.00000000,  0, 12.58388495, 0
-0.03900136, -0.21324923, 0.00000000,  0, 12.60208583, 0
-0.03897153, -0.21359626, 0.00000000,  0, 12.62083387, 0
-0.03891379, -0.21429085, 0.00000000,  0, 12.63659286, 0
-0.03886601, -0.21496985, 0.00000000,  0, 12.65390491, 0
-0.03884513, -0.21530961, 0.00000000,  0, 12.67126894, 0
-0.03880990, -0.21599971, 0.00000000,  0, 12.69014692, 0
-0.03877160, -0.21668344, 0.00000000,  0, 12.70987988, 0
-0.03873084, -0.21737175, 0.00000000,  0, 12.72987103, 0
-0.03867883, -0.21807175, 0.00000000,  0, 12.74848390, 0
-0.03862617, -0.21876426, 0.00000000,  0, 12.76900887, 0
-0.03857430, -0.21944734, 0.00000000,  0, 12.78535700, 0
-0.03854837, -0.21978903, 0.00000000,  0, 12.80350804, 0
-0.03849762, -0.22046470, 0.00000000,  0, 12.82445288, 0
-0.03845769, -0.22113470, 0.00000000,  0, 12.84521484, 0
-0.03842564, -0.22180923, 0.00000000,  0, 12.86462688, 0
-0.03840597, -0.22286217, 0.00000000,  0, 12.88884902, 0
-0.03840879, -0.22356315, 0.00000000,  0, 12.90950990, 0
-0.03841941, -0.22426156, 0.00000000,  0, 12.93021202, 0
-0.03842895, -0.22495060, 0.00000000,  0, 12.94960284, 0
-0.03843776, -0.22528561, 0.00000000,  0, 12.96537089, 0
-0.03847090, -0.22627594, 0.00000000,  0, 12.98800993, 0
-0.03848082, -0.22659811, 0.00000000,  0, 13.00693989, 0
-0.03849521, -0.22724336, 0.00000000,  0, 13.02574492, 0
-0.03849298, -0.22788872, 0.00000000,  0, 13.04410386, 0
-0.03847231, -0.22853584, 0.00000000,  0, 13.06410289, 0
-0.03843567, -0.22918315, 0.00000000,  0, 13.08233285, 0
-0.03841093, -0.22951251, 0.00000000,  0, 13.09950185, 0
-0.03835686, -0.23017331, 0.00000000,  0, 13.11764789, 0
-0.03829336, -0.23083973, 0.00000000,  0, 13.13846684, 0
-0.03822591, -0.23150975, 0.00000000,  0, 13.15570593, 0
-0.03816268, -0.23218187, 0.00000000,  0, 13.17679691, 0
-0.03810238, -0.23286025, 0.00000000,  0, 13.19369888, 0
-0.03804444, -0.23354112, 0.00000000,  0, 13.21145082, 0
-0.03801646, -0.23387799, 0.00000000,  0, 13.23119593, 0
-0.03793408, -0.23487293, 0.00000000,  0, 13.25925589, 0
-0.03785701, -0.23583076, 0.00000000,  0, 13.28693199, 0
-0.03781529, -0.23645429, 0.00000000,  0, 13.31167984, 0
-0.03777083, -0.23706431, 0.00000000,  0, 13.32763600, 0
-0.03771525, -0.23767118, 0.00000000,  0, 13.34933281, 0
-0.03764033, -0.23828645, 0.00000000,  0, 13.37139201, 0
-0.03756029, -0.23890051, 0.00000000,  0, 13.39079285, 0
-0.03747701, -0.23951004, 0.00000000,  0, 13.40868402, 0
-0.03738242, -0.24012715, 0.00000000,  0, 13.43004203, 0
-0.03728506, -0.24074996, 0.00000000,  0, 13.44681501, 0
-0.03723806, -0.24106124, 0.00000000,  0, 13.46452284, 0
-0.03710699, -0.24199408, 0.00000000,  0, 13.48857093, 0
-0.03702179, -0.24263252, 0.00000000,  0, 13.51103401, 0
-0.03694058, -0.24328403, 0.00000000,  0, 13.52836299, 0
-0.03689879, -0.24360996, 0.00000000,  0, 13.54492903, 0
-0.03682054, -0.24426237, 0.00000000,  0, 13.56156588, 0
-0.03674924, -0.24489197, 0.00000000,  0, 13.58109093, 0
-0.03668332, -0.24550838, 0.00000000,  0, 13.60059786, 0
-0.03662094, -0.24611599, 0.00000000,  0, 13.61811900, 0
-0.03659063, -0.24641704, 0.00000000,  0, 13.63537693, 0
-0.03653278, -0.24701732, 0.00000000,  0, 13.65632081, 0
-0.03645657, -0.24763833, 0.00000000,  0, 13.67274690, 0
-0.03636671, -0.24827406, 0.00000000,  0, 13.69108200, 0
-0.03632041, -0.24860007, 0.00000000,  0, 13.70794082, 0
-0.03622511, -0.24926349, 0.00000000,  0, 13.72858691, 0
-0.03606935, -0.25027738, 0.00000000,  0, 13.74983692, 0
-0.03596744, -0.25096446, 0.00000000,  0, 13.77112603, 0
-0.03591686, -0.25130861, 0.00000000,  0, 13.78809690, 0
-0.03581637, -0.25201138, 0.00000000,  0, 13.80461383, 0
-0.03571671, -0.25273193, 0.00000000,  0, 13.82471085, 0
-0.03562607, -0.25346732, 0.00000000,  0, 13.84170198, 0
-0.03558187, -0.25383464, 0.00000000,  0, 13.85881400, 0
-0.03549297, -0.25456358, 0.00000000,  0, 13.87856197, 0
-0.03541312, -0.25526328, 0.00000000,  0, 13.89758182, 0
-0.03534048, -0.25594070, 0.00000000,  0, 13.91712594, 0
-0.03526294, -0.25661222, 0.00000000,  0, 13.94201183, 0
-0.03518207, -0.25726933, 0.00000000,  0, 13.96098185, 0
-0.03509025, -0.25792369, 0.00000000,  0, 13.97978282, 0
-0.03498723, -0.25857706, 0.00000000,  0, 13.99636698, 0
-0.03488231, -0.25922879, 0.00000000,  0, 14.01504683, 0
-0.03477931, -0.25987991, 0.00000000,  0, 14.03826404, 0
-0.03467775, -0.26053085, 0.00000000,  0, 14.05663586, 0
-0.03458174, -0.26117979, 0.00000000,  0, 14.07651997, 0
-0.03449292, -0.26183319, 0.00000000,  0, 14.09997392, 0
-0.03440266, -0.26250662, 0.00000000,  0, 14.12458897, 0
-0.03431334, -0.26319483, 0.00000000,  0, 14.14277887, 0
-0.03424323, -0.26389343, 0.00000000,  0, 14.16318083, 0
-0.03415183, -0.26494088, 0.00000000,  0, 14.18629289, 0
-0.03410216, -0.26563450, 0.00000000,  0, 14.21561694, 0
-0.03403601, -0.26665193, 0.00000000,  0, 14.23940897, 0
-0.03401846, -0.26698148, 0.00000000,  0, 14.25494885, 0
-0.03398989, -0.26762152, 0.00000000,  0, 14.27249098, 0
-0.03396807, -0.26825342, 0.00000000,  0, 14.29648304, 0
-0.03394140, -0.26886679, 0.00000000,  0, 14.31513286, 0
-0.03389015, -0.26976704, 0.00000000,  0, 14.33879590, 0
-0.03381413, -0.27065486, 0.00000000,  0, 14.37141085, 0
-0.03372059, -0.27153649, 0.00000000,  0, 14.40446782, 0
-0.03363141, -0.27240398, 0.00000000,  0, 14.43754482, 0
-0.03354759, -0.27327109, 0.00000000,  0, 14.46344781, 0
-0.03346830, -0.27416364, 0.00000000,  0, 14.49581790, 0
-0.03341710, -0.27476913, 0.00000000,  0, 14.51591182, 0
-0.03336620, -0.27537218, 0.00000000,  0, 14.53292584, 0
-0.03333620, -0.27566806, 0.00000000,  0, 14.54954004, 0
-0.03327729, -0.27625962, 0.00000000,  0, 14.56603885, 0
-0.03323437, -0.27669987, 0.00000000,  0, 14.58198404, 0
-0.03318022, -0.27726133, 0.00000000,  0, 14.59877181, 0
-0.03312771, -0.27781048, 0.00000000,  0, 14.61804295, 0
-0.03309710, -0.27807499, 0.00000000,  0, 14.63314390, 0
-0.03302762, -0.27860034, 0.00000000,  0, 14.65034199, 0
-0.03294307, -0.27912202, 0.00000000,  0, 14.67263794, 0
-0.03284435, -0.27964113, 0.00000000,  0, 14.69254804, 0
-0.03272738, -0.28016636, 0.00000000,  0, 14.71026802, 0
-0.03266000, -0.28045894, 0.00000000,  0, 14.72804594, 0
-0.03253462, -0.28099246, 0.00000000,  0, 14.74593592, 0
-0.03241178, -0.28152241, 0.00000000,  0, 14.76941895, 0
-0.03229449, -0.28205228, 0.00000000,  0, 14.78707004, 0
-0.03218201, -0.28258469, 0.00000000,  0, 14.80564284, 0
-0.03207616, -0.28313469, 0.00000000,  0, 14.82428002, 0
-0.03198048, -0.28370712, 0.00000000,  0, 14.84624600, 0
-0.03188508, -0.28428496, 0.00000000,  0, 14.86883497, 0
-0.03178966, -0.28486975, 0.00000000,  0, 14.88795686, 0
-0.03165272, -0.28575877, 0.00000000,  0, 14.91729188, 0
-0.03156780, -0.28634188, 0.00000000,  0, 14.93625283, 0
-0.03147994, -0.28692803, 0.00000000,  0, 14.95476794, 0
-0.03143578, -0.28722038, 0.00000000,  0, 14.97060084, 0
-0.03134674, -0.28781398, 0.00000000,  0, 14.99233484, 0
-0.03124994, -0.28842458, 0.00000000,  0, 15.01300097, 0
-0.03113874, -0.28910854, 0.00000000,  0, 15.02937698, 0
-0.03108890, -0.28941604, 0.00000000,  0, 15.04685402, 0
-0.03093556, -0.29035715, 0.00000000,  0, 15.07677484, 0
-0.03072502, -0.29159923, 0.00000000,  0, 15.11241388, 0
-0.03062607, -0.29222591, 0.00000000,  0, 15.13197899, 0
-0.03058108, -0.29254853, 0.00000000,  0, 15.14664793, 0
-0.03049062, -0.29320814, 0.00000000,  0, 15.16121697, 0
-0.03039268, -0.29388019, 0.00000000,  0, 15.18572497, 0
-0.03029127, -0.29455766, 0.00000000,  0, 15.20931196, 0
-0.03014214, -0.29556925, 0.00000000,  0, 15.23672891, 0
-0.03000844, -0.29658308, 0.00000000,  0, 15.26449490, 0
-0.02986759, -0.29757410, 0.00000000,  0, 15.29218483, 0
-0.02975559, -0.29823713, 0.00000000,  0, 15.31971383, 0
-0.02955969, -0.29923192, 0.00000000,  0, 15.34731603, 0
-0.02935325, -0.30021568, 0.00000000,  0, 15.37510991, 0
-0.02921074, -0.30086158, 0.00000000,  0, 15.39903402, 0
-0.02906046, -0.30149669, 0.00000000,  0, 15.41565800, 0
-0.02891163, -0.30212674, 0.00000000,  0, 15.43357587, 0
-0.02876483, -0.30276925, 0.00000000,  0, 15.45441699, 0
-0.02869713, -0.30310732, 0.00000000,  0, 15.47255397, 0
-0.02855767, -0.30378401, 0.00000000,  0, 15.49392104, 0
-0.02833740, -0.30480648, 0.00000000,  0, 15.51629782, 0
-0.02826430, -0.30514737, 0.00000000,  0, 15.53252888, 0
-0.02811962, -0.30582348, 0.00000000,  0, 15.54967284, 0
-0.02798539, -0.30650405, 0.00000000,  0, 15.57190394, 0
-0.02784982, -0.30717678, 0.00000000,  0, 15.59214997, 0
-0.02771285, -0.30785476, 0.00000000,  0, 15.61313581, 0
-0.02756453, -0.30853647, 0.00000000,  0, 15.63286090, 0
-0.02741674, -0.30922229, 0.00000000,  0, 15.65372300, 0
-0.02727051, -0.30990895, 0.00000000,  0, 15.67075896, 0
-0.02712523, -0.31059753, 0.00000000,  0, 15.68967485, 0
-0.02705270, -0.31094171, 0.00000000,  0, 15.70653200, 0
-0.02684266, -0.31194547, 0.00000000,  0, 15.73046899, 0
-0.02671371, -0.31259099, 0.00000000,  0, 15.75442481, 0
-0.02659628, -0.31323783, 0.00000000,  0, 15.77594304, 0
-0.02649372, -0.31390507, 0.00000000,  0, 15.79808784, 0
-0.02640312, -0.31457818, 0.00000000,  0, 15.81808281, 0
-0.02633227, -0.31526588, 0.00000000,  0, 15.83785081, 0
-0.02626765, -0.31594475, 0.00000000,  0, 15.85843587, 0
-0.02621856, -0.31660463, 0.00000000,  0, 15.87689996, 0
-0.02614712, -0.31755760, 0.00000000,  0, 15.90783882, 0
-0.02607771, -0.31849196, 0.00000000,  0, 15.94056082, 0
-0.02594088, -0.31974501, 0.00000000,  0, 15.97324896, 0
-0.02580274, -0.32069408, 0.00000000,  0, 16.00504303, 0
-0.02569738, -0.32133010, 0.00000000,  0, 16.02793097, 0
-0.02559383, -0.32195957, 0.00000000,  0, 16.05010295, 0
-0.02549266, -0.32258192, 0.00000000,  0, 16.07071090, 0
-0.02539337, -0.32320627, 0.00000000,  0, 16.08959603, 0
-0.02524681, -0.32416184, 0.00000000,  0, 16.12126493, 0
-0.02506529, -0.32541799, 0.00000000,  0, 16.15391302, 0
-0.02502600, -0.32572445, 0.00000000,  0, 16.17125201, 0
-0.02495530, -0.32633456, 0.00000000,  0, 16.19088697, 0
-0.02489805, -0.32695086, 0.00000000,  0, 16.20639181, 0
-0.02487082, -0.32725659, 0.00000000,  0, 16.22301102, 0
-0.02481134, -0.32786102, 0.00000000,  0, 16.24105597, 0
-0.02473337, -0.32845881, 0.00000000,  0, 16.25879192, 0
-0.02463776, -0.32905201, 0.00000000,  0, 16.28077388, 0
-0.02452889, -0.32964179, 0.00000000,  0, 16.30063796, 0
-0.02433804, -0.33054494, 0.00000000,  0, 16.32782793, 0
-0.02420986, -0.33111908, 0.00000000,  0, 16.34808993, 0
-0.02414479, -0.33140562, 0.00000000,  0, 16.36753297, 0
-0.02395184, -0.33225409, 0.00000000,  0, 16.39119482, 0
-0.02383124, -0.33282528, 0.00000000,  0, 16.41191697, 0
-0.02371658, -0.33341434, 0.00000000,  0, 16.43210196, 0
-0.02366083, -0.33371871, 0.00000000,  0, 16.44831491, 0
-0.02355301, -0.33433217, 0.00000000,  0, 16.46797204, 0
-0.02344822, -0.33495292, 0.00000000,  0, 16.48536801, 0
-0.02334578, -0.33557409, 0.00000000,  0, 16.50181389, 0
-0.02324559, -0.33618335, 0.00000000,  0, 16.52258897, 0
-0.02314699, -0.33678072, 0.00000000,  0, 16.54513001, 0
-0.02304937, -0.33736612, 0.00000000,  0, 16.56776190, 0
-0.02295206, -0.33794586, 0.00000000,  0, 16.58929396, 0
-0.02285410, -0.33852446, 0.00000000,  0, 16.60737491, 0
-0.02274697, -0.33910627, 0.00000000,  0, 16.62793183, 0
-0.02262210, -0.33969161, 0.00000000,  0, 16.64644504, 0
-0.02248347, -0.34027895, 0.00000000,  0, 16.66308498, 0
-0.02240833, -0.34057989, 0.00000000,  0, 16.67961502, 0
-0.02225790, -0.34118486, 0.00000000,  0, 16.69698691, 0
-0.02210628, -0.34178664, 0.00000000,  0, 16.71795988, 0
-0.02195242, -0.34238118, 0.00000000,  0, 16.73648500, 0
-0.02180949, -0.34295829, 0.00000000,  0, 16.75472999, 0
-0.02173833, -0.34324369, 0.00000000,  0, 16.77283192, 0
-0.02160165, -0.34381245, 0.00000000,  0, 16.79146695, 0
-0.02147994, -0.34438384, 0.00000000,  0, 16.81050992, 0
-0.02137420, -0.34495549, 0.00000000,  0, 16.83089685, 0
-0.02123888, -0.34578851, 0.00000000,  0, 16.86357999, 0
-0.02109759, -0.34681419, 0.00000000,  0, 16.89650297, 0
-0.02104835, -0.34728245, 0.00000000,  0, 16.92335200, 0
-0.02098344, -0.34794316, 0.00000000,  0, 16.95556903, 0
-0.02094027, -0.34837051, 0.00000000,  0, 16.97683191, 0
-0.02087884, -0.34881130, 0.00000000,  0, 16.99754286, 0
-0.02080986, -0.34925538, 0.00000000,  0, 17.01606894, 0
-0.02069799, -0.34995246, 0.00000000,  0, 17.04048896, 0
-0.02061894, -0.35043923, 0.00000000,  0, 17.05942082, 0
-0.02052655, -0.35093948, 0.00000000,  0, 17.07896090, 0
-0.02048015, -0.35119055, 0.00000000,  0, 17.09633493, 0
-0.02038755, -0.35169212, 0.00000000,  0, 17.11766100, 0
-0.02029524, -0.35219735, 0.00000000,  0, 17.13618302, 0
-0.02020294, -0.35272526, 0.00000000,  0, 17.15598488, 0
-0.02011090, -0.35327650, 0.00000000,  0, 17.17660499, 0
-0.02002953, -0.35384824, 0.00000000,  0, 17.19673586, 0
-0.01994586, -0.35443667, 0.00000000,  0, 17.21601796, 0
-0.01986013, -0.35504006, 0.00000000,  0, 17.23505092, 0
-0.01978160, -0.35563791, 0.00000000,  0, 17.25493383, 0
-0.01970282, -0.35621542, 0.00000000,  0, 17.27349186, 0
-0.01966237, -0.35649919, 0.00000000,  0, 17.29069591, 0
-0.01954258, -0.35733757, 0.00000000,  0, 17.31827784, 0
-0.01942799, -0.35816971, 0.00000000,  0, 17.34594083, 0
-0.01932782, -0.35872710, 0.00000000,  0, 17.36965084, 0
-0.01921813, -0.35928054, 0.00000000,  0, 17.38553500, 0
-0.01916128, -0.35955879, 0.00000000,  0, 17.40155888, 0
-0.01904250, -0.36012475, 0.00000000,  0, 17.42248797, 0
-0.01891901, -0.36069700, 0.00000000,  0, 17.44130182, 0
-0.01878165, -0.36128510, 0.00000000,  0, 17.45733190, 0
-0.01871787, -0.36157515, 0.00000000,  0, 17.47444081, 0
-0.01853337, -0.36244083, 0.00000000,  0, 17.49850702, 0
-0.01841002, -0.36302750, 0.00000000,  0, 17.51758695, 0
-0.01828264, -0.36362864, 0.00000000,  0, 17.53698587, 0
-0.01815555, -0.36425757, 0.00000000,  0, 17.56258702, 0
-0.01803709, -0.36487989, 0.00000000,  0, 17.58248401, 0
-0.01793190, -0.36548914, 0.00000000,  0, 17.60669684, 0
-0.01783400, -0.36608951, 0.00000000,  0, 17.62543488, 0
-0.01773963, -0.36667121, 0.00000000,  0, 17.64748001, 0
-0.01765652, -0.36723364, 0.00000000,  0, 17.66545081, 0
-0.01758145, -0.36777463, 0.00000000,  0, 17.68522596, 0
-0.01751315, -0.36829777, 0.00000000,  0, 17.70355201, 0
-0.01745028, -0.36881589, 0.00000000,  0, 17.72085786, 0
-0.01741105, -0.36907826, 0.00000000,  0, 17.73803592, 0
-0.01732987, -0.36960311, 0.00000000,  0, 17.75859594, 0
-0.01724672, -0.37012170, 0.00000000,  0, 17.77726698, 0
-0.01716179, -0.37063922, 0.00000000,  0, 17.79448581, 0
-0.01707526, -0.37116464, 0.00000000,  0, 17.81321788, 0
-0.01703140, -0.37143025, 0.00000000,  0, 17.82949281, 0
-0.01694312, -0.37196424, 0.00000000,  0, 17.84880996, 0
-0.01685437, -0.37249540, 0.00000000,  0, 17.86620092, 0
-0.01676261, -0.37303845, 0.00000000,  0, 17.88479495, 0
-0.01671762, -0.37330528, 0.00000000,  0, 17.90232301, 0
-0.01658430, -0.37411591, 0.00000000,  0, 17.92529893, 0
-0.01650299, -0.37468562, 0.00000000,  0, 17.94444799, 0
-0.01641997, -0.37525543, 0.00000000,  0, 17.96388102, 0
-0.01637759, -0.37553893, 0.00000000,  0, 17.98128104, 0
-0.01629741, -0.37609955, 0.00000000,  0, 17.99850392, 0
-0.01622564, -0.37664064, 0.00000000,  0, 18.02176785, 0
-0.01615937, -0.37716607, 0.00000000,  0, 18.04182601, 0
-0.01607680, -0.37792859, 0.00000000,  0, 18.06674385, 0
-0.01602975, -0.37840791, 0.00000000,  0, 18.09381485, 0
-0.01599023, -0.37886208, 0.00000000,  0, 18.11367488, 0
-0.01595412, -0.37929580, 0.00000000,  0, 18.13165188, 0
-0.01591637, -0.37972054, 0.00000000,  0, 18.14859581, 0
-0.01589719, -0.37993113, 0.00000000,  0, 18.16475201, 0
-0.01583779, -0.38036087, 0.00000000,  0, 18.18201685, 0
-0.01577086, -0.38078517, 0.00000000,  0, 18.20079088, 0
-0.01569088, -0.38122136, 0.00000000,  0, 18.22317100, 0
-0.01559815, -0.38166436, 0.00000000,  0, 18.24505901, 0
-0.01550201, -0.38210320, 0.00000000,  0, 18.26349783, 0
-0.01540596, -0.38254343, 0.00000000,  0, 18.28155899, 0
-0.01535848, -0.38276312, 0.00000000,  0, 18.29845881, 0
-0.01526340, -0.38319909, 0.00000000,  0, 18.31682301, 0
-0.01516918, -0.38362746, 0.00000000,  0, 18.33899784, 0
-0.01502793, -0.38426447, 0.00000000,  0, 18.36681604, 0
-0.01489325, -0.38490954, 0.00000000,  0, 18.39438391, 0
-0.01477774, -0.38559545, 0.00000000,  0, 18.42198396, 0
-0.01470659, -0.38607748, 0.00000000,  0, 18.44940591, 0
-0.01461391, -0.38674636, 0.00000000,  0, 18.47699785, 0
-0.01455826, -0.38717295, 0.00000000,  0, 18.50127482, 0
-0.01451428, -0.38758447, 0.00000000,  0, 18.52110696, 0
-0.01447044, -0.38798305, 0.00000000,  0, 18.54153085, 0
-0.01442661, -0.38835371, 0.00000000,  0, 18.56240487, 0
-0.01438270, -0.38870142, 0.00000000,  0, 18.58057904, 0
-0.01432920, -0.38904249, 0.00000000,  0, 18.60089087, 0
-0.01425997, -0.38938423, 0.00000000,  0, 18.61759996, 0
-0.01417662, -0.38973600, 0.00000000,  0, 18.63915896, 0
-0.01407995, -0.39010870, 0.00000000,  0, 18.66009283, 0
-0.01397436, -0.39049757, 0.00000000,  0, 18.68039894, 0
-0.01386624, -0.39090228, 0.00000000,  0, 18.70368481, 0
-0.01375716, -0.39132116, 0.00000000,  0, 18.72041297, 0
-0.01364482, -0.39175502, 0.00000000,  0, 18.74006391, 0
-0.01359015, -0.39197408, 0.00000000,  0, 18.75652099, 0
-0.01347516, -0.39242454, 0.00000000,  0, 18.77429891, 0
-0.01336214, -0.39288491, 0.00000000,  0, 18.79645991, 0
-0.01325340, -0.39334881, 0.00000000,  0, 18.81503201, 0
-0.01314766, -0.39381687, 0.00000000,  0, 18.83656001, 0
-0.01304483, -0.39429225, 0.00000000,  0, 18.85759091, 0
-0.01294379, -0.39477624, 0.00000000,  0, 18.87786984, 0
-0.01284465, -0.39526435, 0.00000000,  0, 18.89632797, 0
-0.01274843, -0.39575474, 0.00000000,  0, 18.91373086, 0
-0.01266228, -0.39623851, 0.00000000,  0, 18.93574595, 0
-0.01257480, -0.39671727, 0.00000000,  0, 18.95971298, 0
-0.01248642, -0.39717978, 0.00000000,  0, 18.97925282, 0
-0.01237246, -0.39785367, 0.00000000,  0, 19.00245285, 0
-0.01231273, -0.39828243, 0.00000000,  0, 19.03025889, 0
-0.01222951, -0.39886700, 0.00000000,  0, 19.05806804, 0
-0.01215117, -0.39938039, 0.00000000,  0, 19.08527398, 0
-0.01211136, -0.39968680, 0.00000000,  0, 19.10877895, 0
-0.01204825, -0.40013692, 0.00000000,  0, 19.13408184, 0
-0.01199363, -0.40044904, 0.00000000,  0, 19.16158199, 0
-0.01187753, -0.40093596, 0.00000000,  0, 19.18962383, 0
-0.01173497, -0.40143805, 0.00000000,  0, 19.21713686, 0
-0.01157035, -0.40195757, 0.00000000,  0, 19.24500704, 0
-0.01145269, -0.40231772, 0.00000000,  0, 19.27194381, 0
-0.01133043, -0.40267690, 0.00000000,  0, 19.29269981, 0
-0.01120521, -0.40303637, 0.00000000,  0, 19.31277490, 0
-0.01109713, -0.40338653, 0.00000000,  0, 19.33175182, 0
-0.01099209, -0.40372976, 0.00000000,  0, 19.35093999, 0
-0.01089929, -0.40405727, 0.00000000,  0, 19.36992693, 0
-0.01081655, -0.40438002, 0.00000000,  0, 19.38817692, 0
-0.01074230, -0.40470218, 0.00000000,  0, 19.40748000, 0
-0.01070971, -0.40486254, 0.00000000,  0, 19.42440486, 0
-0.01065613, -0.40518246, 0.00000000,  0, 19.44527483, 0
-0.01061527, -0.40551186, 0.00000000,  0, 19.46575904, 0
-0.01056661, -0.40601418, 0.00000000,  0, 19.48973203, 0
-0.01054948, -0.40618042, 0.00000000,  0, 19.50694084, 0
-0.01051335, -0.40650903, 0.00000000,  0, 19.52486897, 0
-0.01047239, -0.40699709, 0.00000000,  0, 19.54961801, 0
-0.01045334, -0.40732008, 0.00000000,  0, 19.57190394, 0
-0.01043917, -0.40764184, 0.00000000,  0, 19.58979392, 0
-0.01042904, -0.40796158, 0.00000000,  0, 19.61011600, 0
-0.01042053, -0.40812608, 0.00000000,  0, 19.62604499, 0
-0.01040195, -0.40845777, 0.00000000,  0, 19.64334798, 0
-0.01036996, -0.40880577, 0.00000000,  0, 19.66591692, 0
-0.01028757, -0.40937768, 0.00000000,  0, 19.69307590, 0
-0.01022340, -0.40978355, 0.00000000,  0, 19.71893597, 0
-0.01014625, -0.41021219, 0.00000000,  0, 19.73594093, 0
-0.01006119, -0.41065418, 0.00000000,  0, 19.75407004, 0
-0.00997134, -0.41110157, 0.00000000,  0, 19.77341199, 0
-0.00987352, -0.41155954, 0.00000000,  0, 19.79565287, 0
-0.00982506, -0.41178875, 0.00000000,  0, 19.81293392, 0
-0.00972860, -0.41224814, 0.00000000,  0, 19.83166981, 0
-0.00963912, -0.41271475, 0.00000000,  0, 19.85246181, 0
-0.00955318, -0.41319169, 0.00000000,  0, 19.86719990, 0
-0.00946556, -0.41368280, 0.00000000,  0, 19.88997388, 0
-0.00934177, -0.41445071, 0.00000000,  0, 19.91741490, 0
-0.00926934, -0.41498111, 0.00000000,  0, 19.94367099, 0
-0.00920296, -0.41550984, 0.00000000,  0, 19.95893502, 0
-0.00914126, -0.41603438, 0.00000000,  0, 19.98464489, 0
-0.00905435, -0.41681724, 0.00000000,  0, 20.01325703, 0
-0.00900023, -0.41732547, 0.00000000,  0, 20.03509998, 0
-0.00895771, -0.41783597, 0.00000000,  0, 20.05102897, 0
-0.00893685, -0.41808479, 0.00000000,  0, 20.06699204, 0
-0.00888232, -0.41880357, 0.00000000,  0, 20.09013391, 0
-0.00885631, -0.41926636, 0.00000000,  0, 20.10837293, 0
-0.00884337, -0.41949479, 0.00000000,  0, 20.12459803, 0
-0.00880438, -0.41994429, 0.00000000,  0, 20.14490294, 0
-0.00875356, -0.42039570, 0.00000000,  0, 20.16747594, 0
-0.00870404, -0.42084924, 0.00000000,  0, 20.18896794, 0
-0.00864471, -0.42139458, 0.00000000,  0, 20.20661402, 0
-0.00858639, -0.42184348, 0.00000000,  0, 20.22464800, 0
-0.00855828, -0.42206564, 0.00000000,  0, 20.24207187, 0
-0.00850357, -0.42250636, 0.00000000,  0, 20.25983286, 0
-0.00845102, -0.42294044, 0.00000000,  0, 20.27677584, 0
-0.00840007, -0.42337473, 0.00000000,  0, 20.29750896, 0
-0.00837516, -0.42359931, 0.00000000,  0, 20.31456804, 0
-0.00832604, -0.42406124, 0.00000000,  0, 20.33784294, 0
-0.00827089, -0.42460840, 0.00000000,  0, 20.35835600, 0
-0.00822355, -0.42509360, 0.00000000,  0, 20.37415695, 0
-0.00818172, -0.42558920, 0.00000000,  0, 20.39277792, 0
-0.00814526, -0.42609329, 0.00000000,  0, 20.41253185, 0
-0.00812635, -0.42634670, 0.00000000,  0, 20.43087387, 0
-0.00806966, -0.42711011, 0.00000000,  0, 20.45108795, 0
-0.00804101, -0.42761832, 0.00000000,  0, 20.47456193, 0
-0.00801919, -0.42812563, 0.00000000,  0, 20.49463487, 0
-0.00801100, -0.42837436, 0.00000000,  0, 20.51081896, 0
-0.00798008, -0.42911425, 0.00000000,  0, 20.53387594, 0
-0.00794313, -0.42960860, 0.00000000,  0, 20.55434704, 0
-0.00788662, -0.43010765, 0.00000000,  0, 20.57315087, 0
-0.00785644, -0.43035632, 0.00000000,  0, 20.59182787, 0
-0.00779768, -0.43084689, 0.00000000,  0, 20.61254382, 0
-0.00773176, -0.43134427, 0.00000000,  0, 20.62945485, 0
-0.00767052, -0.43183179, 0.00000000,  0, 20.64796996, 0
-0.00761261, -0.43231521, 0.00000000,  0, 20.66558790, 0
-0.00755737, -0.43278373, 0.00000000,  0, 20.68620300, 0
-0.00750412, -0.43325871, 0.00000000,  0, 20.70461202, 0
-0.00747831, -0.43349734, 0.00000000,  0, 20.72252488, 0
-0.00742738, -0.43398096, 0.00000000,  0, 20.74103594, 0
-0.00737815, -0.43447218, 0.00000000,  0, 20.75775385, 0
-0.00734019, -0.43497728, 0.00000000,  0, 20.77904892, 0
-0.00729554, -0.43573129, 0.00000000,  0, 20.81209683, 0
-0.00726030, -0.43624849, 0.00000000,  0, 20.83321285, 0
-0.00722711, -0.43672464, 0.00000000,  0, 20.84972095, 0
-0.00721381, -0.43696186, 0.00000000,  0, 20.86574793, 0
-0.00719172, -0.43743396, 0.00000000,  0, 20.88378286, 0
-0.00717487, -0.43789766, 0.00000000,  0, 20.90259385, 0
-0.00715649, -0.43835124, 0.00000000,  0, 20.92050290, 0
-0.00714578, -0.43857538, 0.00000000,  0, 20.93738985, 0
-0.00711948, -0.43901588, 0.00000000,  0, 20.95810199, 0
-0.00706686, -0.43965496, 0.00000000,  0, 20.98068285, 0
-0.00701011, -0.44008701, 0.00000000,  0, 21.00346184, 0
-0.00691579, -0.44074992, 0.00000000,  0, 21.03123903, 0
-0.00685205, -0.44119517, 0.00000000,  0, 21.05917192, 0
-0.00674518, -0.44187888, 0.00000000,  0, 21.08653784, 0
-0.00667647, -0.44234065, 0.00000000,  0, 21.11130190, 0
-0.00658130, -0.44303978, 0.00000000,  0, 21.13227582, 0
-0.00655187, -0.44328132, 0.00000000,  0, 21.15078688, 0
-0.00650065, -0.44377362, 0.00000000,  0, 21.16927290, 0
-0.00646137, -0.44427994, 0.00000000,  0, 21.18953204, 0
-0.00640744, -0.44505914, 0.00000000,  0, 21.21980596, 0
-0.00636906, -0.44558816, 0.00000000,  0, 21.24333596, 0
-0.00632919, -0.44612366, 0.00000000,  0, 21.26038194, 0
-0.00629600, -0.44665602, 0.00000000,  0, 21.27723098, 0
-0.00626991, -0.44717907, 0.00000000,  0, 21.29815483, 0
-0.00625005, -0.44769405, 0.00000000,  0, 21.31610990, 0
-0.00624143, -0.44795119, 0.00000000,  0, 21.33397484, 0
-0.00623870, -0.44844430, 0.00000000,  0, 21.35137582, 0
-0.00624638, -0.44893885, 0.00000000,  0, 21.36793995, 0
-0.00625529, -0.44941961, 0.00000000,  0, 21.38905787, 0
-0.00625556, -0.44989586, 0.00000000,  0, 21.41059589, 0
-0.00623994, -0.45037377, 0.00000000,  0, 21.43414402, 0
-0.00621451, -0.45084452, 0.00000000,  0, 21.45246100, 0
-0.00618424, -0.45131328, 0.00000000,  0, 21.46990681, 0
-0.00615114, -0.45177981, 0.00000000,  0, 21.48878002, 0
-0.00611532, -0.45224300, 0.00000000,  0, 21.50789785, 0
-0.00609650, -0.45247016, 0.00000000,  0, 21.52561903, 0
-0.00605024, -0.45292501, 0.00000000,  0, 21.54412699, 0
-0.00600735, -0.45336685, 0.00000000,  0, 21.56316304, 0
-0.00596798, -0.45379880, 0.00000000,  0, 21.58192182, 0
-0.00593229, -0.45422137, 0.00000000,  0, 21.59997797, 0
-0.00591693, -0.45442909, 0.00000000,  0, 21.61879587, 0
-0.00588931, -0.45487835, 0.00000000,  0, 21.63723898, 0
-0.00588144, -0.45527546, 0.00000000,  0, 21.65433383, 0
-0.00588570, -0.45566659, 0.00000000,  0, 21.67507601, 0
-0.00589971, -0.45606916, 0.00000000,  0, 21.69633698, 0
-0.00590948, -0.45627234, 0.00000000,  0, 21.71300101, 0
-0.00593413, -0.45667883, 0.00000000,  0, 21.73319292, 0
-0.00598690, -0.45727066, 0.00000000,  0, 21.75560999, 0
-0.00600983, -0.45746579, 0.00000000,  0, 21.77234888, 0
-0.00606697, -0.45785001, 0.00000000,  0, 21.79272103, 0
-0.00613289, -0.45822105, 0.00000000,  0, 21.81085896, 0
-0.00620554, -0.45858070, 0.00000000,  0, 21.83353281, 0
-0.00627678, -0.45892366, 0.00000000,  0, 21.85277390, 0
-0.00634387, -0.45925679, 0.00000000,  0, 21.87304282, 0
-0.00640805, -0.45958764, 0.00000000,  0, 21.89044690, 0
-0.00646949, -0.45991869, 0.00000000,  0, 21.91240692, 0
-0.00652871, -0.46026054, 0.00000000,  0, 21.93193793, 0
-0.00658438, -0.46061342, 0.00000000,  0, 21.95164204, 0
-0.00663011, -0.46096988, 0.00000000,  0, 21.97433090, 0
-0.00667627, -0.46133903, 0.00000000,  0, 21.99445581, 0
-0.00671309, -0.46172742, 0.00000000,  0, 22.01634884, 0
-0.00675287, -0.46211012, 0.00000000,  0, 22.03653693, 0
-0.00679479, -0.46249912, 0.00000000,  0, 22.05648589, 0
-0.00686094, -0.46309574, 0.00000000,  0, 22.07873392, 0
-0.00690851, -0.46350859, 0.00000000,  0, 22.10001993, 0
-0.00696680, -0.46393260, 0.00000000,  0, 22.12091494, 0
-0.00703361, -0.46437448, 0.00000000,  0, 22.14219999, 0
-0.00711810, -0.46483154, 0.00000000,  0, 22.16022182, 0
-0.00717008, -0.46506472, 0.00000000,  0, 22.17852092, 0
-0.00727938, -0.46553399, 0.00000000,  0, 22.19744086, 0
-0.00739692, -0.46599233, 0.00000000,  0, 22.21739483, 0
-0.00752142, -0.46644918, 0.00000000,  0, 22.23345494, 0
-0.00758614, -0.46667315, 0.00000000,  0, 22.24950600, 0
-0.00771772, -0.46710545, 0.00000000,  0, 22.26551104, 0
-0.00785318, -0.46751484, 0.00000000,  0, 22.28489995, 0
-0.00799124, -0.46790986, 0.00000000,  0, 22.30465698, 0
-0.00806098, -0.46810527, 0.00000000,  0, 22.32035899, 0
-0.00820158, -0.46849020, 0.00000000,  0, 22.33538699, 0
-0.00826920, -0.46868669, 0.00000000,  0, 22.35001397, 0
-0.00839948, -0.46909024, 0.00000000,  0, 22.37015200, 0
-0.00852368, -0.46950699, 0.00000000,  0, 22.39284086, 0
-0.00872437, -0.47019495, 0.00000000,  0, 22.41510797, 0
-0.00886388, -0.47068845, 0.00000000,  0, 22.43423486, 0
-0.00899821, -0.47119946, 0.00000000,  0, 22.45635581, 0
-0.00913693, -0.47170816, 0.00000000,  0, 22.47534895, 0
-0.00921151, -0.47195829, 0.00000000,  0, 22.49345088, 0
-0.00944789, -0.47270096, 0.00000000,  0, 22.51711392, 0
-0.00961499, -0.47319741, 0.00000000,  0, 22.53951383, 0
-0.00978799, -0.47369716, 0.00000000,  0, 22.56109190, 0
-0.00996579, -0.47420038, 0.00000000,  0, 22.58154202, 0
-0.01016353, -0.47469561, 0.00000000,  0, 22.59887099, 0
-0.01037273, -0.47519203, 0.00000000,  0, 22.61738396, 0
-0.01047990, -0.47543916, 0.00000000,  0, 22.63362098, 0
-0.01069882, -0.47592784, 0.00000000,  0, 22.64983082, 0
-0.01081040, -0.47616334, 0.00000000,  0, 22.66485286, 0
-0.01103050, -0.47662838, 0.00000000,  0, 22.68054104, 0
-0.01125411, -0.47708428, 0.00000000,  0, 22.69859481, 0
-0.01137079, -0.47730872, 0.00000000,  0, 22.71631598, 0
-0.01158874, -0.47774342, 0.00000000,  0, 22.73344302, 0
-0.01179228, -0.47816423, 0.00000000,  0, 22.74885988, 0
-0.01188760, -0.47837412, 0.00000000,  0, 22.76832700, 0
-0.01214200, -0.47901215, 0.00000000,  0, 22.79460001, 0
-0.01229862, -0.47943950, 0.00000000,  0, 22.81391501, 0
-0.01244830, -0.47987842, 0.00000000,  0, 22.83177900, 0
-0.01259045, -0.48033053, 0.00000000,  0, 22.85589981, 0
-0.01279608, -0.48101012, 0.00000000,  0, 22.88052583, 0
-0.01292921, -0.48146618, 0.00000000,  0, 22.90167403, 0
-0.01307061, -0.48191730, 0.00000000,  0, 22.92736888, 0
-0.01330025, -0.48259187, 0.00000000,  0, 22.95945883, 0
-0.01355064, -0.48325233, 0.00000000,  0, 22.99164391, 0
-0.01394571, -0.48413351, 0.00000000,  0, 23.02440691, 0
-0.01428281, -0.48479749, 0.00000000,  0, 23.05539393, 0
-0.01439625, -0.48501652, 0.00000000,  0, 23.07296801, 0
-0.01474255, -0.48568018, 0.00000000,  0, 23.09359002, 0
-0.01485887, -0.48589910, 0.00000000,  0, 23.11199188, 0
-0.01508467, -0.48632480, 0.00000000,  0, 23.12825704, 0
-0.01530353, -0.48674511, 0.00000000,  0, 23.15222692, 0
-0.01562032, -0.48737379, 0.00000000,  0, 23.17497301, 0
-0.01581593, -0.48781315, 0.00000000,  0, 23.19610500, 0
-0.01600994, -0.48827682, 0.00000000,  0, 23.21754003, 0
-0.01620325, -0.48875084, 0.00000000,  0, 23.23791885, 0
-0.01639687, -0.48923467, 0.00000000,  0, 23.25912881, 0
-0.01658897, -0.48971489, 0.00000000,  0, 23.27828193, 0
-0.01678044, -0.49018534, 0.00000000,  0, 23.29912782, 0
-0.01690823, -0.49049540, 0.00000000,  0, 23.31941891, 0
-0.01719444, -0.49118362, 0.00000000,  0, 23.34229589, 0
-0.01739132, -0.49163227, 0.00000000,  0, 23.36695504, 0
-0.01759590, -0.49207764, 0.00000000,  0, 23.38302088, 0
-0.01770044, -0.49230133, 0.00000000,  0, 23.39942694, 0
-0.01793351, -0.49276057, 0.00000000,  0, 23.42021585, 0
-0.01830781, -0.49345782, 0.00000000,  0, 23.44244885, 0
-0.01856336, -0.49391511, 0.00000000,  0, 23.46364594, 0
-0.01881540, -0.49435359, 0.00000000,  0, 23.48746586, 0
-0.01906444, -0.49477666, 0.00000000,  0, 23.50716496, 0
-0.01932192, -0.49518882, 0.00000000,  0, 23.52584386, 0
-0.01956570, -0.49559983, 0.00000000,  0, 23.54767990, 0
-0.01980745, -0.49601174, 0.00000000,  0, 23.56932497, 0
