0.00086335, -0.00391009, 0.00000000,  0, 0.00025511, 0
0.00094578, -0.00409649, 0.00000000,  0, 3.07464004, 0
0.00100256, -0.00421462, 0.00000000,  0, 3.11420918, 0
0.00106730, -0.00436440, 0.00000000,  0, 3.16671705, 0
0.00108457, -0.00447513, 0.00000000,  0, 3.20530009, 0
0.00108400, -0.00455431, 0.00000000,  0, 3.24437213, 0
0.00106322, -0.00458648, 0.00000000,  0, 3.28181100, 0
0.00102874, -0.00458914, 0.00000000,  0, 3.31879807, 0
0.00096123, -0.00457491, 0.00000000,  0, 3.35690117, 0
0.00088950, -0.00454769, 0.00000000,  0, 3.39539599, 0
0.00080866, -0.00452330, 0.00000000,  0, 3.43236113, 0
0.00069769, -0.00448388, 0.00000000,  0, 3.47212505, 0
0.00059127, -0.00442831, 0.00000000,  0, 3.52010798, 0
0.00050565, -0.00438534, 0.00000000,  0, 3.57802200, 0
0.00040146, -0.00441628, 0.00000000,  0, 3.61934114, 0
0.00026596, -0.00452456, 0.00000000,  0, 3.67313313, 0
0.00009255, -0.00475761, 0.00000000,  0, 3.72978401, 0
-0.00002563, -0.00493576, 0.00000000,  0, 3.76744819, 0
-0.00030875, -0.00527013, 0.00000000,  0, 3.80521607, 0
-0.00071150, -0.00569320, 0.00000000,  0, 3.84426999, 0
-0.00106892, -0.00605288, 0.00000000,  0, 3.87846208, 0
-0.00158773, -0.00655122, 0.00000000,  0, 3.91718817, 0
-0.00230118, -0.00717889, 0.00000000,  0, 3.96977115, 0
-0.00282521, -0.00763811, 0.00000000,  0, 4.00948000, 0
-0.00326338, -0.00803195, 0.00000000,  0, 4.04844999, 0
-0.00361199, -0.00833273, 0.00000000,  0, 4.08886719, 0
-0.00389289, -0.00857857, 0.00000000,  0, 4.12700415, 0
-0.00402375, -0.00870559, 0.00000000,  0, 4.16099000, 0
-0.00413768, -0.00883004, 0.00000000,  0, 4.20183110, 0
-0.00418737, -0.00890623, 0.00000000,  0, 4.24269319, 0
-0.00416870, -0.00893885, 0.00000000,  0, 4.28703308, 0
-0.00413996, -0.00895941, 0.00000000,  0, 4.32556915, 0
-0.00412824, -0.00903360, 0.00000000,  0, 4.36340213, 0
-0.00413151, -0.00911728, 0.00000000,  0, 4.39932919, 0
-0.00413862, -0.00925430, 0.00000000,  0, 4.43999910, 0
-0.00413318, -0.00942117, 0.00000000,  0, 4.47557616, 0
-0.00416285, -0.00964048, 0.00000000,  0, 4.51970410, 0
-0.00429522, -0.00996203, 0.00000000,  0, 4.56815410, 0
-0.00439187, -0.01030988, 0.00000000,  0, 4.60492015, 0
-0.00447804, -0.01062243, 0.00000000,  0, 4.64158916, 0
-0.00457481, -0.01109018, 0.00000000,  0, 4.68233013, 0
-0.00460344, -0.01154933, 0.00000000,  0, 4.72058201, 0
-0.00459435, -0.01182802, 0.00000000,  0, 4.75608206, 0
-0.00459916, -0.01212860, 0.00000000,  0, 4.79350901, 0
-0.00463641, -0.01234017, 0.00000000,  0, 4.83758616, 0
-0.00469542, -0.01245533, 0.00000000,  0, 4.87818813, 0
-0.00481803, -0.01255344, 0.00000000,  0, 4.92255998, 0
-0.00497490, -0.01263642, 0.00000000,  0, 4.96359801, 0
-0.00514276, -0.01268587, 0.00000000,  0, 4.99690700, 0
-0.00533275, -0.01276486, 0.00000000,  0, 5.03638101, 0
-0.00545262, -0.01290442, 0.00000000,  0, 5.07383609, 0
-0.00558118, -0.01314413, 0.00000000,  0, 5.12081814, 0
-0.00577763, -0.01345933, 0.00000000,  0, 5.16055703, 0
-0.00600314, -0.01382627, 0.00000000,  0, 5.20248914, 0
-0.00623524, -0.01425553, 0.00000000,  0, 5.24300313, 0
-0.00649770, -0.01473124, 0.00000000,  0, 5.28388405, 0
-0.00668724, -0.01508556, 0.00000000,  0, 5.32183909, 0
-0.00688872, -0.01552592, 0.00000000,  0, 5.36211705, 0
-0.00708641, -0.01606281, 0.00000000,  0, 5.41677308, 0
-0.00713420, -0.01627212, 0.00000000,  0, 5.45338202, 0
-0.00719323, -0.01652454, 0.00000000,  0, 5.48668814, 0
-0.00721721, -0.01669044, 0.00000000,  0, 5.52445006, 0
-0.00720651, -0.01691296, 0.00000000,  0, 5.56366205, 0
-0.00713756, -0.01719908, 0.00000000,  0, 5.60124016, 0
-0.00698147, -0.01755988, 0.00000000,  0, 5.64881206, 0
-0.00675234, -0.01811075, 0.00000000,  0, 5.69312310, 0
-0.00663996, -0.01862962, 0.00000000,  0, 5.73402500, 0
-0.00662150, -0.01923201, 0.00000000,  0, 5.77522707, 0
-0.00661662, -0.01981466, 0.00000000,  0, 5.81617618, 0
-0.00664612, -0.02023645, 0.00000000,  0, 5.85304499, 0
-0.00672223, -0.02074051, 0.00000000,  0, 5.89445019, 0
-0.00688381, -0.02120405, 0.00000000,  0, 5.94118810, 0
-0.00711351, -0.02150953, 0.00000000,  0, 5.98800611, 0
-0.00734776, -0.02174791, 0.00000000,  0, 6.04187012, 0
-0.00753468, -0.02192335, 0.00000000,  0, 6.08119702, 0
-0.00771564, -0.02212661, 0.00000000,  0, 6.11857700, 0
-0.00784424, -0.02228364, 0.00000000,  0, 6.15423203, 0
-0.00798177, -0.02251244, 0.00000000,  0, 6.19842720, 0
-0.00808407, -0.02283912, 0.00000000,  0, 6.24254704, 0
-0.00809543, -0.02304922, 0.00000000,  0, 6.28189898, 0
-0.00808295, -0.02347549, 0.00000000,  0, 6.32437611, 0
-0.00806517, -0.02379556, 0.00000000,  0, 6.35975218, 0
-0.00803296, -0.02433291, 0.00000000,  0, 6.39696908, 0
-0.00802292, -0.02483092, 0.00000000,  0, 6.43380213, 0
-0.00804456, -0.02551526, 0.00000000,  0, 6.47413898, 0
-0.00809262, -0.02620762, 0.00000000,  0, 6.51433420, 0
-0.00819315, -0.02705940, 0.00000000,  0, 6.55771613, 0
-0.00827291, -0.02754299, 0.00000000,  0, 6.59545016, 0
-0.00839006, -0.02815540, 0.00000000,  0, 6.63218498, 0
-0.00850819, -0.02869928, 0.00000000,  0, 6.67806506, 0
-0.00871516, -0.02933506, 0.00000000,  0, 6.73480415, 0
-0.00891600, -0.02975293, 0.00000000,  0, 6.77977109, 0
-0.00914038, -0.03017179, 0.00000000,  0, 6.82009101, 0
-0.00937489, -0.03063913, 0.00000000,  0, 6.85749507, 0
-0.00955987, -0.03100234, 0.00000000,  0, 6.89579511, 0
-0.00982131, -0.03148267, 0.00000000,  0, 6.93463612, 0
-0.01007455, -0.03194655, 0.00000000,  0, 6.97170115, 0
-0.01025608, -0.03234344, 0.00000000,  0, 7.00768399, 0
-0.01050741, -0.03294659, 0.00000000,  0, 7.04591918, 0
-0.01073874, -0.03366153, 0.00000000,  0, 7.08174706, 0
-0.01095446, -0.03441979, 0.00000000,  0, 7.12474513, 0
-0.01122843, -0.03539729, 0.00000000,  0, 7.17549801, 0
-0.01141954, -0.03614408, 0.00000000,  0, 7.21460319, 0
-0.01153848, -0.03668208, 0.00000000,  0, 7.25032902, 0
-0.01164975, -0.03744138, 0.00000000,  0, 7.29051399, 0
-0.01173863, -0.03818740, 0.00000000,  0, 7.32950020, 0
-0.01184357, -0.03890983, 0.00000000,  0, 7.36743307, 0
-0.01199919, -0.03982706, 0.00000000,  0, 7.41825509, 0
-0.01214451, -0.04057166, 0.00000000,  0, 7.46109200, 0
-0.01227610, -0.04130706, 0.00000000,  0, 7.49983597, 0
-0.01241096, -0.04204713, 0.00000000,  0, 7.53914499, 0
-0.01252107, -0.04259323, 0.00000000,  0, 7.57940197, 0
-0.01265966, -0.04330558, 0.00000000,  0, 7.61774516, 0
-0.01274670, -0.04388101, 0.00000000,  0, 7.65597105, 0
-0.01281019, -0.04425189, 0.00000000,  0, 7.69302201, 0
-0.01288704, -0.04468453, 0.00000000,  0, 7.73197103, 0
-0.01300808, -0.04508495, 0.00000000,  0, 7.77154398, 0
-0.01319494, -0.04551229, 0.00000000,  0, 7.80867004, 0
-0.01340146, -0.04590132, 0.00000000,  0, 7.84587908, 0
-0.01370389, -0.04646325, 0.00000000,  0, 7.88633299, 0
-0.01405157, -0.04703081, 0.00000000,  0, 7.92043209, 0
-0.01440560, -0.04761160, 0.00000000,  0, 7.96076608, 0
-0.01468743, -0.04811169, 0.00000000,  0, 7.99838901, 0
-0.01507319, -0.04882191, 0.00000000,  0, 8.03658319, 0
-0.01544561, -0.04960577, 0.00000000,  0, 8.07373214, 0
-0.01575311, -0.05038109, 0.00000000,  0, 8.11354899, 0
-0.01595261, -0.05094378, 0.00000000,  0, 8.15090513, 0
-0.01623198, -0.05172931, 0.00000000,  0, 8.19064808, 0
-0.01650120, -0.05255137, 0.00000000,  0, 8.22512007, 0
-0.01671508, -0.05321142, 0.00000000,  0, 8.26157212, 0
-0.01701267, -0.05405090, 0.00000000,  0, 8.29960704, 0
-0.01725924, -0.05468230, 0.00000000,  0, 8.33574510, 0
-0.01758257, -0.05547650, 0.00000000,  0, 8.37145019, 0
-0.01791930, -0.05629805, 0.00000000,  0, 8.41025805, 0
-0.01815983, -0.05690654, 0.00000000,  0, 8.44653511, 0
-0.01846619, -0.05771840, 0.00000000,  0, 8.48774505, 0
-0.01886706, -0.05887201, 0.00000000,  0, 8.54069710, 0
-0.01906564, -0.05937657, 0.00000000,  0, 8.57752109, 0
-0.01932799, -0.05997452, 0.00000000,  0, 8.61654615, 0
-0.01965347, -0.06051899, 0.00000000,  0, 8.65782714, 0
-0.02002314, -0.06102953, 0.00000000,  0, 8.69252706, 0
-0.02045359, -0.06153929, 0.00000000,  0, 8.73353314, 0
-0.02081329, -0.06193182, 0.00000000,  0, 8.77162910, 0
-0.02141773, -0.06259810, 0.00000000,  0, 8.81593299, 0
-0.02188459, -0.06313893, 0.00000000,  0, 8.85874605, 0
-0.02233184, -0.06369485, 0.00000000,  0, 8.89630318, 0
-0.02263980, -0.06408674, 0.00000000,  0, 8.93531513, 0
-0.02320822, -0.06488952, 0.00000000,  0, 8.99165320, 0
-0.02363594, -0.06575566, 0.00000000,  0, 9.05443311, 0
-0.02387473, -0.06632332, 0.00000000,  0, 9.09729910, 0
-0.02412142, -0.06687236, 0.00000000,  0, 9.13348508, 0
-0.02433532, -0.06730510, 0.00000000,  0, 9.16931415, 0
-0.02481798, -0.06812691, 0.00000000,  0, 9.21334314, 0
-0.02527522, -0.06880425, 0.00000000,  0, 9.25798202, 0
-0.02586813, -0.06964659, 0.00000000,  0, 9.30701113, 0
-0.02634104, -0.07034635, 0.00000000,  0, 9.34570312, 0
-0.02667014, -0.07087848, 0.00000000,  0, 9.37975597, 0
-0.02707106, -0.07160315, 0.00000000,  0, 9.41976404, 0
-0.02744513, -0.07235964, 0.00000000,  0, 9.45518017, 0
-0.02789041, -0.07325398, 0.00000000,  0, 9.51109314, 0
-0.02825467, -0.07397397, 0.00000000,  0, 9.54887700, 0
-0.02865642, -0.07467471, 0.00000000,  0, 9.58740115, 0
-0.02906315, -0.07537812, 0.00000000,  0, 9.62980199, 0
-0.02958353, -0.07642482, 0.00000000,  0, 9.69409704, 0
-0.02997999, -0.07740924, 0.00000000,  0, 9.75356507, 0
-0.03016063, -0.07797009, 0.00000000,  0, 9.79992914, 0
-0.03032111, -0.07849792, 0.00000000,  0, 9.83467603, 0
-0.03040284, -0.07883233, 0.00000000,  0, 9.86849999, 0
-0.03045317, -0.07921629, 0.00000000,  0, 9.90602398, 0
-0.03047343, -0.07950900, 0.00000000,  0, 9.95086718, 0
-0.03051536, -0.07985113, 0.00000000,  0, 9.99831104, 0
-0.03055766, -0.08013838, 0.00000000,  0, 10.03683615, 0
-0.03060030, -0.08037535, 0.00000000,  0, 10.07454801, 0
-0.03083365, -0.08095022, 0.00000000,  0, 10.12756705, 0
-0.03117665, -0.08146420, 0.00000000,  0, 10.17327404, 0
-0.03163215, -0.08204652, 0.00000000,  0, 10.21024799, 0
-0.03201686, -0.08250342, 0.00000000,  0, 10.24415302, 0
-0.03257453, -0.08313608, 0.00000000,  0, 10.27995515, 0
-0.03301032, -0.08359378, 0.00000000,  0, 10.31786299, 0
-0.03373422, -0.08434935, 0.00000000,  0, 10.36391115, 0
-0.03443274, -0.08504616, 0.00000000,  0, 10.41128397, 0
-0.03489964, -0.08551920, 0.00000000,  0, 10.46055818, 0
-0.03528844, -0.08596490, 0.00000000,  0, 10.49706221, 0
-0.03560719, -0.08640127, 0.00000000,  0, 10.54292297, 0
-0.03589425, -0.08682517, 0.00000000,  0, 10.57864809, 0
-0.03612287, -0.08710538, 0.00000000,  0, 10.61357212, 0
-0.03644378, -0.08746396, 0.00000000,  0, 10.65097404, 0
-0.03677009, -0.08783728, 0.00000000,  0, 10.69258809, 0
-0.03709939, -0.08822549, 0.00000000,  0, 10.73337603, 0
-0.03743905, -0.08862710, 0.00000000,  0, 10.77118015, 0
-0.03779183, -0.08903293, 0.00000000,  0, 10.81735611, 0
-0.03814247, -0.08940318, 0.00000000,  0, 10.85463619, 0
-0.03848403, -0.08973124, 0.00000000,  0, 10.89374518, 0
-0.03880349, -0.09002223, 0.00000000,  0, 10.93291998, 0
-0.03902220, -0.09018765, 0.00000000,  0, 10.97005606, 0
-0.03930080, -0.09038193, 0.00000000,  0, 11.00755811, 0
-0.03955630, -0.09056661, 0.00000000,  0, 11.04677701, 0
-0.03980024, -0.09082378, 0.00000000,  0, 11.08502007, 0
-0.04001485, -0.09110660, 0.00000000,  0, 11.12159204, 0
-0.04036210, -0.09155868, 0.00000000,  0, 11.15759206, 0
-0.04071649, -0.09205317, 0.00000000,  0, 11.19692397, 0
-0.04098470, -0.09243753, 0.00000000,  0, 11.23636317, 0
-0.04137685, -0.09301880, 0.00000000,  0, 11.27214813, 0
-0.04179715, -0.09363041, 0.00000000,  0, 11.31053901, 0
-0.04212452, -0.09409049, 0.00000000,  0, 11.34607506, 0
-0.04256546, -0.09468382, 0.00000000,  0, 11.38692999, 0
-0.04297319, -0.09523810, 0.00000000,  0, 11.42385101, 0
-0.04327449, -0.09559654, 0.00000000,  0, 11.45946002, 0
-0.04365723, -0.09596988, 0.00000000,  0, 11.49889016, 0
-0.04400027, -0.09627588, 0.00000000,  0, 11.54103112, 0
-0.04434632, -0.09655881, 0.00000000,  0, 11.57970905, 0
-0.04465352, -0.09684530, 0.00000000,  0, 11.61883402, 0
-0.04500193, -0.09723270, 0.00000000,  0, 11.66736603, 0
-0.04527278, -0.09753960, 0.00000000,  0, 11.72082210, 0
-0.04542143, -0.09772837, 0.00000000,  0, 11.76283312, 0
-0.04553566, -0.09783621, 0.00000000,  0, 11.80113912, 0
-0.04564459, -0.09784768, 0.00000000,  0, 11.84156704, 0
-0.04581732, -0.09779864, 0.00000000,  0, 11.87946510, 0
-0.04597297, -0.09773539, 0.00000000,  0, 11.91534305, 0
-0.04618018, -0.09759684, 0.00000000,  0, 11.95791006, 0
-0.04636195, -0.09743155, 0.00000000,  0, 11.99473000, 0
-0.04660587, -0.09733266, 0.00000000,  0, 12.03521299, 0
-0.04682119, -0.09729089, 0.00000000,  0, 12.07151103, 0
-0.04708535, -0.09720332, 0.00000000,  0, 12.10941505, 0
-0.04735309, -0.09713854, 0.00000000,  0, 12.14665008, 0
-0.04762540, -0.09711196, 0.00000000,  0, 12.18926215, 0
-0.04786535, -0.09717752, 0.00000000,  0, 12.22691512, 0
-0.04802574, -0.09724232, 0.00000000,  0, 12.26423717, 0
-0.04822195, -0.09733633, 0.00000000,  0, 12.30453205, 0
-0.04838491, -0.09744746, 0.00000000,  0, 12.34919810, 0
-0.04845122, -0.09753123, 0.00000000,  0, 12.38614297, 0
-0.04850467, -0.09765448, 0.00000000,  0, 12.42278910, 0
-0.04855781, -0.09770414, 0.00000000,  0, 12.45827699, 0
-0.04864409, -0.09773653, 0.00000000,  0, 12.49658799, 0
-0.04871304, -0.09779871, 0.00000000,  0, 12.53659916, 0
-0.04875092, -0.09790443, 0.00000000,  0, 12.57201719, 0
-0.04879814, -0.09803866, 0.00000000,  0, 12.61149716, 0
-0.04887711, -0.09813395, 0.00000000,  0, 12.65074706, 0
-0.04904974, -0.09826394, 0.00000000,  0, 12.69065499, 0
-0.04928095, -0.09846119, 0.00000000,  0, 12.73154497, 0
-0.04954853, -0.09869936, 0.00000000,  0, 12.77105618, 0
-0.04984662, -0.09902261, 0.00000000,  0, 12.80748916, 0
-0.05022749, -0.09944654, 0.00000000,  0, 12.84582305, 0
-0.05081565, -0.10001470, 0.00000000,  0, 12.89690018, 0
-0.05131957, -0.10040426, 0.00000000,  0, 12.94215298, 0
-0.05195073, -0.10088144, 0.00000000,  0, 12.99309516, 0
-0.05232534, -0.10116101, 0.00000000,  0, 13.02490616, 0
-0.05293137, -0.10146164, 0.00000000,  0, 13.07854700, 0
-0.05339909, -0.10157025, 0.00000000,  0, 13.12492204, 0
-0.05362626, -0.10153293, 0.00000000,  0, 13.16450310, 0
-0.05372956, -0.10145721, 0.00000000,  0, 13.20087910, 0
-0.05386044, -0.10114622, 0.00000000,  0, 13.26530600, 0
-0.05413980, -0.10080252, 0.00000000,  0, 13.33106709, 0
-0.05462743, -0.10048115, 0.00000000,  0, 13.38846898, 0
-0.05499751, -0.10032489, 0.00000000,  0, 13.43122411, 0
-0.05545612, -0.10021630, 0.00000000,  0, 13.47724319, 0
-0.05586976, -0.10018687, 0.00000000,  0, 13.51739597, 0
-0.05622268, -0.10019059, 0.00000000,  0, 13.55478001, 0
-0.05674281, -0.10022588, 0.00000000,  0, 13.59338808, 0
-0.05733312, -0.10032778, 0.00000000,  0, 13.63284302, 0
-0.05798854, -0.10050934, 0.00000000,  0, 13.67341304, 0
-0.05869448, -0.10078612, 0.00000000,  0, 13.71319413, 0
-0.05924273, -0.10104889, 0.00000000,  0, 13.74818611, 0
-0.05995997, -0.10142902, 0.00000000,  0, 13.78983903, 0
-0.06076987, -0.10192665, 0.00000000,  0, 13.83802509, 0
-0.06148057, -0.10240870, 0.00000000,  0, 13.89464402, 0
-0.06207390, -0.10292471, 0.00000000,  0, 13.93856502, 0
-0.06238596, -0.10324808, 0.00000000,  0, 13.97506905, 0
-0.06277134, -0.10366367, 0.00000000,  0, 14.01180911, 0
-0.06312000, -0.10405177, 0.00000000,  0, 14.04956913, 0
-0.06336827, -0.10430932, 0.00000000,  0, 14.08476710, 0
-0.06387145, -0.10473034, 0.00000000,  0, 14.14034510, 0
-0.06438691, -0.10505609, 0.00000000,  0, 14.20609212, 0
-0.06472481, -0.10522516, 0.00000000,  0, 14.24728799, 0
-0.06505077, -0.10536486, 0.00000000,  0, 14.28736901, 0
-0.06547484, -0.10550577, 0.00000000,  0, 14.34413004, 0
-0.06570961, -0.10555378, 0.00000000,  0, 14.38980603, 0
-0.06591169, -0.10556915, 0.00000000,  0, 14.42930007, 0
-0.06616304, -0.10560116, 0.00000000,  0, 14.46789598, 0
-0.06646602, -0.10560582, 0.00000000,  0, 14.51018810, 0
-0.06678676, -0.10560987, 0.00000000,  0, 14.54504919, 0
-0.06728198, -0.10562342, 0.00000000,  0, 14.58474708, 0
-0.06778561, -0.10562858, 0.00000000,  0, 14.62198305, 0
-0.06840645, -0.10568399, 0.00000000,  0, 14.67338610, 0
-0.06887592, -0.10575257, 0.00000000,  0, 14.71384406, 0
-0.06930896, -0.10584295, 0.00000000,  0, 14.75087905, 0
-0.06963145, -0.10594186, 0.00000000,  0, 14.78916597, 0
-0.07004642, -0.10613047, 0.00000000,  0, 14.82644916, 0
-0.07046067, -0.10642006, 0.00000000,  0, 14.86552310, 0
-0.07085687, -0.10681086, 0.00000000,  0, 14.90386510, 0
-0.07111783, -0.10713810, 0.00000000,  0, 14.94081616, 0
-0.07143772, -0.10761206, 0.00000000,  0, 14.97586107, 0
-0.07163962, -0.10796092, 0.00000000,  0, 15.01171207, 0
-0.07185401, -0.10838477, 0.00000000,  0, 15.05412006, 0
-0.07204254, -0.10876362, 0.00000000,  0, 15.09095907, 0
-0.07226299, -0.10913634, 0.00000000,  0, 15.13123107, 0
-0.07246432, -0.10944931, 0.00000000,  0, 15.17549109, 0
-0.07271826, -0.10977539, 0.00000000,  0, 15.24182510, 0
-0.07281025, -0.10982936, 0.00000000,  0, 15.29886317, 0
-0.07284491, -0.10979277, 0.00000000,  0, 15.33598113, 0
-0.07285921, -0.10973391, 0.00000000,  0, 15.37468314, 0
-0.07285979, -0.10966992, 0.00000000,  0, 15.41874218, 0
-0.07282403, -0.10954626, 0.00000000,  0, 15.46040797, 0
-0.07281698, -0.10942472, 0.00000000,  0, 15.50113106, 0
-0.07291796, -0.10934198, 0.00000000,  0, 15.56040597, 0
-0.07308380, -0.10933964, 0.00000000,  0, 15.60088515, 0
-0.07333405, -0.10939077, 0.00000000,  0, 15.64535713, 0
-0.07369564, -0.10950613, 0.00000000,  0, 15.68513203, 0
-0.07413606, -0.10970771, 0.00000000,  0, 15.72570920, 0
-0.07466754, -0.11001369, 0.00000000,  0, 15.76468611, 0
-0.07527020, -0.11033825, 0.00000000,  0, 15.80461121, 0
-0.07622922, -0.11079523, 0.00000000,  0, 15.86121011, 0
-0.07705629, -0.11120835, 0.00000000,  0, 15.92091513, 0
-0.07781908, -0.11168597, 0.00000000,  0, 15.96280718, 0
-0.07838643, -0.11210189, 0.00000000,  0, 16.00987506, 0
-0.07909034, -0.11261101, 0.00000000,  0, 16.05639815, 0
-0.07965833, -0.11297034, 0.00000000,  0, 16.09667015, 0
-0.08009311, -0.11324115, 0.00000000,  0, 16.13296700, 0
-0.08066823, -0.11359190, 0.00000000,  0, 16.17159605, 0
-0.08148593, -0.11411573, 0.00000000,  0, 16.22896004, 0
-0.08199788, -0.11443774, 0.00000000,  0, 16.27359009, 0
-0.08266306, -0.11482476, 0.00000000,  0, 16.32036400, 0
-0.08344739, -0.11522321, 0.00000000,  0, 16.36998010, 0
-0.08433658, -0.11562916, 0.00000000,  0, 16.42228603, 0
-0.08510725, -0.11599350, 0.00000000,  0, 16.46208405, 0
-0.08587905, -0.11639836, 0.00000000,  0, 16.50346398, 0
-0.08664659, -0.11686575, 0.00000000,  0, 16.54470921, 0
-0.08731725, -0.11737383, 0.00000000,  0, 16.58415508, 0
-0.08792948, -0.11791353, 0.00000000,  0, 16.63005519, 0
-0.08879734, -0.11883729, 0.00000000,  0, 16.68851709, 0
-0.08938622, -0.11947572, 0.00000000,  0, 16.72959399, 0
-0.08984114, -0.11990006, 0.00000000,  0, 16.76657200, 0
-0.09043954, -0.12039391, 0.00000000,  0, 16.80478311, 0
-0.09102040, -0.12081742, 0.00000000,  0, 16.84860420, 0
-0.09156309, -0.12118118, 0.00000000,  0, 16.88657904, 0
-0.09206682, -0.12148522, 0.00000000,  0, 16.92424917, 0
-0.09255693, -0.12179494, 0.00000000,  0, 16.96591306, 0
-0.09302423, -0.12211540, 0.00000000,  0, 17.00569916, 0
-0.09349293, -0.12245513, 0.00000000,  0, 17.04346204, 0
-0.09395830, -0.12280588, 0.00000000,  0, 17.08419704, 0
-0.09435559, -0.12313507, 0.00000000,  0, 17.12369514, 0
-0.09476358, -0.12345709, 0.00000000,  0, 17.17480302, 0
-0.09512298, -0.12373722, 0.00000000,  0, 17.22885299, 0
-0.09533579, -0.12388151, 0.00000000,  0, 17.26869416, 0
-0.09547085, -0.12397083, 0.00000000,  0, 17.30330420, 0
-0.09558079, -0.12405076, 0.00000000,  0, 17.34226298, 0
-0.09561237, -0.12411719, 0.00000000,  0, 17.38024616, 0
-0.09562338, -0.12419860, 0.00000000,  0, 17.42387104, 0
-0.09565214, -0.12434603, 0.00000000,  0, 17.46202517, 0
-0.09570149, -0.12454657, 0.00000000,  0, 17.50286603, 0
-0.09585927, -0.12479917, 0.00000000,  0, 17.54155016, 0
-0.09606522, -0.12502180, 0.00000000,  0, 17.58008718, 0
-0.09643103, -0.12535785, 0.00000000,  0, 17.61783004, 0
-0.09686975, -0.12572851, 0.00000000,  0, 17.65955305, 0
-0.09735585, -0.12614561, 0.00000000,  0, 17.70144916, 0
-0.09784276, -0.12659127, 0.00000000,  0, 17.74255800, 0
-0.09834021, -0.12710891, 0.00000000,  0, 17.78374219, 0
-0.09883479, -0.12765936, 0.00000000,  0, 17.82531619, 0
-0.09933667, -0.12825564, 0.00000000,  0, 17.86170411, 0
-0.09988939, -0.12903777, 0.00000000,  0, 17.90919399, 0
-0.10014974, -0.12945908, 0.00000000,  0, 17.94632506, 0
-0.10044146, -0.13003031, 0.00000000,  0, 17.99141407, 0
-0.10062385, -0.13037619, 0.00000000,  0, 18.03025818, 0
-0.10077786, -0.13059315, 0.00000000,  0, 18.06488705, 0
-0.10098910, -0.13084695, 0.00000000,  0, 18.10303116, 0
-0.10117992, -0.13100609, 0.00000000,  0, 18.14077520, 0
-0.10148690, -0.13122458, 0.00000000,  0, 18.17688417, 0
-0.10185528, -0.13146580, 0.00000000,  0, 18.21534705, 0
-0.10227895, -0.13171786, 0.00000000,  0, 18.25945520, 0
-0.10273492, -0.13197833, 0.00000000,  0, 18.29784918, 0
-0.10317876, -0.13227166, 0.00000000,  0, 18.34057212, 0
-0.10366216, -0.13266199, 0.00000000,  0, 18.37764812, 0
-0.10404173, -0.13301106, 0.00000000,  0, 18.41549015, 0
-0.10453651, -0.13351457, 0.00000000,  0, 18.45414114, 0
-0.10497874, -0.13406048, 0.00000000,  0, 18.49049616, 0
-0.10528600, -0.13449284, 0.00000000,  0, 18.52801800, 0
-0.10565591, -0.13503722, 0.00000000,  0, 18.56673598, 0
-0.10601434, -0.13556253, 0.00000000,  0, 18.60745907, 0
-0.10631121, -0.13603799, 0.00000000,  0, 18.64773703, 0
-0.10661975, -0.13646365, 0.00000000,  0, 18.68935204, 0
-0.10696408, -0.13684474, 0.00000000,  0, 18.72746301, 0
-0.10738395, -0.13720205, 0.00000000,  0, 18.76451397, 0
-0.10773443, -0.13747008, 0.00000000,  0, 18.80245805, 0
-0.10825459, -0.13783188, 0.00000000,  0, 18.84166002, 0
-0.10885238, -0.13822919, 0.00000000,  0, 18.88324308, 0
-0.10954190, -0.13869818, 0.00000000,  0, 18.92329812, 0
-0.11086564, -0.13978546, 0.00000000,  0, 18.98785400, 0
-0.11160028, -0.14046448, 0.00000000,  0, 19.02756500, 0
-0.11235521, -0.14120637, 0.00000000,  0, 19.07835507, 0
-0.11289057, -0.14175229, 0.00000000,  0, 19.11739802, 0
-0.11332629, -0.14219568, 0.00000000,  0, 19.15558505, 0
-0.11358970, -0.14245437, 0.00000000,  0, 19.19536901, 0
-0.11391258, -0.14272429, 0.00000000,  0, 19.23281407, 0
-0.11429081, -0.14297327, 0.00000000,  0, 19.27511811, 0
-0.11486366, -0.14330730, 0.00000000,  0, 19.32261419, 0
-0.11570977, -0.14386017, 0.00000000,  0, 19.37921405, 0
-0.11632513, -0.14429604, 0.00000000,  0, 19.42577004, 0
-0.11703854, -0.14482940, 0.00000000,  0, 19.46326399, 0
-0.11782740, -0.14545834, 0.00000000,  0, 19.50746608, 0
-0.11869191, -0.14619231, 0.00000000,  0, 19.54790115, 0
-0.11951982, -0.14700284, 0.00000000,  0, 19.58650208, 0
-0.12029968, -0.14785682, 0.00000000,  0, 19.62456512, 0
-0.12092630, -0.14852623, 0.00000000,  0, 19.65943599, 0
-0.12180624, -0.14946463, 0.00000000,  0, 19.69574499, 0
-0.12247347, -0.15021657, 0.00000000,  0, 19.73002815, 0
-0.12333571, -0.15123406, 0.00000000,  0, 19.76937819, 0
-0.12414644, -0.15221596, 0.00000000,  0, 19.80989599, 0
-0.12492849, -0.15315098, 0.00000000,  0, 19.84772301, 0
-0.12571677, -0.15407293, 0.00000000,  0, 19.88819408, 0
-0.12629560, -0.15472971, 0.00000000,  0, 19.92453408, 0
0.00214049, -0.00478726, 0.00000000,  1, 19.92880416, 0
0.00210738, -0.00477458, 0.00000000,  1, 22.98279619, 0
0.00206649, -0.00468976, 0.00000000,  1, 23.02335811, 0
0.00204264, -0.00450306, 0.00000000,  1, 23.06112814, 0
0.00201195, -0.00426938, 0.00000000,  1, 23.09746408, 0
0.00198660, -0.00406161, 0.00000000,  1, 23.13518310, 0
0.00196782, -0.00348374, 0.00000000,  1, 23.19836712, 0
0.00195627, -0.00316908, 0.00000000,  1, 23.24432397, 0
0.00195035, -0.00286905, 0.00000000,  1, 23.28853202, 0
0.00194274, -0.00251916, 0.00000000,  1, 23.33157802, 0
0.00193575, -0.00232359, 0.00000000,  1, 23.36896420, 0
0.00194113, -0.00206996, 0.00000000,  1, 23.40877700, 0
0.00196355, -0.00183669, 0.00000000,  1, 23.44681311, 0
0.00200015, -0.00161855, 0.00000000,  1, 23.48575521, 0
0.00201251, -0.00144380, 0.00000000,  1, 23.52326202, 0
0.00202834, -0.00132573, 0.00000000,  1, 23.56062508, 0
0.00204657, -0.00120262, 0.00000000,  1, 23.60024905, 0
0.00208826, -0.00111180, 0.00000000,  1, 23.63938999, 0
0.00213355, -0.00104710, 0.00000000,  1, 23.67841721, 0
0.00219954, -0.00101543, 0.00000000,  1, 23.71864319, 0
0.00224406, -0.00102095, 0.00000000,  1, 23.75678611, 0
0.00231391, -0.00102820, 0.00000000,  1, 23.79508018, 0
0.00237439, -0.00104279, 0.00000000,  1, 23.83482218, 0
0.00240412, -0.00107919, 0.00000000,  1, 23.86997414, 0
0.00241951, -0.00109841, 0.00000000,  1, 23.90768218, 0
0.00244492, -0.00111521, 0.00000000,  1, 23.94955420, 0
0.00246951, -0.00117295, 0.00000000,  1, 23.98870516, 0
0.00248615, -0.00125802, 0.00000000,  1, 24.02800107, 0
0.00248665, -0.00134925, 0.00000000,  1, 24.06718516, 0
0.00249728, -0.00143520, 0.00000000,  1, 24.11095405, 0
0.00248766, -0.00153787, 0.00000000,  1, 24.15082216, 0
0.00243064, -0.00161941, 0.00000000,  1, 24.19709206, 0
0.00238244, -0.00164004, 0.00000000,  1, 24.23288107, 0
0.00231631, -0.00159180, 0.00000000,  1, 24.27688813, 0
0.00224803, -0.00148869, 0.00000000,  1, 24.31585908, 0
0.00215283, -0.00136813, 0.00000000,  1, 24.35286212, 0
0.00203989, -0.00121779, 0.00000000,  1, 24.39238620, 0
0.00191202, -0.00101966, 0.00000000,  1, 24.43125105, 0
0.00179256, -0.00085309, 0.00000000,  1, 24.46763802, 0
0.00160205, -0.00062980, 0.00000000,  1, 24.50987911, 0
0.00139989, -0.00042259, 0.00000000,  1, 24.54555106, 0
0.00117682, -0.00022185, 0.00000000,  1, 24.58929801, 0
0.00089805, -0.00003985, 0.00000000,  1, 24.62935615, 0
0.00061766, 0.00014765, 0.00000000,  1, 24.67102003, 0
0.00035191, 0.00029912, 0.00000000,  1, 24.71186614, 0
0.00006750, 0.00044905, 0.00000000,  1, 24.76341605, 0
-0.00009501, 0.00054012, 0.00000000,  1, 24.80039406, 0
-0.00020399, 0.00057550, 0.00000000,  1, 24.83884311, 0
-0.00029888, 0.00060655, 0.00000000,  1, 24.87931013, 0
-0.00034300, 0.00059924, 0.00000000,  1, 24.93492413, 0
-0.00033631, 0.00049203, 0.00000000,  1, 25.00121498, 0
-0.00031417, 0.00036405, 0.00000000,  1, 25.04866099, 0
-0.00028282, 0.00024965, 0.00000000,  1, 25.08688617, 0
-0.00025843, 0.00014688, 0.00000000,  1, 25.12280416, 0
-0.00017066, -0.00001698, 0.00000000,  1, 25.16675210, 0
-0.00010336, -0.00016469, 0.00000000,  1, 25.20712018, 0
-0.00005750, -0.00027660, 0.00000000,  1, 25.24299908, 0
-0.00000744, -0.00043379, 0.00000000,  1, 25.28072906, 0
0.00004357, -0.00058836, 0.00000000,  1, 25.31991410, 0
0.00011006, -0.00072490, 0.00000000,  1, 25.36040998, 0
0.00017235, -0.00084982, 0.00000000,  1, 25.39953899, 0
0.00022628, -0.00098195, 0.00000000,  1, 25.44418001, 0
0.00029771, -0.00110103, 0.00000000,  1, 25.48456812, 0
0.00038234, -0.00121489, 0.00000000,  1, 25.52592421, 0
0.00048377, -0.00129450, 0.00000000,  1, 25.56143403, 0
0.00068925, -0.00138471, 0.00000000,  1, 25.60161400, 0
0.00093841, -0.00147025, 0.00000000,  1, 25.63992810, 0
0.00121348, -0.00159591, 0.00000000,  1, 25.67717314, 0
0.00151392, -0.00176552, 0.00000000,  1, 25.71751499, 0
0.00183071, -0.00195632, 0.00000000,  1, 25.76201105, 0
0.00228137, -0.00224678, 0.00000000,  1, 25.81875920, 0
0.00255533, -0.00245828, 0.00000000,  1, 25.86019206, 0
0.00274580, -0.00260577, 0.00000000,  1, 25.89534116, 0
0.00297367, -0.00278580, 0.00000000,  1, 25.93421507, 0
0.00316352, -0.00294175, 0.00000000,  1, 25.97770715, 0
0.00334930, -0.00310282, 0.00000000,  1, 26.02811408, 0
0.00347666, -0.00320250, 0.00000000,  1, 26.07447505, 0
0.00354266, -0.00321797, 0.00000000,  1, 26.11077714, 0
0.00357276, -0.00320776, 0.00000000,  1, 26.15514016, 0
0.00354564, -0.00316506, 0.00000000,  1, 26.19344020, 0
0.00350686, -0.00312295, 0.00000000,  1, 26.23034620, 0
0.00344876, -0.00300833, 0.00000000,  1, 26.26926804, 0
0.00335833, -0.00288243, 0.00000000,  1, 26.31039906, 0
0.00321654, -0.00280884, 0.00000000,  1, 26.35296202, 0
0.00302632, -0.00274985, 0.00000000,  1, 26.40407014, 0
0.00286680, -0.00261726, 0.00000000,  1, 26.46092319, 0
0.00279637, -0.00250336, 0.00000000,  1, 26.50192904, 0
0.00276119, -0.00235597, 0.00000000,  1, 26.54797220, 0
0.00270438, -0.00225316, 0.00000000,  1, 26.58635402, 0
0.00262414, -0.00215824, 0.00000000,  1, 26.62687016, 0
0.00258757, -0.00204549, 0.00000000,  1, 26.67221713, 0
0.00253269, -0.00188392, 0.00000000,  1, 26.71546102, 0
0.00246422, -0.00178687, 0.00000000,  1, 26.75380015, 0
0.00244600, -0.00173774, 0.00000000,  1, 26.79363012, 0
0.00246032, -0.00169370, 0.00000000,  1, 26.83276200, 0
0.00250925, -0.00165488, 0.00000000,  1, 26.87551308, 0
0.00265947, -0.00160533, 0.00000000,  1, 26.92045212, 0
0.00276099, -0.00161090, 0.00000000,  1, 26.95652199, 0
0.00290719, -0.00164046, 0.00000000,  1, 26.99542809, 0
0.00306741, -0.00169560, 0.00000000,  1, 27.03572702, 0
0.00321931, -0.00178543, 0.00000000,  1, 27.07771611, 0
0.00334236, -0.00192135, 0.00000000,  1, 27.11674714, 0
0.00351507, -0.00204619, 0.00000000,  1, 27.15523410, 0
0.00367207, -0.00211096, 0.00000000,  1, 27.19170308, 0
0.00384327, -0.00221639, 0.00000000,  1, 27.22881508, 0
0.00394544, -0.00235493, 0.00000000,  1, 27.26625419, 0
0.00401509, -0.00245366, 0.00000000,  1, 27.30188608, 0
0.00408167, -0.00260432, 0.00000000,  1, 27.35410714, 0
0.00405988, -0.00271534, 0.00000000,  1, 27.39344811, 0
0.00394518, -0.00281527, 0.00000000,  1, 27.42930007, 0
0.00380947, -0.00286672, 0.00000000,  1, 27.47167015, 0
0.00369622, -0.00287897, 0.00000000,  1, 27.50645113, 0
0.00352854, -0.00285620, 0.00000000,  1, 27.54458904, 0
0.00336567, -0.00283130, 0.00000000,  1, 27.58515501, 0
0.00320803, -0.00286029, 0.00000000,  1, 27.62619209, 0
0.00301988, -0.00298033, 0.00000000,  1, 27.66431212, 0
0.00286476, -0.00318534, 0.00000000,  1, 27.70181704, 0
0.00275895, -0.00341362, 0.00000000,  1, 27.73604512, 0
0.00260257, -0.00381785, 0.00000000,  1, 27.77322197, 0
0.00245945, -0.00434814, 0.00000000,  1, 27.81129408, 0
0.00233217, -0.00483115, 0.00000000,  1, 27.84804702, 0
0.00215282, -0.00553994, 0.00000000,  1, 27.88312507, 0
0.00195927, -0.00632502, 0.00000000,  1, 27.92319417, 0
0.00177387, -0.00715344, 0.00000000,  1, 27.96486020, 0
0.00159325, -0.00794793, 0.00000000,  1, 28.00632405, 0
0.00144261, -0.00867929, 0.00000000,  1, 28.04716802, 0
0.00129589, -0.00942175, 0.00000000,  1, 28.08841419, 0
0.00118591, -0.00998658, 0.00000000,  1, 28.12393403, 0
0.00105486, -0.01075549, 0.00000000,  1, 28.16603804, 0
0.00097896, -0.01152963, 0.00000000,  1, 28.20593500, 0
0.00095423, -0.01231358, 0.00000000,  1, 28.24459100, 0
0.00100702, -0.01336145, 0.00000000,  1, 28.29497719, 0
0.00115684, -0.01469080, 0.00000000,  1, 28.35490298, 0
0.00131725, -0.01558553, 0.00000000,  1, 28.39410305, 0
0.00146001, -0.01624701, 0.00000000,  1, 28.43032002, 0
0.00157441, -0.01719683, 0.00000000,  1, 28.47227907, 0
0.00165388, -0.01846335, 0.00000000,  1, 28.51484609, 0
0.00170099, -0.01929573, 0.00000000,  1, 28.55357909, 0
0.00181803, -0.02042579, 0.00000000,  1, 28.59264803, 0
0.00203848, -0.02151697, 0.00000000,  1, 28.63091207, 0
0.00233417, -0.02252675, 0.00000000,  1, 28.66859913, 0
0.00267492, -0.02344076, 0.00000000,  1, 28.71382618, 0
0.00309554, -0.02438409, 0.00000000,  1, 28.76359510, 0
0.00343263, -0.02503150, 0.00000000,  1, 28.80480909, 0
0.00376532, -0.02570075, 0.00000000,  1, 28.84438801, 0
0.00407395, -0.02636827, 0.00000000,  1, 28.88084006, 0
0.00431029, -0.02687396, 0.00000000,  1, 28.92024207, 0
0.00477849, -0.02772003, 0.00000000,  1, 28.97128820, 0
0.00528522, -0.02855671, 0.00000000,  1, 29.02006602, 0
0.00568861, -0.02927032, 0.00000000,  1, 29.05736208, 0
0.00611441, -0.03002063, 0.00000000,  1, 29.09683299, 0
0.00654323, -0.03085554, 0.00000000,  1, 29.13600111, 0
0.00693483, -0.03182728, 0.00000000,  1, 29.17972803, 0
0.00728658, -0.03289201, 0.00000000,  1, 29.21696615, 0
0.00764751, -0.03398195, 0.00000000,  1, 29.26483202, 0
0.00813583, -0.03531697, 0.00000000,  1, 29.31747198, 0
0.00877791, -0.03693060, 0.00000000,  1, 29.37155914, 0
0.00924199, -0.03799951, 0.00000000,  1, 29.41167402, 0
0.00970985, -0.03909270, 0.00000000,  1, 29.45167112, 0
0.01006104, -0.03992639, 0.00000000,  1, 29.48863602, 0
0.01054187, -0.04106717, 0.00000000,  1, 29.52638912, 0
0.01104019, -0.04216765, 0.00000000,  1, 29.56316900, 0
0.01156763, -0.04325604, 0.00000000,  1, 29.60430408, 0
0.01210347, -0.04431156, 0.00000000,  1, 29.64719415, 0
0.01245310, -0.04507629, 0.00000000,  1, 29.68439698, 0
0.01287043, -0.04606363, 0.00000000,  1, 29.72374511, 0
0.01333844, -0.04701730, 0.00000000,  1, 29.76269317, 0
0.01383366, -0.04799812, 0.00000000,  1, 29.79814315, 0
0.01420635, -0.04877080, 0.00000000,  1, 29.83594203, 0
0.01483007, -0.05007013, 0.00000000,  1, 29.87936997, 0
0.01521558, -0.05079673, 0.00000000,  1, 29.91564012, 0
0.01573550, -0.05173994, 0.00000000,  1, 29.95280814, 0
0.01612678, -0.05243726, 0.00000000,  1, 29.98682308, 0
0.01665411, -0.05335882, 0.00000000,  1, 30.02116108, 0
0.01706057, -0.05405254, 0.00000000,  1, 30.05532002, 0
0.01756161, -0.05501026, 0.00000000,  1, 30.09501505, 0
0.01800065, -0.05602612, 0.00000000,  1, 30.14069009, 0
0.01847492, -0.05739081, 0.00000000,  1, 30.18925810, 0
0.01873574, -0.05824142, 0.00000000,  1, 30.22285700, 0
0.01909489, -0.05936673, 0.00000000,  1, 30.25969720, 0
0.01942350, -0.06051724, 0.00000000,  1, 30.30045199, 0
0.01966929, -0.06171447, 0.00000000,  1, 30.33691311, 0
0.01982169, -0.06259780, 0.00000000,  1, 30.37462306, 0
0.01996262, -0.06403260, 0.00000000,  1, 30.41942811, 0
0.01995983, -0.06516076, 0.00000000,  1, 30.45862508, 0
0.01993196, -0.06595450, 0.00000000,  1, 30.49721718, 0
0.02007188, -0.06739691, 0.00000000,  1, 30.55144906, 0
0.02012800, -0.06829771, 0.00000000,  1, 30.59100699, 0
0.02031592, -0.06891489, 0.00000000,  1, 30.62876010, 0
0.02076813, -0.06969758, 0.00000000,  1, 30.66905499, 0
0.02114866, -0.07047957, 0.00000000,  1, 30.70671606, 0
0.02148132, -0.07129296, 0.00000000,  1, 30.74704099, 0
0.02199396, -0.07214731, 0.00000000,  1, 30.78979206, 0
0.02263088, -0.07300260, 0.00000000,  1, 30.83031607, 0
0.02334256, -0.07386351, 0.00000000,  1, 30.86664319, 0
0.02389480, -0.07449972, 0.00000000,  1, 30.90486097, 0
0.02478826, -0.07555222, 0.00000000,  1, 30.94782209, 0
0.02530151, -0.07617966, 0.00000000,  1, 30.98375797, 0
0.02593225, -0.07702655, 0.00000000,  1, 31.02086020, 0
0.02634508, -0.07768097, 0.00000000,  1, 31.05688119, 0
0.02677063, -0.07856860, 0.00000000,  1, 31.09737897, 0
0.02705385, -0.07943511, 0.00000000,  1, 31.13789606, 0
0.02726488, -0.08030428, 0.00000000,  1, 31.17511702, 0
0.02744646, -0.08116625, 0.00000000,  1, 31.22101116, 0
0.02762525, -0.08198342, 0.00000000,  1, 31.25614405, 0
0.02776843, -0.08257964, 0.00000000,  1, 31.29099703, 0
0.02798636, -0.08335942, 0.00000000,  1, 31.32913899, 0
0.02821823, -0.08415285, 0.00000000,  1, 31.36981416, 0
0.02844766, -0.08497523, 0.00000000,  1, 31.41046619, 0
0.02864502, -0.08581880, 0.00000000,  1, 31.45441008, 0
0.02876675, -0.08669376, 0.00000000,  1, 31.49339509, 0
0.02882716, -0.08762563, 0.00000000,  1, 31.53056097, 0
0.02885513, -0.08859512, 0.00000000,  1, 31.56948113, 0
0.02891594, -0.08953500, 0.00000000,  1, 31.60928202, 0
0.02900115, -0.09044675, 0.00000000,  1, 31.65084219, 0
0.02909255, -0.09133427, 0.00000000,  1, 31.69757199, 0
0.02919761, -0.09223008, 0.00000000,  1, 31.73264599, 0
0.02930420, -0.09300723, 0.00000000,  1, 31.77209616, 0
0.02942382, -0.09392271, 0.00000000,  1, 31.81465697, 0
0.02948736, -0.09487963, 0.00000000,  1, 31.85465503, 0
0.02949226, -0.09586753, 0.00000000,  1, 31.89440107, 0
0.02951404, -0.09690059, 0.00000000,  1, 31.93431520, 0
0.02955839, -0.09794716, 0.00000000,  1, 31.97570515, 0
0.02960739, -0.09899289, 0.00000000,  1, 32.01511502, 0
0.02963348, -0.09993506, 0.00000000,  1, 32.05396199, 0
0.02966143, -0.10082982, 0.00000000,  1, 32.09419799, 0
0.02969112, -0.10173403, 0.00000000,  1, 32.13442898, 0
0.02972448, -0.10242954, 0.00000000,  1, 32.17129016, 0
0.02982175, -0.10329939, 0.00000000,  1, 32.21120620, 0
0.02993097, -0.10414476, 0.00000000,  1, 32.24769306, 0
0.03005680, -0.10502662, 0.00000000,  1, 32.28959203, 0
0.03017334, -0.10592646, 0.00000000,  1, 32.32681608, 0
0.03024797, -0.10665237, 0.00000000,  1, 32.36582303, 0
0.03032106, -0.10797724, 0.00000000,  1, 32.40676498, 0
0.03034452, -0.10878572, 0.00000000,  1, 32.44303608, 0
0.03036213, -0.10986115, 0.00000000,  1, 32.48098612, 0
0.03036891, -0.11092823, 0.00000000,  1, 32.52207017, 0
0.03040734, -0.11198429, 0.00000000,  1, 32.56188798, 0
0.03045595, -0.11276602, 0.00000000,  1, 32.59899902, 0
0.03052769, -0.11377318, 0.00000000,  1, 32.63516712, 0
0.03056560, -0.11452358, 0.00000000,  1, 32.66935611, 0
0.03059411, -0.11561564, 0.00000000,  1, 32.70597410, 0
0.03057566, -0.11672795, 0.00000000,  1, 32.74515104, 0
0.03050637, -0.11809288, 0.00000000,  1, 32.79469013, 0
0.03046928, -0.11918631, 0.00000000,  1, 32.84049797, 0
0.03045621, -0.12026755, 0.00000000,  1, 32.87565804, 0
0.03045256, -0.12107677, 0.00000000,  1, 32.91553903, 0
0.03048270, -0.12210033, 0.00000000,  1, 32.95382404, 0
0.03053856, -0.12306256, 0.00000000,  1, 32.99100113, 0
0.03062165, -0.12396990, 0.00000000,  1, 33.03110814, 0
0.03070573, -0.12471205, 0.00000000,  1, 33.06776714, 0
0.03083641, -0.12609196, 0.00000000,  1, 33.11370897, 0
0.03091099, -0.12728253, 0.00000000,  1, 33.15560412, 0
0.03094925, -0.12847388, 0.00000000,  1, 33.19336009, 0
0.03095289, -0.12964824, 0.00000000,  1, 33.23399305, 0
0.03094060, -0.13049427, 0.00000000,  1, 33.27006698, 0
0.03092435, -0.13183504, 0.00000000,  1, 33.31291008, 0
0.03091646, -0.13259307, 0.00000000,  1, 33.35200000, 0
0.03087444, -0.13355437, 0.00000000,  1, 33.39245701, 0
0.03081555, -0.13447329, 0.00000000,  1, 33.43124413, 0
0.03071654, -0.13536897, 0.00000000,  1, 33.46637607, 0
0.03059571, -0.13602540, 0.00000000,  1, 33.50436306, 0
0.03037876, -0.13688545, 0.00000000,  1, 33.54427814, 0
0.03013884, -0.13770747, 0.00000000,  1, 33.58045816, 0
0.02991335, -0.13846687, 0.00000000,  1, 33.62269616, 0
0.02967685, -0.13942589, 0.00000000,  1, 33.67199516, 0
0.02954887, -0.14020142, 0.00000000,  1, 33.71042800, 0
0.02946044, -0.14094804, 0.00000000,  1, 33.75087500, 0
0.02941299, -0.14149196, 0.00000000,  1, 33.78701901, 0
0.02935218, -0.14221523, 0.00000000,  1, 33.82610798, 0
0.02927213, -0.14298405, 0.00000000,  1, 33.86230302, 0
0.02919536, -0.14364878, 0.00000000,  1, 33.89828920, 0
0.02906019, -0.14462313, 0.00000000,  1, 33.93570209, 0
0.02892981, -0.14540224, 0.00000000,  1, 33.97001410, 0
0.02875454, -0.14641158, 0.00000000,  1, 34.00465417, 0
0.02855082, -0.14766767, 0.00000000,  1, 34.05741310, 0
0.02842763, -0.14839418, 0.00000000,  1, 34.09604716, 0
0.02822831, -0.14943979, 0.00000000,  1, 34.14192414, 0
0.02807007, -0.15049032, 0.00000000,  1, 34.18938613, 0
0.02796756, -0.15132736, 0.00000000,  1, 34.22542119, 0
0.02787119, -0.15197394, 0.00000000,  1, 34.26219606, 0
0.02773816, -0.15288353, 0.00000000,  1, 34.30245900, 0
0.02758329, -0.15376873, 0.00000000,  1, 34.33734202, 0
0.02739846, -0.15460299, 0.00000000,  1, 34.37933111, 0
0.02723661, -0.15535048, 0.00000000,  1, 34.42123508, 0
0.02706934, -0.15614700, 0.00000000,  1, 34.45988107, 0
0.02692967, -0.15688892, 0.00000000,  1, 34.49852204, 0
0.02681352, -0.15763545, 0.00000000,  1, 34.53951502, 0
0.02670002, -0.15837728, 0.00000000,  1, 34.57998514, 0
0.02657107, -0.15912627, 0.00000000,  1, 34.62033105, 0
0.02643227, -0.15980582, 0.00000000,  1, 34.65940309, 0
0.02614899, -0.16087478, 0.00000000,  1, 34.70400119, 0
0.02584428, -0.16176788, 0.00000000,  1, 34.74514198, 0
0.02554005, -0.16252211, 0.00000000,  1, 34.77883005, 0
0.02522720, -0.16321771, 0.00000000,  1, 34.81791997, 0
0.02482588, -0.16420965, 0.00000000,  1, 34.85412002, 0
0.02443838, -0.16528205, 0.00000000,  1, 34.89554405, 0
0.02407931, -0.16642967, 0.00000000,  1, 34.92989707, 0
0.02380536, -0.16732253, 0.00000000,  1, 34.96860504, 0
0.02328126, -0.16906191, 0.00000000,  1, 35.02425313, 0
0.02296980, -0.17013926, 0.00000000,  1, 35.06456709, 0
0.02264722, -0.17116432, 0.00000000,  1, 35.10502720, 0
0.02238943, -0.17188058, 0.00000000,  1, 35.14341307, 0
0.02184366, -0.17324679, 0.00000000,  1, 35.20053315, 0
0.02149827, -0.17420994, 0.00000000,  1, 35.24009299, 0
0.02119386, -0.17512938, 0.00000000,  1, 35.27757311, 0
0.02091979, -0.17597757, 0.00000000,  1, 35.31966901, 0
0.02073216, -0.17659634, 0.00000000,  1, 35.35647011, 0
0.02049241, -0.17747917, 0.00000000,  1, 35.39470911, 0
0.02013252, -0.17867746, 0.00000000,  1, 35.44029617, 0
0.01989154, -0.17938163, 0.00000000,  1, 35.47891903, 0
0.01956847, -0.18036049, 0.00000000,  1, 35.51638007, 0
0.01928059, -0.18131917, 0.00000000,  1, 35.55797315, 0
0.01889015, -0.18264872, 0.00000000,  1, 35.61357999, 0
0.01866233, -0.18344019, 0.00000000,  1, 35.66150212, 0
0.01845089, -0.18412153, 0.00000000,  1, 35.70087409, 0
0.01824995, -0.18471442, 0.00000000,  1, 35.73626113, 0
0.01812376, -0.18509702, 0.00000000,  1, 35.77389908, 0
0.01799695, -0.18554651, 0.00000000,  1, 35.81072903, 0
0.01789779, -0.18585192, 0.00000000,  1, 35.84573507, 0
0.01777087, -0.18616844, 0.00000000,  1, 35.88437200, 0
0.01768609, -0.18635971, 0.00000000,  1, 35.92214417, 0
0.01759545, -0.18654180, 0.00000000,  1, 35.96229720, 0
0.01751689, -0.18676731, 0.00000000,  1, 36.00197721, 0
0.01741067, -0.18704877, 0.00000000,  1, 36.04150915, 0
0.01728397, -0.18733164, 0.00000000,  1, 36.07787704, 0
0.01709379, -0.18775052, 0.00000000,  1, 36.11352420, 0
0.01693972, -0.18811665, 0.00000000,  1, 36.14873099, 0
0.01676979, -0.18866310, 0.00000000,  1, 36.18560004, 0
0.01667982, -0.18925678, 0.00000000,  1, 36.22352910, 0
0.01664086, -0.18971406, 0.00000000,  1, 36.26266003, 0
0.01659270, -0.19035864, 0.00000000,  1, 36.30201221, 0
0.01653773, -0.19105318, 0.00000000,  1, 36.34193611, 0
0.01645636, -0.19173205, 0.00000000,  1, 36.38369012, 0
0.01635142, -0.19248136, 0.00000000,  1, 36.43008614, 0
0.01626054, -0.19296774, 0.00000000,  1, 36.47090101, 0
0.01617157, -0.19327457, 0.00000000,  1, 36.50761819, 0
0.01601133, -0.19363101, 0.00000000,  1, 36.54740214, 0
0.01579364, -0.19394392, 0.00000000,  1, 36.58234215, 0
0.01549407, -0.19429811, 0.00000000,  1, 36.62116003, 0
0.01522472, -0.19464201, 0.00000000,  1, 36.65854812, 0
0.01482433, -0.19514629, 0.00000000,  1, 36.69894719, 0
0.01437908, -0.19569910, 0.00000000,  1, 36.73736000, 0
0.01378170, -0.19647134, 0.00000000,  1, 36.78616500, 0
0.01328066, -0.19708252, 0.00000000,  1, 36.82820320, 0
0.01280316, -0.19771862, 0.00000000,  1, 36.87342119, 0
0.01233738, -0.19842049, 0.00000000,  1, 36.91308999, 0
0.01192700, -0.19915299, 0.00000000,  1, 36.94800901, 0
