0.00000000, 0.00000000, 0.00000000,  0, 0.01155496, 0
0.00055996, -0.00043794, 0.00000000,  0, 0.02486181, 0
0.00084137, -0.00065547, 0.00000000,  0, 0.03828692, 0
0.00112189, -0.00087060, 0.00000000,  0, 0.05143189, 0
0.00168343, -0.00129616, 0.00000000,  0, 0.06482291, 0
0.00196524, -0.00150716, 0.00000000,  0, 0.07952094, 0
0.00252901, -0.00192419, 0.00000000,  0, 0.09798288, 0
0.00281180, -0.00213083, 0.00000000,  0, 0.11453986, 0
0.00366143, -0.00274145, 0.00000000,  0, 0.13580894, 0
0.00394552, -0.00294222, 0.00000000,  0, 0.15326881, 0
0.00451466, -0.00333934, 0.00000000,  0, 0.16896892, 0
0.00479942, -0.00353549, 0.00000000,  0, 0.18567586, 0
0.00565632, -0.00411554, 0.00000000,  0, 0.20905900, 0
0.00622779, -0.00449392, 0.00000000,  0, 0.22836089, 0
0.00651434, -0.00468111, 0.00000000,  0, 0.24653602, 0
0.00708785, -0.00505069, 0.00000000,  0, 0.26616287, 0
0.00766197, -0.00541393, 0.00000000,  0, 0.28582191, 0
0.00823736, -0.00577124, 0.00000000,  0, 0.30452299, 0
0.00881467, -0.00612301, 0.00000000,  0, 0.32607484, 0
0.00939215, -0.00646814, 0.00000000,  0, 0.34451199, 0
0.00997048, -0.00680709, 0.00000000,  0, 0.36270380, 0
0.01055004, -0.00714006, 0.00000000,  0, 0.38364100, 0
0.01113119, -0.00746724, 0.00000000,  0, 0.40315080, 0
0.01171340, -0.00778833, 0.00000000,  0, 0.42376184, 0
0.01229662, -0.00810328, 0.00000000,  0, 0.44331884, 0
0.01288097, -0.00841217, 0.00000000,  0, 0.46165586, 0
0.01317329, -0.00856419, 0.00000000,  0, 0.47837186, 0
0.01375824, -0.00886341, 0.00000000,  0, 0.49594593, 0
0.01434529, -0.00915704, 0.00000000,  0, 0.51442385, 0
0.01522673, -0.00958548, 0.00000000,  0, 0.54670382, 0
0.01611183, -0.01000074, 0.00000000,  0, 0.57888699, 0
0.01699776, -0.01040151, 0.00000000,  0, 0.61106801, 0
0.01818456, -0.01091522, 0.00000000,  0, 0.64330792, 0
0.01877900, -0.01116262, 0.00000000,  0, 0.67212796, 0
0.01937496, -0.01140406, 0.00000000,  0, 0.69238281, 0
0.02027088, -0.01175467, 0.00000000,  0, 0.71667600, 0
0.02116873, -0.01209124, 0.00000000,  0, 0.74637890, 0
0.02206946, -0.01241411, 0.00000000,  0, 0.77697682, 0
0.02267074, -0.01262145, 0.00000000,  0, 0.80509400, 0
0.02327422, -0.01282299, 0.00000000,  0, 0.82090092, 0
0.02387663, -0.01301766, 0.00000000,  0, 0.84115887, 0
0.02448107, -0.01320646, 0.00000000,  0, 0.86325192, 0
0.02508544, -0.01338874, 0.00000000,  0, 0.88553691, 0
0.02571876, -0.01357281, 0.00000000,  0, 0.90459490, 0
0.02633027, -0.01374383, 0.00000000,  0, 0.92531800, 0
0.02693893, -0.01390753, 0.00000000,  0, 0.94254494, 0
0.02754875, -0.01406506, 0.00000000,  0, 0.96136189, 0
0.02785376, -0.01414142, 0.00000000,  0, 0.97812390, 0
0.02846954, -0.01429067, 0.00000000,  0, 0.99667883, 0
0.02908184, -0.01443258, 0.00000000,  0, 1.01697779, 0
0.02969397, -0.01456800, 0.00000000,  0, 1.03824401, 0
0.03061521, -0.01475973, 0.00000000,  0, 1.06325197, 0
0.03122985, -0.01487961, 0.00000000,  0, 1.08733582, 0
0.03215514, -0.01504802, 0.00000000,  0, 1.11152101, 0
0.03277217, -0.01515232, 0.00000000,  0, 1.14076686, 0
0.03369998, -0.01529715, 0.00000000,  0, 1.17124486, 0
0.00000000, 0.00000000, 0.00000000,  0, 1.20002198, 1
0.00000000, 0.00000000, 0.00000000,  0, 9.21942496, 1
0.00167330, 0.00336578, 0.00000000,  0, 9.26766086, 1
0.00301123, 0.00605828, 0.00000000,  0, 9.30408788, 1
0.00401257, 0.00807405, 0.00000000,  0, 9.33638978, 1
0.00501239, 0.01008727, 0.00000000,  0, 9.37016201, 1
0.00600994, 0.01209632, 0.00000000,  0, 9.40115094, 1
0.00701703, 0.01412497, 0.00000000,  0, 9.43028498, 1
0.00801320, 0.01613190, 0.00000000,  0, 9.45880294, 1
0.00901192, 0.01814418, 0.00000000,  0, 9.48764586, 1
0.01000696, 0.02014921, 0.00000000,  0, 9.52149081, 1
0.01099686, 0.02214398, 0.00000000,  0, 9.55475187, 1
0.01198502, 0.02413523, 0.00000000,  0, 9.58529592, 1
0.01297151, 0.02612308, 0.00000000,  0, 9.61663198, 1
0.01428282, 0.02876530, 0.00000000,  0, 9.64980888, 1
0.01526421, 0.03074250, 0.00000000,  0, 9.68270683, 1
0.01591681, 0.03205714, 0.00000000,  0, 9.70998001, 1
0.01689724, 0.03403194, 0.00000000,  0, 9.73878479, 1
0.01787406, 0.03599905, 0.00000000,  0, 9.76893878, 1
0.01887088, 0.03800598, 0.00000000,  0, 9.79565382, 1
0.01984390, 0.03996449, 0.00000000,  0, 9.82410288, 1
0.02049253, 0.04126974, 0.00000000,  0, 9.84976983, 1
0.02146316, 0.04322243, 0.00000000,  0, 9.87973499, 1
0.02243126, 0.04516931, 0.00000000,  0, 9.90606189, 1
0.02307741, 0.04646834, 0.00000000,  0, 9.93302083, 1
0.02436518, 0.04905614, 0.00000000,  0, 9.96795583, 1
0.02500797, 0.05034725, 0.00000000,  0, 9.99456882, 1
0.02596940, 0.05227762, 0.00000000,  0, 10.02322578, 1
0.02692843, 0.05420216, 0.00000000,  0, 10.05142689, 1
0.02821074, 0.05677374, 0.00000000,  0, 10.09502101, 1
0.03012023, 0.06059916, 0.00000000,  0, 10.14895892, 1
0.03170423, 0.06376856, 0.00000000,  0, 10.20036483, 1
0.03328106, 0.06691971, 0.00000000,  0, 10.25602293, 1
0.03453996, 0.06943247, 0.00000000,  0, 10.29578590, 1
0.03548211, 0.07131113, 0.00000000,  0, 10.32741189, 1
0.03642239, 0.07318439, 0.00000000,  0, 10.35289598, 1
0.03735926, 0.07504913, 0.00000000,  0, 10.38154101, 1
0.03829452, 0.07690885, 0.00000000,  0, 10.41221881, 1
0.03922762, 0.07876239, 0.00000000,  0, 10.45030880, 1
0.04077808, 0.08183795, 0.00000000,  0, 10.49913287, 1
0.04170529, 0.08367448, 0.00000000,  0, 10.53000784, 1
0.04293857, 0.08611395, 0.00000000,  0, 10.56478882, 1
0.04386076, 0.08793552, 0.00000000,  0, 10.59654689, 1
0.04478054, 0.08975004, 0.00000000,  0, 10.62719488, 1
0.04569902, 0.09155968, 0.00000000,  0, 10.65783882, 1
0.04661560, 0.09336316, 0.00000000,  0, 10.68683100, 1
0.04722526, 0.09456136, 0.00000000,  0, 10.71609783, 1
0.04813686, 0.09635090, 0.00000000,  0, 10.74230099, 1
0.04904675, 0.09813449, 0.00000000,  0, 10.76986384, 1
0.04995395, 0.09991015, 0.00000000,  0, 10.80225897, 1
0.05085932, 0.10167952, 0.00000000,  0, 10.83369780, 1
0.05176569, 0.10344806, 0.00000000,  0, 10.86413479, 1
0.05266710, 0.10520407, 0.00000000,  0, 10.89197779, 1
0.05356452, 0.10694940, 0.00000000,  0, 10.92638779, 1
0.05446090, 0.10868974, 0.00000000,  0, 10.95971394, 1
0.05565357, 0.11100055, 0.00000000,  0, 10.99294186, 1
0.05654457, 0.11272324, 0.00000000,  0, 11.02573299, 1
0.05743314, 0.11443803, 0.00000000,  0, 11.05560493, 1
0.05831936, 0.11614501, 0.00000000,  0, 11.08655596, 1
0.05920319, 0.11784407, 0.00000000,  0, 11.11637092, 1
0.06008664, 0.11953901, 0.00000000,  0, 11.14400601, 1
0.06067390, 0.12066374, 0.00000000,  0, 11.17195582, 1
0.06155082, 0.12234032, 0.00000000,  0, 11.20324588, 1
0.06271967, 0.12456945, 0.00000000,  0, 11.23502398, 1
0.06330085, 0.12567539, 0.00000000,  0, 11.26205397, 1
0.06417145, 0.12732901, 0.00000000,  0, 11.28897882, 1
0.06504010, 0.12897511, 0.00000000,  0, 11.31987596, 1
0.06590802, 0.13061600, 0.00000000,  0, 11.34981489, 1
0.06677515, 0.13225146, 0.00000000,  0, 11.38176084, 1
0.06764845, 0.13389448, 0.00000000,  0, 11.40838981, 1
0.06850600, 0.13550380, 0.00000000,  0, 11.43884897, 1
0.06907678, 0.13657268, 0.00000000,  0, 11.46739697, 1
0.07021407, 0.13869691, 0.00000000,  0, 11.49960780, 1
0.07078099, 0.13975297, 0.00000000,  0, 11.52807188, 1
0.07162904, 0.14132919, 0.00000000,  0, 11.55932593, 1
0.07275746, 0.14341974, 0.00000000,  0, 11.59229493, 1
0.07360056, 0.14497655, 0.00000000,  0, 11.62202096, 1
0.07444044, 0.14652290, 0.00000000,  0, 11.65501285, 1
0.07527820, 0.14806078, 0.00000000,  0, 11.68620992, 1
0.07611571, 0.14959356, 0.00000000,  0, 11.71784496, 1
0.07722606, 0.15161835, 0.00000000,  0, 11.75631881, 1
0.07805430, 0.15312313, 0.00000000,  0, 11.78961897, 1
0.07888178, 0.15462168, 0.00000000,  0, 11.81635189, 1
0.07970516, 0.15610788, 0.00000000,  0, 11.84454083, 1
0.08052648, 0.15758540, 0.00000000,  0, 11.87629795, 1
0.08134461, 0.15905212, 0.00000000,  0, 11.90827680, 1
0.08215988, 0.16050862, 0.00000000,  0, 11.93798280, 1
0.08297218, 0.16195464, 0.00000000,  0, 11.96982288, 1
0.08378187, 0.16339079, 0.00000000,  0, 12.00196099, 1
0.08458991, 0.16481871, 0.00000000,  0, 12.03094387, 1
0.08539612, 0.16623800, 0.00000000,  0, 12.06130600, 1
0.08619817, 0.16764453, 0.00000000,  0, 12.09257579, 1
0.08699772, 0.16904116, 0.00000000,  0, 12.12535191, 1
0.08779565, 0.17042939, 0.00000000,  0, 12.15571785, 1
0.08858896, 0.17180395, 0.00000000,  0, 12.18550587, 1
0.08938068, 0.17317005, 0.00000000,  0, 12.21911693, 1
0.09016990, 0.17452605, 0.00000000,  0, 12.24936795, 1
0.09095591, 0.17587070, 0.00000000,  0, 12.27748489, 1
0.09173825, 0.17720318, 0.00000000,  0, 12.31044579, 1
0.00000000, 0.00000000, 0.00000000,  1, 12.33651495, 1
0.00000000, 0.00000000, 0.00000000,  1, 20.35916901, 1
-0.00019005, -0.00184065, 0.00000000,  1, 20.38904500, 1
-0.00038491, -0.00369569, 0.00000000,  1, 20.42221689, 1
-0.00065056, -0.00617560, 0.00000000,  1, 20.45471597, 1
-0.00085493, -0.00804733, 0.00000000,  1, 20.48554993, 1
-0.00106239, -0.00991711, 0.00000000,  1, 20.51561189, 1
-0.00127370, -0.01179197, 0.00000000,  1, 20.54612494, 1
-0.00141690, -0.01304634, 0.00000000,  1, 20.57249093, 1
-0.00163502, -0.01493298, 0.00000000,  1, 20.60390401, 1
-0.00185696, -0.01682425, 0.00000000,  1, 20.63141298, 1
-0.00208287, -0.01872138, 0.00000000,  1, 20.66119099, 1
-0.00231199, -0.02061811, 0.00000000,  1, 20.69465089, 1
-0.00254587, -0.02252701, 0.00000000,  1, 20.72449493, 1
-0.00278323, -0.02443768, 0.00000000,  1, 20.75501680, 1
-0.00303530, -0.02643863, 0.00000000,  1, 20.78245497, 1
-0.00319872, -0.02772107, 0.00000000,  1, 20.80870795, 1
-0.00344688, -0.02964712, 0.00000000,  1, 20.84006095, 1
-0.00369874, -0.03157649, 0.00000000,  1, 20.87036085, 1
-0.00395483, -0.03351315, 0.00000000,  1, 20.89838886, 1
-0.00421486, -0.03545486, 0.00000000,  1, 20.92645979, 1
-0.00447865, -0.03740015, 0.00000000,  1, 20.95557880, 1
-0.00465663, -0.03869927, 0.00000000,  1, 20.98100686, 1
-0.00492674, -0.04065089, 0.00000000,  1, 21.00854683, 1
-0.00520073, -0.04260693, 0.00000000,  1, 21.03690886, 1
-0.00538580, -0.04391511, 0.00000000,  1, 21.06434894, 1
-0.00566633, -0.04587874, 0.00000000,  1, 21.09373498, 1
-0.00595073, -0.04784648, 0.00000000,  1, 21.12252879, 1
-0.00623928, -0.04982022, 0.00000000,  1, 21.15224385, 1
-0.00653128, -0.05179502, 0.00000000,  1, 21.18142080, 1
-0.00682760, -0.05377677, 0.00000000,  1, 21.21176481, 1
-0.00712743, -0.05575991, 0.00000000,  1, 21.23832083, 1
-0.00743101, -0.05774607, 0.00000000,  1, 21.27023482, 1
-0.00773920, -0.05974073, 0.00000000,  1, 21.30407190, 1
-0.00805109, -0.06173787, 0.00000000,  1, 21.33366799, 1
-0.00836616, -0.06373413, 0.00000000,  1, 21.36210299, 1
-0.00868492, -0.06573280, 0.00000000,  1, 21.39454079, 1
-0.00900768, -0.06773573, 0.00000000,  1, 21.42157793, 1
-0.00922503, -0.06907309, 0.00000000,  1, 21.44808197, 1
-0.00955460, -0.07108381, 0.00000000,  1, 21.47956896, 1
-0.00988730, -0.07309331, 0.00000000,  1, 21.50711489, 1
-0.01022989, -0.07514180, 0.00000000,  1, 21.54156780, 1
-0.01068506, -0.07783206, 0.00000000,  1, 21.57517886, 1
-0.01091514, -0.07917875, 0.00000000,  1, 21.60216880, 1
-0.01149786, -0.08255111, 0.00000000,  1, 21.64534879, 1
-0.01185316, -0.08458120, 0.00000000,  1, 21.67518282, 1
-0.01209216, -0.08593600, 0.00000000,  1, 21.70172501, 1
-0.01245337, -0.08796756, 0.00000000,  1, 21.73240089, 1
-0.01294024, -0.09067607, 0.00000000,  1, 21.76665688, 1
-0.01331052, -0.09271388, 0.00000000,  1, 21.79817295, 1
-0.01368417, -0.09475133, 0.00000000,  1, 21.82907987, 1
-0.01406134, -0.09678934, 0.00000000,  1, 21.86073899, 1
-0.01444310, -0.09883353, 0.00000000,  1, 21.88997579, 1
-0.01482832, -0.10087773, 0.00000000,  1, 21.92177582, 1
-0.01521674, -0.10292055, 0.00000000,  1, 21.95435596, 1
-0.01560988, -0.10496996, 0.00000000,  1, 21.98195291, 1
-0.01600581, -0.10701572, 0.00000000,  1, 22.01263785, 1
-0.01640582, -0.10906449, 0.00000000,  1, 22.04448080, 1
-0.01680906, -0.11111191, 0.00000000,  1, 22.07681894, 1
-0.01721648, -0.11316276, 0.00000000,  1, 22.10559297, 1
-0.01776493, -0.11589586, 0.00000000,  1, 22.14919782, 1
-0.01845997, -0.11931539, 0.00000000,  1, 22.19586301, 1
-0.01916570, -0.12273879, 0.00000000,  1, 22.24676800, 1
-0.01975510, -0.12556156, 0.00000000,  1, 22.28875279, 1
-0.02018822, -0.12761542, 0.00000000,  1, 22.32032490, 1
-0.02062555, -0.12967207, 0.00000000,  1, 22.35316682, 1
-0.02106628, -0.13172761, 0.00000000,  1, 22.38179278, 1
-0.02151215, -0.13379006, 0.00000000,  1, 22.41292596, 1
-0.02196070, -0.13584790, 0.00000000,  1, 22.44609499, 1
-0.02241263, -0.13790436, 0.00000000,  1, 22.47336888, 1
-0.02302053, -0.14064444, 0.00000000,  1, 22.51770782, 1
-0.02394449, -0.14475328, 0.00000000,  1, 22.57220197, 1
-0.02456836, -0.14749064, 0.00000000,  1, 22.61172485, 1
-0.02504031, -0.14954220, 0.00000000,  1, 22.64082479, 1
-0.02535704, -0.15090987, 0.00000000,  1, 22.66946697, 1
-0.02583569, -0.15296308, 0.00000000,  1, 22.69932199, 1
-0.02631729, -0.15501257, 0.00000000,  1, 22.73092389, 1
-0.02713104, -0.15843918, 0.00000000,  1, 22.78141499, 1
-0.02795286, -0.16185444, 0.00000000,  1, 22.83243489, 1
-0.02845044, -0.16390067, 0.00000000,  1, 22.86323595, 1
-0.02911944, -0.16662683, 0.00000000,  1, 22.89444280, 1
-0.02945613, -0.16798813, 0.00000000,  1, 22.92405796, 1
-0.02996423, -0.17002915, 0.00000000,  1, 22.95121384, 1
-0.03047575, -0.17206800, 0.00000000,  1, 22.98226285, 1
-0.03116300, -0.17478251, 0.00000000,  1, 23.02367187, 1
-0.03203047, -0.17816923, 0.00000000,  1, 23.07489800, 1
-0.03290809, -0.18155168, 0.00000000,  1, 23.11770701, 1
-0.03326238, -0.18290490, 0.00000000,  1, 23.14320278, 1
-0.03379741, -0.18493535, 0.00000000,  1, 23.17113185, 1
-0.03433502, -0.18695987, 0.00000000,  1, 23.20024896, 1
-0.03487593, -0.18898123, 0.00000000,  1, 23.23588300, 1
-0.03542041, -0.19100030, 0.00000000,  1, 23.26830888, 1
-0.03597025, -0.19302358, 0.00000000,  1, 23.29847598, 1
-0.03670657, -0.19570880, 0.00000000,  1, 23.33093786, 1
-0.03707661, -0.19704794, 0.00000000,  1, 23.35717797, 1
-0.03763454, -0.19905415, 0.00000000,  1, 23.38609695, 1
-0.03819604, -0.20105777, 0.00000000,  1, 23.41775393, 1
-0.03876052, -0.20305662, 0.00000000,  1, 23.44756079, 1
-0.03933026, -0.20505866, 0.00000000,  1, 23.48124790, 1
-0.03990360, -0.20705793, 0.00000000,  1, 23.51164389, 1
-0.04047939, -0.20905032, 0.00000000,  1, 23.53918481, 1
-0.04105788, -0.21103675, 0.00000000,  1, 23.57220197, 1
-0.04164048, -0.21302198, 0.00000000,  1, 23.60231280, 1
-0.04222684, -0.21500470, 0.00000000,  1, 23.63048196, 1
-0.04281662, -0.21698371, 0.00000000,  1, 23.66095495, 1
-0.04340928, -0.21895713, 0.00000000,  1, 23.69482183, 1
-0.04400468, -0.22092447, 0.00000000,  1, 23.72302699, 1
-0.04460408, -0.22288979, 0.00000000,  1, 23.75186491, 1
-0.04520634, -0.22484934, 0.00000000,  1, 23.78203392, 1
-0.04581265, -0.22680689, 0.00000000,  1, 23.81375980, 1
-0.04642196, -0.22875894, 0.00000000,  1, 23.84218478, 1
-0.04703437, -0.23070585, 0.00000000,  1, 23.86987901, 1
-0.04744454, -0.23200138, 0.00000000,  1, 23.89685988, 1
-0.04806219, -0.23393975, 0.00000000,  1, 23.92639494, 1
-0.04868365, -0.23587499, 0.00000000,  1, 23.95980978, 1
-0.04951707, -0.23844681, 0.00000000,  1, 23.99264884, 1
-0.05014511, -0.24036737, 0.00000000,  1, 24.02730489, 1
-0.05098892, -0.24292432, 0.00000000,  1, 24.06314087, 1
-0.05162502, -0.24483438, 0.00000000,  1, 24.09549689, 1
-0.05226511, -0.24674141, 0.00000000,  1, 24.12452888, 1
-0.05290822, -0.24864243, 0.00000000,  1, 24.15538287, 1
-0.05355476, -0.25053863, 0.00000000,  1, 24.18652487, 1
-0.05420443, -0.25242901, 0.00000000,  1, 24.21594501, 1
-0.05485706, -0.25431309, 0.00000000,  1, 24.24595881, 1
-0.05529485, -0.25556862, 0.00000000,  1, 24.27460599, 1
-0.05595341, -0.25744482, 0.00000000,  1, 24.30242991, 1
-0.05661505, -0.25931485, 0.00000000,  1, 24.33490396, 1
-0.05727960, -0.26117821, 0.00000000,  1, 24.36449099, 1
-0.05794922, -0.26304080, 0.00000000,  1, 24.39064980, 1
-0.05862241, -0.26489833, 0.00000000,  1, 24.41957784, 1
-0.05952182, -0.26735685, 0.00000000,  1, 24.46596789, 1
-0.06065259, -0.27041059, 0.00000000,  1, 24.51362085, 1
-0.06133642, -0.27223751, 0.00000000,  1, 24.54225087, 1
-0.06202437, -0.27406056, 0.00000000,  1, 24.57230091, 1
-0.06271416, -0.27587359, 0.00000000,  1, 24.60743499, 1
-0.06340823, -0.27768298, 0.00000000,  1, 24.63510585, 1
-0.06410353, -0.27948073, 0.00000000,  1, 24.66477084, 1
-0.06480274, -0.28127376, 0.00000000,  1, 24.69659185, 1
-0.06550480, -0.28305928, 0.00000000,  1, 24.73015380, 1
-0.06621013, -0.28483830, 0.00000000,  1, 24.75931978, 1
-0.06691877, -0.28661082, 0.00000000,  1, 24.79115796, 1
-0.06762994, -0.28837485, 0.00000000,  1, 24.82206798, 1
-0.06834381, -0.29013079, 0.00000000,  1, 24.85274696, 1
-0.06906104, -0.29188017, 0.00000000,  1, 24.87868381, 1
-0.06978127, -0.29362207, 0.00000000,  1, 24.90908885, 1
-0.07050462, -0.29535675, 0.00000000,  1, 24.93923092, 1
-0.07123151, -0.29708509, 0.00000000,  1, 24.96867585, 1
-0.07196060, -0.29880388, 0.00000000,  1, 24.99971294, 1
-0.07269282, -0.30051526, 0.00000000,  1, 25.02668500, 1
-0.07318292, -0.30165253, 0.00000000,  1, 25.05251980, 1
-0.07391982, -0.30335020, 0.00000000,  1, 25.08242679, 1
-0.07466095, -0.30504281, 0.00000000,  1, 25.11633492, 1
-0.07540388, -0.30672475, 0.00000000,  1, 25.14603591, 1
-0.07614955, -0.30839813, 0.00000000,  1, 25.17830682, 1
-0.07689879, -0.31006473, 0.00000000,  1, 25.20799398, 1
-0.07790206, -0.31227343, 0.00000000,  1, 25.24085999, 1
-0.07840566, -0.31337228, 0.00000000,  1, 25.26772785, 1
-0.07916341, -0.31501332, 0.00000000,  1, 25.29572296, 1
-0.07992369, -0.31664510, 0.00000000,  1, 25.32603693, 1
-0.08068674, -0.31826809, 0.00000000,  1, 25.35376287, 1
-0.08145410, -0.31988544, 0.00000000,  1, 25.38586879, 1
-0.08222318, -0.32149166, 0.00000000,  1, 25.41876292, 1
-0.08299488, -0.32308860, 0.00000000,  1, 25.44934988, 1
-0.08377026, -0.32467838, 0.00000000,  1, 25.48264098, 1
-0.08480822, -0.32678356, 0.00000000,  1, 25.51403594, 1
-0.08532957, -0.32783107, 0.00000000,  1, 25.54055381, 1
-0.08611285, -0.32939262, 0.00000000,  1, 25.57347989, 1
-0.08716269, -0.33146255, 0.00000000,  1, 25.60554695, 1
-0.08795276, -0.33300304, 0.00000000,  1, 25.63738585, 1
-0.08874595, -0.33453487, 0.00000000,  1, 25.66949081, 1
-0.08954142, -0.33605632, 0.00000000,  1, 25.70272398, 1
-0.09060708, -0.33807156, 0.00000000,  1, 25.73749900, 1
-0.09140879, -0.33957042, 0.00000000,  1, 25.76851296, 1
-0.09194543, -0.34056553, 0.00000000,  1, 25.79663992, 1
-0.09302108, -0.34254041, 0.00000000,  1, 25.83031678, 1
-0.09383242, -0.34401276, 0.00000000,  1, 25.85928679, 1
-0.09437438, -0.34498806, 0.00000000,  1, 25.88810086, 1
-0.09518910, -0.34644187, 0.00000000,  1, 25.91607594, 1
-0.09600729, -0.34788710, 0.00000000,  1, 25.94550586, 1
-0.09682920, -0.34932409, 0.00000000,  1, 25.97566199, 1
-0.09765103, -0.35074616, 0.00000000,  1, 26.00153279, 1
-0.09847560, -0.35215823, 0.00000000,  1, 26.03323793, 1
-0.09902748, -0.35309513, 0.00000000,  1, 26.06107187, 1
-0.10013397, -0.35495387, 0.00000000,  1, 26.09638190, 1
-0.10096754, -0.35633691, 0.00000000,  1, 26.12708092, 1
-0.10180308, -0.35770844, 0.00000000,  1, 26.15387988, 1
-0.10236139, -0.35861670, 0.00000000,  1, 26.18161798, 1
-0.10320265, -0.35997294, 0.00000000,  1, 26.21292281, 1
-0.10404456, -0.36131548, 0.00000000,  1, 26.24129891, 1
-0.10489114, -0.36265067, 0.00000000,  1, 26.26909995, 1
-0.10573885, -0.36397287, 0.00000000,  1, 26.29991984, 1
-0.10658946, -0.36528480, 0.00000000,  1, 26.33134079, 1
-0.10744271, -0.36658601, 0.00000000,  1, 26.36001396, 1
-0.10829862, -0.36787651, 0.00000000,  1, 26.38725185, 1
-0.10917424, -0.36918146, 0.00000000,  1, 26.41936994, 1
-0.10975039, -0.37003176, 0.00000000,  1, 26.44701791, 1
-0.11061252, -0.37129179, 0.00000000,  1, 26.47791290, 1
-0.11176535, -0.37295371, 0.00000000,  1, 26.51161098, 1
-0.11263262, -0.37418675, 0.00000000,  1, 26.54148078, 1
-0.11350365, -0.37541036, 0.00000000,  1, 26.57324696, 1
-0.11437620, -0.37662132, 0.00000000,  1, 26.60423398, 1
-0.11525059, -0.37782009, 0.00000000,  1, 26.63165689, 1
-0.11612770, -0.37900785, 0.00000000,  1, 26.66372991, 1
-0.11700782, -0.38018490, 0.00000000,  1, 26.69490790, 1
-0.11789157, -0.38135201, 0.00000000,  1, 26.72448778, 1
-0.11848259, -0.38212428, 0.00000000,  1, 26.75227499, 1
-0.11936929, -0.38327059, 0.00000000,  1, 26.78187799, 1
-0.12025795, -0.38440469, 0.00000000,  1, 26.81148696, 1
-0.12114990, -0.38552817, 0.00000000,  1, 26.83934498, 1
-0.12204350, -0.38663897, 0.00000000,  1, 26.87019086, 1
-0.12293907, -0.38773744, 0.00000000,  1, 26.90316081, 1
-0.12413736, -0.38918424, 0.00000000,  1, 26.93682194, 1
-0.12503784, -0.39025426, 0.00000000,  1, 26.96780992, 1
-0.12594040, -0.39131200, 0.00000000,  1, 26.99721980, 1
-0.12654332, -0.39201043, 0.00000000,  1, 27.02451992, 1
-0.12745104, -0.39304960, 0.00000000,  1, 27.05650496, 1
-0.12835982, -0.39407524, 0.00000000,  1, 27.08357596, 1
-0.12957566, -0.39542448, 0.00000000,  1, 27.12107587, 1
-0.13079505, -0.39675145, 0.00000000,  1, 27.16042781, 1
-0.13171119, -0.39773124, 0.00000000,  1, 27.19677997, 1
-0.13294042, -0.39902288, 0.00000000,  1, 27.23266196, 1
-0.13355435, -0.39965817, 0.00000000,  1, 27.25886583, 1
-0.13447978, -0.40060347, 0.00000000,  1, 27.28904295, 1
-0.13540569, -0.40153452, 0.00000000,  1, 27.32017279, 1
-0.13695361, -0.40305830, 0.00000000,  1, 27.36826181, 1
-0.13819646, -0.40425230, 0.00000000,  1, 27.41105580, 1
-0.13913060, -0.40513255, 0.00000000,  1, 27.43896389, 1
-0.14006707, -0.40600029, 0.00000000,  1, 27.46869493, 1
-0.14100583, -0.40685544, 0.00000000,  1, 27.50404501, 1
-0.14194694, -0.40769801, 0.00000000,  1, 27.53429484, 1
-0.14289143, -0.40852886, 0.00000000,  1, 27.56376600, 1
-0.14383765, -0.40934649, 0.00000000,  1, 27.59248590, 1
-0.14478448, -0.41014993, 0.00000000,  1, 27.62112880, 1
-0.14573345, -0.41094049, 0.00000000,  1, 27.65263891, 1
-0.14668444, -0.41171806, 0.00000000,  1, 27.68334079, 1
-0.14763761, -0.41248270, 0.00000000,  1, 27.70990181, 1
-0.14859415, -0.41323533, 0.00000000,  1, 27.73958993, 1
-0.14955152, -0.41397392, 0.00000000,  1, 27.77289581, 1
-0.15051006, -0.41469874, 0.00000000,  1, 27.80045986, 1
-0.15115040, -0.41517480, 0.00000000,  1, 27.82688785, 1
-0.15211165, -0.41587725, 0.00000000,  1, 27.85408998, 1
-0.15307576, -0.41656713, 0.00000000,  1, 27.88098478, 1
-0.15404143, -0.41724349, 0.00000000,  1, 27.91297483, 1
-0.15500901, -0.41790654, 0.00000000,  1, 27.94338679, 1
-0.15597806, -0.41855599, 0.00000000,  1, 27.97386789, 1
-0.15694878, -0.41919194, 0.00000000,  1, 28.00228786, 1
-0.15759941, -0.41961004, 0.00000000,  1, 28.02950883, 1
-0.15857599, -0.42022536, 0.00000000,  1, 28.06213689, 1
-0.15955277, -0.42082617, 0.00000000,  1, 28.09008598, 1
-0.16053050, -0.42141296, 0.00000000,  1, 28.11984301, 1
-0.16151043, -0.42198649, 0.00000000,  1, 28.15267086, 1
-0.16249259, -0.42254673, 0.00000000,  1, 28.18303800, 1
-0.16380394, -0.42327207, 0.00000000,  1, 28.21630383, 1
-0.16479117, -0.42380109, 0.00000000,  1, 28.24609399, 1
-0.16577872, -0.42431572, 0.00000000,  1, 28.27911401, 1
-0.16676794, -0.42481667, 0.00000000,  1, 28.31136179, 1
-0.16841902, -0.42562052, 0.00000000,  1, 28.36214185, 1
-0.17007504, -0.42638647, 0.00000000,  1, 28.40826488, 1
-0.17107230, -0.42682837, 0.00000000,  1, 28.44029880, 1
-0.17207659, -0.42725874, 0.00000000,  1, 28.47281694, 1
-0.17307592, -0.42767247, 0.00000000,  1, 28.50481081, 1
-0.17407775, -0.42807275, 0.00000000,  1, 28.53736496, 1
-0.17508769, -0.42846165, 0.00000000,  1, 28.56911588, 1
-0.17609454, -0.42883480, 0.00000000,  1, 28.59697390, 1
-0.17710050, -0.42919318, 0.00000000,  1, 28.62415791, 1
-0.17810821, -0.42953774, 0.00000000,  1, 28.65669489, 1
-0.17911617, -0.42986800, 0.00000000,  1, 28.68839192, 1
-0.18080440, -0.43038906, 0.00000000,  1, 28.73588395, 1
-0.18148041, -0.43058649, 0.00000000,  1, 28.76209283, 1
-0.18249456, -0.43087069, 0.00000000,  1, 28.79225492, 1
-0.18351098, -0.43114114, 0.00000000,  1, 28.82272601, 1
-0.18487017, -0.43148041, 0.00000000,  1, 28.85892987, 1
-0.18588913, -0.43171801, 0.00000000,  1, 28.89526582, 1
-0.18725066, -0.43201320, 0.00000000,  1, 28.92657185, 1
-0.18827328, -0.43221822, 0.00000000,  1, 28.95954394, 1
-0.18929877, -0.43240949, 0.00000000,  1, 28.98881197, 1
-0.19032444, -0.43258650, 0.00000000,  1, 29.01750779, 1
-0.19101005, -0.43269688, 0.00000000,  1, 29.04434180, 1
-0.19203984, -0.43285075, 0.00000000,  1, 29.07414579, 1
-0.19307054, -0.43299047, 0.00000000,  1, 29.10003495, 1
-0.19375800, -0.43307574, 0.00000000,  1, 29.12704802, 1
-0.19478891, -0.43319177, 0.00000000,  1, 29.15540886, 1
-0.19582246, -0.43329388, 0.00000000,  1, 29.18608379, 1
-0.19685754, -0.43338193, 0.00000000,  1, 29.21444392, 1
-0.19789363, -0.43345588, 0.00000000,  1, 29.24428582, 1
-0.19892990, -0.43351569, 0.00000000,  1, 29.27521801, 1
-0.19996879, -0.43356150, 0.00000000,  1, 29.30279684, 1
-0.20066184, -0.43358420, 0.00000000,  1, 29.33053398, 1
-0.20205102, -0.43361084, 0.00000000,  1, 29.36435390, 1
