-0.00368416, -0.00445980, 0.00000000,  0, 0.01411200, 0
-0.00383212, -0.00461641, 0.00000000,  0, 0.02672696, 0
-0.00397959, -0.00477250, 0.00000000,  0, 0.03976488, 0
-0.00412749, -0.00492904, 0.00000000,  0, 0.05292082, 0
-0.00442288, -0.00524170, 0.00000000,  0, 0.06601000, 0
-0.00457052, -0.00539797, 0.00000000,  0, 0.07916284, 0
-0.00471705, -0.00555479, 0.00000000,  0, 0.09222484, 0
-0.00500556, -0.00586524, 0.00000000,  0, 0.10807085, 0
-0.00528325, -0.00615989, 0.00000000,  0, 0.12506986, 0
-0.00556171, -0.00645535, 0.00000000,  0, 0.14568996, 0
-0.00581887, -0.00676539, 0.00000000,  0, 0.16972995, 0
-0.00606931, -0.00706891, 0.00000000,  0, 0.18777394, 0
-0.00631928, -0.00737175, 0.00000000,  0, 0.20871687, 0
-0.00644410, -0.00752297, 0.00000000,  0, 0.22561598, 0
-0.00669291, -0.00782595, 0.00000000,  0, 0.24444985, 0
-0.00693766, -0.00813308, 0.00000000,  0, 0.26390386, 0
-0.00730069, -0.00859944, 0.00000000,  0, 0.29206800, 0
-0.00754297, -0.00891067, 0.00000000,  0, 0.31146884, 0
-0.00790396, -0.00937981, 0.00000000,  0, 0.34147286, 0
-0.00825815, -0.00983583, 0.00000000,  0, 0.37237382, 0
-0.00849225, -0.01013395, 0.00000000,  0, 0.38980103, 0
-0.00875679, -0.01048935, 0.00000000,  0, 0.41330600, 0
-0.00898963, -0.01080217, 0.00000000,  0, 0.43389392, 0
-0.00922212, -0.01111451, 0.00000000,  0, 0.45423579, 0
-0.00933832, -0.01126748, 0.00000000,  0, 0.47086382, 0
-0.00957025, -0.01159133, 0.00000000,  0, 0.49231291, 0
-0.00991757, -0.01213513, 0.00000000,  0, 0.51366282, 0
-0.01014139, -0.01247678, 0.00000000,  0, 0.53545785, 0
-0.01036122, -0.01280845, 0.00000000,  0, 0.55713201, 0
-0.01058820, -0.01314466, 0.00000000,  0, 0.57586884, 0
-0.01070432, -0.01331460, 0.00000000,  0, 0.59347296, 0
-0.01081529, -0.01347309, 0.00000000,  0, 0.60000801, 1
-0.00011101, -0.00015349, 0.00000000,  0, 0.61729693, 1
-0.00044444, -0.00061120, 0.00000000,  0, 0.64759779, 1
-0.00079239, -0.00112343, 0.00000000,  0, 0.68137693, 1
-0.00125877, -0.00178057, 0.00000000,  0, 0.72285295, 1
-0.00160999, -0.00224356, 0.00000000,  0, 0.75651503, 1
-0.00209202, -0.00283207, 0.00000000,  0, 0.79203796, 1
-0.00259521, -0.00345108, 0.00000000,  0, 0.82962894, 1
-0.00298658, -0.00390158, 0.00000000,  0, 0.86681890, 1
-0.00354758, -0.00457347, 0.00000000,  0, 0.90315580, 1
-0.00397836, -0.00510296, 0.00000000,  0, 0.93605185, 1
-0.00439374, -0.00561488, 0.00000000,  0, 0.96308899, 1
-0.00482072, -0.00610471, 0.00000000,  0, 0.99420500, 1
-0.00522676, -0.00656543, 0.00000000,  0, 1.02476692, 1
-0.00543582, -0.00690961, 0.00000000,  0, 1.05943680, 1
-0.00571182, -0.00740907, 0.00000000,  0, 1.09055686, 1
-0.00599902, -0.00789427, 0.00000000,  0, 1.11982989, 1
-0.00642823, -0.00852800, 0.00000000,  0, 1.15617299, 1
-0.00691066, -0.00914971, 0.00000000,  0, 1.20061588, 1
-0.00755092, -0.00992955, 0.00000000,  0, 1.24546480, 1
-0.00794244, -0.01038904, 0.00000000,  0, 1.27788496, 1
-0.00834024, -0.01084210, 0.00000000,  0, 1.31386900, 1
-0.00873695, -0.01129212, 0.00000000,  0, 1.34317780, 1
-0.00913947, -0.01174447, 0.00000000,  0, 1.37432599, 1
-0.00954676, -0.01222655, 0.00000000,  0, 1.40382886, 1
-0.00995731, -0.01269917, 0.00000000,  0, 1.43530583, 1
-0.01036095, -0.01317389, 0.00000000,  0, 1.46792197, 1
-0.01074794, -0.01366335, 0.00000000,  0, 1.49829793, 1
-0.01113207, -0.01415616, 0.00000000,  0, 1.52892280, 1
-0.01164624, -0.01481581, 0.00000000,  0, 1.56275296, 1
-0.01203603, -0.01530204, 0.00000000,  0, 1.59302688, 1
-0.01243033, -0.01584044, 0.00000000,  0, 1.62109184, 1
-0.01279768, -0.01634219, 0.00000000,  0, 1.65095901, 1
-0.01315838, -0.01681896, 0.00000000,  0, 1.68400693, 1
-0.01352939, -0.01727995, 0.00000000,  0, 1.71556687, 1
-0.01402583, -0.01797547, 0.00000000,  0, 1.75623083, 1
-0.01451442, -0.01870925, 0.00000000,  0, 1.80040598, 1
-0.01499463, -0.01948480, 0.00000000,  0, 1.83461785, 1
-0.01547211, -0.02024406, 0.00000000,  0, 1.87953091, 1
-0.01582956, -0.02079092, 0.00000000,  0, 1.91079402, 1
-0.01618207, -0.02131946, 0.00000000,  0, 1.93857789, 1
-0.01653240, -0.02187248, 0.00000000,  0, 1.96959281, 1
-0.01689414, -0.02243313, 0.00000000,  0, 2.00623584, 1
-0.01739809, -0.02317931, 0.00000000,  0, 2.03863883, 1
-0.01754255, -0.02357576, 0.00000000,  0, 2.07002091, 1
-0.01772980, -0.02399215, 0.00000000,  0, 2.10115600, 1
-0.01800136, -0.02445626, 0.00000000,  0, 2.13290596, 1
-0.01840465, -0.02507325, 0.00000000,  0, 2.16426396, 1
-0.01899050, -0.02586023, 0.00000000,  0, 2.20892191, 1
-0.01961045, -0.02663185, 0.00000000,  0, 2.24325299, 1
-0.02009034, -0.02715762, 0.00000000,  0, 2.27497697, 1
-0.02057302, -0.02763117, 0.00000000,  0, 2.30806279, 1
-0.02123945, -0.02825271, 0.00000000,  0, 2.34382987, 1
-0.02190325, -0.02885490, 0.00000000,  0, 2.39010596, 1
-0.02256606, -0.02944479, 0.00000000,  0, 2.42356300, 1
-0.02289749, -0.02973508, 0.00000000,  0, 2.45247602, 1
-0.02338097, -0.03018330, 0.00000000,  0, 2.48209691, 1
-0.02385895, -0.03064213, 0.00000000,  0, 2.51223993, 1
-0.02449537, -0.03125524, 0.00000000,  0, 2.54576993, 1
-0.02494292, -0.03176711, 0.00000000,  0, 2.57724690, 1
-0.02536661, -0.03226566, 0.00000000,  0, 2.60643291, 1
-0.02575907, -0.03275442, 0.00000000,  0, 2.63698983, 1
-0.02600199, -0.03307831, 0.00000000,  0, 2.66650486, 1
-0.02646032, -0.03373138, 0.00000000,  0, 2.69890094, 1
-0.02680569, -0.03418703, 0.00000000,  0, 2.73139596, 1
-0.02712991, -0.03463008, 0.00000000,  0, 2.76418591, 1
-0.02744062, -0.03510966, 0.00000000,  0, 2.79538298, 1
-0.02775950, -0.03566190, 0.00000000,  0, 2.82792282, 1
-0.02817505, -0.03638083, 0.00000000,  0, 2.86175489, 1
-0.02841123, -0.03679903, 0.00000000,  0, 2.89062881, 1
-0.02894518, -0.03774564, 0.00000000,  0, 2.92323589, 1
-0.02932229, -0.03839784, 0.00000000,  0, 2.95438290, 1
-0.02968973, -0.03902548, 0.00000000,  0, 2.98487091, 1
-0.03005036, -0.03965357, 0.00000000,  0, 3.01547194, 1
-0.03048570, -0.04034230, 0.00000000,  0, 3.05142403, 1
-0.03098675, -0.04107616, 0.00000000,  0, 3.08230495, 1
-0.03146538, -0.04175480, 0.00000000,  0, 3.10963082, 1
-0.03206647, -0.04263060, 0.00000000,  0, 3.15156794, 1
-0.03253352, -0.04327526, 0.00000000,  0, 3.18293381, 1
-0.03299623, -0.04389351, 0.00000000,  0, 3.21415186, 1
-0.03358699, -0.04460737, 0.00000000,  0, 3.24791002, 1
-0.03393166, -0.04494284, 0.00000000,  0, 3.28287292, 1
-0.03439068, -0.04539445, 0.00000000,  0, 3.32039499, 1
-0.03473996, -0.04576410, 0.00000000,  0, 3.35304499, 1
-0.03509719, -0.04614473, 0.00000000,  0, 3.38502002, 1
-0.03546215, -0.04658083, 0.00000000,  0, 3.41869283, 1
-0.03596861, -0.04733167, 0.00000000,  0, 3.45029783, 1
-0.03633717, -0.04785331, 0.00000000,  0, 3.48238087, 1
-0.03670907, -0.04834062, 0.00000000,  0, 3.51980901, 1
-0.03722663, -0.04902943, 0.00000000,  0, 3.55507302, 1
-0.03760939, -0.04955610, 0.00000000,  0, 3.58963990, 1
-0.03798203, -0.05008851, 0.00000000,  0, 3.62252188, 1
-0.03846600, -0.05073782, 0.00000000,  0, 3.65414190, 1
-0.03882479, -0.05119501, 0.00000000,  0, 3.68785787, 1
-0.03917908, -0.05163935, 0.00000000,  0, 3.72349501, 1
-0.03953051, -0.05207393, 0.00000000,  0, 3.75408983, 1
-0.03989282, -0.05254935, 0.00000000,  0, 3.78546596, 1
-0.04041009, -0.05326078, 0.00000000,  0, 3.81665802, 1
-0.04081227, -0.05381815, 0.00000000,  0, 3.85152793, 1
-0.04132610, -0.05457130, 0.00000000,  0, 3.88923788, 1
-0.04171250, -0.05508933, 0.00000000,  0, 3.92238784, 1
-0.04208635, -0.05557710, 0.00000000,  0, 3.95527983, 1
-0.04245098, -0.05604347, 0.00000000,  0, 3.98377800, 1
-0.04281609, -0.05653260, 0.00000000,  0, 4.01682186, 1
-0.04330445, -0.05719897, 0.00000000,  0, 4.05113602, 1
-0.04354865, -0.05753522, 0.00000000,  0, 4.07690787, 1
-0.04399342, -0.05813838, 0.00000000,  0, 4.10328984, 1
-0.04446618, -0.05876931, 0.00000000,  0, 4.13270688, 1
-0.04490076, -0.05932664, 0.00000000,  0, 4.16454601, 1
-0.04533164, -0.05987974, 0.00000000,  0, 4.19921780, 1
-0.04574241, -0.06041384, 0.00000000,  0, 4.22495294, 1
-0.04614563, -0.06095612, 0.00000000,  0, 4.25534487, 1
-0.04653151, -0.06150240, 0.00000000,  0, 4.29001093, 1
-0.04690696, -0.06207362, 0.00000000,  0, 4.32035279, 1
-0.04728287, -0.06264556, 0.00000000,  0, 4.35340190, 1
-0.04777996, -0.06338727, 0.00000000,  0, 4.38615084, 1
-0.04814356, -0.06391101, 0.00000000,  0, 4.41721201, 1
-0.04850771, -0.06440846, 0.00000000,  0, 4.44958282, 1
-0.04889322, -0.06489985, 0.00000000,  0, 4.48206592, 1
-0.04954654, -0.06566533, 0.00000000,  0, 4.52848387, 1
-0.05009555, -0.06624276, 0.00000000,  0, 4.57238102, 1
-0.05064567, -0.06680939, 0.00000000,  0, 4.61418581, 1
-0.05135971, -0.06754166, 0.00000000,  0, 4.66067100, 1
-0.05197519, -0.06834002, 0.00000000,  0, 4.70149994, 1
-0.05243757, -0.06897791, 0.00000000,  0, 4.73116899, 1
-0.05274621, -0.06942445, 0.00000000,  0, 4.75871801, 1
-0.05321379, -0.07015249, 0.00000000,  0, 4.78945184, 1
-0.05366050, -0.07080361, 0.00000000,  0, 4.81839895, 1
-0.05407743, -0.07139358, 0.00000000,  0, 4.85054684, 1
-0.05447876, -0.07198101, 0.00000000,  0, 4.88120079, 1
-0.05498278, -0.07272410, 0.00000000,  0, 4.92420602, 1
-0.05536410, -0.07328002, 0.00000000,  0, 4.95400095, 1
-0.05587644, -0.07398582, 0.00000000,  0, 4.98945379, 1
-0.05626082, -0.07448556, 0.00000000,  0, 5.02121401, 1
-0.05663719, -0.07498458, 0.00000000,  0, 5.05219793, 1
-0.05709736, -0.07561288, 0.00000000,  0, 5.08236885, 1
-0.05753624, -0.07621674, 0.00000000,  0, 5.11658096, 1
-0.05809542, -0.07697995, 0.00000000,  0, 5.14943790, 1
-0.05850278, -0.07752396, 0.00000000,  0, 5.18183279, 1
-0.05892606, -0.07812586, 0.00000000,  0, 5.21205282, 1
-0.05931511, -0.07880284, 0.00000000,  0, 5.25747085, 1
-0.05988995, -0.07980546, 0.00000000,  0, 5.30160880, 1
-0.06023670, -0.08041025, 0.00000000,  0, 5.33497500, 1
-0.06043591, -0.08089444, 0.00000000,  0, 5.36666298, 1
-0.06064826, -0.08140035, 0.00000000,  0, 5.39374781, 1
-0.06091295, -0.08188996, 0.00000000,  0, 5.42317390, 1
-0.06122202, -0.08231133, 0.00000000,  0, 5.45067787, 1
-0.06191138, -0.08310479, 0.00000000,  0, 5.48491383, 1
-0.06280438, -0.08406526, 0.00000000,  0, 5.53868079, 1
-0.06377045, -0.08501080, 0.00000000,  0, 5.58581185, 1
-0.06446339, -0.08567911, 0.00000000,  0, 5.61521602, 1
-0.06496335, -0.08617864, 0.00000000,  0, 5.64299297, 1
-0.06592297, -0.08712559, 0.00000000,  0, 5.68007493, 1
-0.06658654, -0.08774544, 0.00000000,  0, 5.70934987, 1
-0.06731223, -0.08847476, 0.00000000,  0, 5.74229503, 1
-0.06804943, -0.08928485, 0.00000000,  0, 5.77408886, 1
-0.06872810, -0.09004747, 0.00000000,  0, 5.80361700, 1
-0.06931932, -0.09077036, 0.00000000,  0, 5.83361602, 1
-0.06983509, -0.09143203, 0.00000000,  0, 5.86151385, 1
-0.07031778, -0.09206810, 0.00000000,  0, 5.89793801, 1
-0.07091278, -0.09294197, 0.00000000,  0, 5.93615890, 1
-0.07141657, -0.09372696, 0.00000000,  0, 5.97099400, 1
-0.07175600, -0.09432024, 0.00000000,  0, 6.00218797, 1
-0.07207579, -0.09490262, 0.00000000,  0, 6.03475285, 1
-0.07238014, -0.09548438, 0.00000000,  0, 6.06949186, 1
-0.07266669, -0.09606954, 0.00000000,  0, 6.10177302, 1
-0.07312686, -0.09701745, 0.00000000,  0, 6.14876294, 1
-0.07358350, -0.09792635, 0.00000000,  0, 6.19660091, 1
-0.07389659, -0.09844140, 0.00000000,  0, 6.23357892, 1
-0.07454791, -0.09946415, 0.00000000,  0, 6.28751898, 1
-0.07502794, -0.10009943, 0.00000000,  0, 6.33305788, 1
-0.07538665, -0.10057709, 0.00000000,  0, 6.36432385, 1
-0.07574439, -0.10105345, 0.00000000,  0, 6.39465189, 1
-0.07622163, -0.10168894, 0.00000000,  0, 6.43683386, 1
-0.07660721, -0.10213196, 0.00000000,  0, 6.46838093, 1
-0.07690817, -0.10244473, 0.00000000,  0, 6.50095391, 1
-0.07723254, -0.10277653, 0.00000000,  0, 6.53143287, 1
-0.07770135, -0.10327981, 0.00000000,  0, 6.56995702, 1
-0.07807501, -0.10368438, 0.00000000,  0, 6.60283494, 1
-0.07844989, -0.10410821, 0.00000000,  0, 6.63689280, 1
-0.07894595, -0.10466244, 0.00000000,  0, 6.67138886, 1
-0.07919856, -0.10495399, 0.00000000,  0, 6.70093298, 1
-0.07957411, -0.10541695, 0.00000000,  0, 6.72840381, 1
-0.08020113, -0.10619417, 0.00000000,  0, 6.77268887, 1
-0.08068584, -0.10687940, 0.00000000,  0, 6.81739688, 1
-0.08109441, -0.10751958, 0.00000000,  0, 6.84714293, 1
-0.08186286, -0.10874635, 0.00000000,  0, 6.89463782, 1
-0.08253440, -0.10978122, 0.00000000,  0, 6.94795895, 1
-0.08318562, -0.11076131, 0.00000000,  0, 6.99780083, 1
-0.08369728, -0.11147472, 0.00000000,  0, 7.04370785, 1
-0.08421812, -0.11217991, 0.00000000,  0, 7.07716990, 1
-0.08448357, -0.11252313, 0.00000000,  0, 7.10741091, 1
-0.08501734, -0.11318191, 0.00000000,  0, 7.14387584, 1
-0.08554883, -0.11380016, 0.00000000,  0, 7.17522597, 1
-0.08623947, -0.11458864, 0.00000000,  0, 7.20988297, 1
-0.08674850, -0.11516361, 0.00000000,  0, 7.24536085, 1
-0.08725693, -0.11573791, 0.00000000,  0, 7.27608180, 1
-0.08776420, -0.11631353, 0.00000000,  0, 7.30642080, 1
-0.08824880, -0.11688663, 0.00000000,  0, 7.33560681, 1
-0.08884463, -0.11762161, 0.00000000,  0, 7.37449384, 1
-0.08928197, -0.11817030, 0.00000000,  0, 7.40410089, 1
-0.08969935, -0.11870431, 0.00000000,  0, 7.43418097, 1
-0.09011530, -0.11923741, 0.00000000,  0, 7.46717381, 1
-0.09066488, -0.11995773, 0.00000000,  0, 7.51216197, 1
-0.09120380, -0.12066751, 0.00000000,  0, 7.54996991, 1
-0.09184373, -0.12150265, 0.00000000,  0, 7.59756780, 1
-0.09221949, -0.12198499, 0.00000000,  0, 7.63290691, 1
-0.09270491, -0.12266072, 0.00000000,  0, 7.66799593, 1
-0.09297854, -0.12311112, 0.00000000,  0, 7.69945502, 1
-0.09333082, -0.12366697, 0.00000000,  0, 7.72772789, 1
-0.09379646, -0.12437322, 0.00000000,  0, 7.76509380, 1
-0.09437960, -0.12520886, 0.00000000,  0, 7.81868696, 1
-0.09495403, -0.12598383, 0.00000000,  0, 7.86830282, 1
-0.09531308, -0.12647151, 0.00000000,  0, 7.89976382, 1
-0.09566851, -0.12696745, 0.00000000,  0, 7.92817497, 1
-0.09601980, -0.12748382, 0.00000000,  0, 7.96207500, 1
-0.09656999, -0.12826920, 0.00000000,  0, 7.99616385, 1
-0.09704946, -0.12893926, 0.00000000,  0, 8.02642393, 1
-0.09751569, -0.12958419, 0.00000000,  0, 8.05818295, 1
-0.09795772, -0.13019580, 0.00000000,  0, 8.09113884, 1
-0.09863707, -0.13110010, 0.00000000,  0, 8.13748789, 1
-0.09927777, -0.13199095, 0.00000000,  0, 8.19088697, 1
-0.09965719, -0.13248789, 0.00000000,  0, 8.22430396, 1
-0.10012692, -0.13312732, 0.00000000,  0, 8.26018691, 1
-0.10047700, -0.13362494, 0.00000000,  0, 8.29445887, 1
-0.10082417, -0.13414695, 0.00000000,  0, 8.32723498, 1
-0.10117112, -0.13465405, 0.00000000,  0, 8.35450387, 1
-0.10154144, -0.13518869, 0.00000000,  0, 8.38670897, 1
-0.10213036, -0.13608282, 0.00000000,  0, 8.42172599, 1
-0.10266697, -0.13690212, 0.00000000,  0, 8.45944786, 1
-0.10318463, -0.13767884, 0.00000000,  0, 8.49001980, 1
-0.10369620, -0.13844199, 0.00000000,  0, 8.51872087, 1
-0.10419435, -0.13922469, 0.00000000,  0, 8.55104589, 1
-0.10482280, -0.14019773, 0.00000000,  0, 8.58470201, 1
-0.10526373, -0.14083640, 0.00000000,  0, 8.62000585, 1
-0.10561568, -0.14140539, 0.00000000,  0, 8.65077281, 1
-0.10568590, -0.14176980, 0.00000000,  0, 8.68313098, 1
-0.10568531, -0.14208187, 0.00000000,  0, 8.71441889, 1
-0.10579985, -0.14256532, 0.00000000,  0, 8.75196791, 1
-0.10592718, -0.14310820, 0.00000000,  0, 8.79696679, 1
-0.10594439, -0.14337690, 0.00000000,  0, 8.83281493, 1
-0.10592808, -0.14368243, 0.00000000,  0, 8.87395382, 1
-0.10618482, -0.14417817, 0.00000000,  0, 8.92684698, 1
-0.10655657, -0.14460625, 0.00000000,  0, 8.96705580, 1
-0.10720825, -0.14526654, 0.00000000,  0, 9.01209903, 1
-0.10767132, -0.14564667, 0.00000000,  0, 9.04608083, 1
-0.10817333, -0.14603308, 0.00000000,  0, 9.07831693, 1
-0.10877856, -0.14658454, 0.00000000,  0, 9.11036396, 1
-0.10957094, -0.14730791, 0.00000000,  0, 9.14377189, 1
-0.11017403, -0.14792514, 0.00000000,  0, 9.17933702, 1
-0.11074427, -0.14859249, 0.00000000,  0, 9.21610498, 1
-0.11115447, -0.14905708, 0.00000000,  0, 9.24742985, 1
-0.11154070, -0.14950838, 0.00000000,  0, 9.27904487, 1
-0.11190409, -0.14997083, 0.00000000,  0, 9.31358981, 1
-0.11236477, -0.15060939, 0.00000000,  0, 9.34799480, 1
-0.11268960, -0.15108215, 0.00000000,  0, 9.38320589, 1
-0.11299869, -0.15153964, 0.00000000,  0, 9.41420197, 1
-0.11329551, -0.15201529, 0.00000000,  0, 9.44705296, 1
-0.11368047, -0.15263449, 0.00000000,  0, 9.47959995, 1
-0.11403263, -0.15316731, 0.00000000,  0, 9.51384091, 1
-0.11442561, -0.15375351, 0.00000000,  0, 9.54671192, 1
-0.11498219, -0.15464829, 0.00000000,  0, 9.58374381, 1
-0.11557982, -0.15559895, 0.00000000,  0, 9.63564491, 1
-0.11599799, -0.15631951, 0.00000000,  0, 9.67525697, 1
-0.11631279, -0.15683371, 0.00000000,  0, 9.71161294, 1
-0.11674470, -0.15750237, 0.00000000,  0, 9.74360085, 1
-0.11707359, -0.15797528, 0.00000000,  0, 9.77507997, 1
-0.11740549, -0.15845124, 0.00000000,  0, 9.80796981, 1
-0.11786995, -0.15910585, 0.00000000,  0, 9.85397482, 1
-0.11831645, -0.15972390, 0.00000000,  0, 9.89515901, 1
-0.11875014, -0.16035188, 0.00000000,  0, 9.92825699, 1
-0.11916772, -0.16095545, 0.00000000,  0, 9.95914197, 1
-0.11959596, -0.16157106, 0.00000000,  0, 9.99153686, 1
-0.12001343, -0.16215806, 0.00000000,  0, 10.02474499, 1
-0.12042635, -0.16273539, 0.00000000,  0, 10.05423284, 1
-0.12082068, -0.16326680, 0.00000000,  0, 10.08628583, 1
-0.12121430, -0.16376568, 0.00000000,  0, 10.11759782, 1
-0.12165006, -0.16432112, 0.00000000,  0, 10.14854980, 1
-0.12202748, -0.16483483, 0.00000000,  0, 10.18295979, 1
-0.12251573, -0.16550994, 0.00000000,  0, 10.21642494, 1
-0.12286221, -0.16606463, 0.00000000,  0, 10.24891686, 1
-0.12320573, -0.16662661, 0.00000000,  0, 10.27833891, 1
-0.12353787, -0.16716476, 0.00000000,  0, 10.30613995, 1
-0.12375821, -0.16750958, 0.00000000,  0, 10.33594680, 1
-0.12419238, -0.16818695, 0.00000000,  0, 10.36992097, 1
-0.12451061, -0.16868964, 0.00000000,  0, 10.40438795, 1
-0.12505597, -0.16961970, 0.00000000,  0, 10.45486593, 1
-0.12550058, -0.17036238, 0.00000000,  0, 10.49798799, 1
-0.12584341, -0.17093419, 0.00000000,  0, 10.52872181, 1
-0.12620787, -0.17150146, 0.00000000,  0, 10.55778694, 1
-0.12650077, -0.17197161, 0.00000000,  0, 10.58807588, 1
-0.12674153, -0.17246591, 0.00000000,  0, 10.62494397, 1
-0.12704471, -0.17292708, 0.00000000,  0, 10.65752101, 1
-0.12744263, -0.17346837, 0.00000000,  0, 10.68720388, 1
-0.12765114, -0.17386075, 0.00000000,  0, 10.71724200, 1
-0.12795117, -0.17428842, 0.00000000,  0, 10.75075197, 1
-0.12828950, -0.17471789, 0.00000000,  0, 10.78156495, 1
-0.12880268, -0.17532512, 0.00000000,  0, 10.81454492, 1
-0.12921018, -0.17578581, 0.00000000,  0, 10.84496188, 1
-0.12961771, -0.17624653, 0.00000000,  0, 10.87872791, 1
-0.13004121, -0.17669894, 0.00000000,  0, 10.91000485, 1
-0.13046868, -0.17714956, 0.00000000,  0, 10.94005799, 1
-0.13083277, -0.17763088, 0.00000000,  0, 10.97896385, 1
-0.13109532, -0.17799537, 0.00000000,  0, 11.01145196, 1
-0.13140145, -0.17836916, 0.00000000,  0, 11.04269600, 1
-0.13174686, -0.17876215, 0.00000000,  0, 11.07331991, 1
-0.13221971, -0.17930124, 0.00000000,  0, 11.10915089, 1
-0.13257418, -0.17970537, 0.00000000,  0, 11.14059687, 1
-0.13293118, -0.18011250, 0.00000000,  0, 11.17042089, 1
-0.13342000, -0.18067374, 0.00000000,  0, 11.21648788, 1
-0.13403976, -0.18143205, 0.00000000,  0, 11.26138592, 1
-0.13428247, -0.18176348, 0.00000000,  0, 11.29041481, 1
-0.13477533, -0.18243716, 0.00000000,  0, 11.32317996, 1
-0.13513531, -0.18294749, 0.00000000,  0, 11.35397887, 1
-0.13549524, -0.18345775, 0.00000000,  0, 11.38539195, 1
-0.13583855, -0.18395806, 0.00000000,  0, 11.41676188, 1
-0.13618103, -0.18448855, 0.00000000,  0, 11.44595981, 1
-0.13640983, -0.18482260, 0.00000000,  0, 11.47379589, 1
-0.13685310, -0.18546270, 0.00000000,  0, 11.50607681, 1
-0.13718609, -0.18593152, 0.00000000,  0, 11.53680396, 1
-0.13753963, -0.18640755, 0.00000000,  0, 11.56752181, 1
-0.13797537, -0.18703576, 0.00000000,  0, 11.60055089, 1
-0.13841102, -0.18766368, 0.00000000,  0, 11.63256288, 1
-0.13884275, -0.18827579, 0.00000000,  0, 11.66023898, 1
-0.13927559, -0.18888949, 0.00000000,  0, 11.68868399, 1
-0.13970682, -0.18946678, 0.00000000,  0, 11.71918988, 1
-0.14013952, -0.19003949, 0.00000000,  0, 11.75001287, 1
-0.14057755, -0.19060628, 0.00000000,  0, 11.78236890, 1
-0.14114204, -0.19129402, 0.00000000,  0, 11.81198597, 1
-0.14152423, -0.19175490, 0.00000000,  0, 11.83945799, 1
-0.14239141, -0.19280160, 0.00000000,  0, 11.87049079, 1
-0.14304367, -0.19358890, 0.00000000,  0, 11.90229392, 1
-0.14369805, -0.19437875, 0.00000000,  0, 11.93925285, 1
-0.14434991, -0.19516556, 0.00000000,  0, 11.96961379, 1
-0.14497828, -0.19591576, 0.00000000,  0, 12.00143886, 1
-0.14573480, -0.19681720, 0.00000000,  0, 12.03416586, 1
-0.14629312, -0.19748600, 0.00000000,  0, 12.06741881, 1
-0.14682074, -0.19813117, 0.00000000,  0, 12.10257292, 1
-0.14730186, -0.19873531, 0.00000000,  0, 12.13102484, 1
-0.14790168, -0.19950536, 0.00000000,  0, 12.17449689, 1
-0.14844946, -0.20021188, 0.00000000,  0, 12.20864487, 1
-0.14882553, -0.20070742, 0.00000000,  0, 12.24175692, 1
-0.14920820, -0.20126152, 0.00000000,  0, 12.27199984, 1
-0.14958186, -0.20179940, 0.00000000,  0, 12.30160499, 1
-0.14994634, -0.20234086, 0.00000000,  0, 12.33208084, 1
-0.15030487, -0.20288297, 0.00000000,  0, 12.36427689, 1
-0.15065914, -0.20339563, 0.00000000,  0, 12.39039683, 1
-0.15102179, -0.20389888, 0.00000000,  0, 12.42222691, 1
-0.15138768, -0.20442135, 0.00000000,  0, 12.45413780, 1
-0.15175702, -0.20491168, 0.00000000,  0, 12.48684287, 1
-0.15210646, -0.20538093, 0.00000000,  0, 12.51601100, 1
-0.15247212, -0.20587510, 0.00000000,  0, 12.54849195, 1
-0.15298732, -0.20656059, 0.00000000,  0, 12.58769298, 1
-0.15337089, -0.20706807, 0.00000000,  0, 12.61900187, 1
-0.15375215, -0.20757118, 0.00000000,  0, 12.64929891, 1
-0.15412810, -0.20805833, 0.00000000,  0, 12.67807102, 1
-0.15449752, -0.20854253, 0.00000000,  0, 12.70673990, 1
-0.15491817, -0.20917001, 0.00000000,  0, 12.73454785, 1
-0.15518831, -0.20955609, 0.00000000,  0, 12.76207781, 1
-0.15558473, -0.21009416, 0.00000000,  0, 12.79164791, 1
-0.15598652, -0.21063677, 0.00000000,  0, 12.81940293, 1
-0.15637299, -0.21115318, 0.00000000,  0, 12.85068583, 1
-0.15675813, -0.21164956, 0.00000000,  0, 12.87902594, 1
-0.15715320, -0.21215083, 0.00000000,  0, 12.91022992, 1
-0.15769027, -0.21283561, 0.00000000,  0, 12.94926500, 1
-0.15809526, -0.21332380, 0.00000000,  0, 12.98655701, 1
-0.15851312, -0.21380113, 0.00000000,  0, 13.01806188, 1
-0.15892282, -0.21427027, 0.00000000,  0, 13.04846597, 1
-0.15931211, -0.21471001, 0.00000000,  0, 13.07887697, 1
-0.15982288, -0.21529073, 0.00000000,  0, 13.11165380, 1
-0.16032498, -0.21586517, 0.00000000,  0, 13.15107679, 1
-0.16057304, -0.21615033, 0.00000000,  0, 13.18060303, 1
-0.16110804, -0.21686086, 0.00000000,  0, 13.21347380, 1
-0.16153222, -0.21743018, 0.00000000,  0, 13.24358702, 1
-0.16194531, -0.21800683, 0.00000000,  0, 13.28037500, 1
-0.16233905, -0.21854563, 0.00000000,  0, 13.31029487, 1
-0.16271781, -0.21908390, 0.00000000,  0, 13.34200501, 1
-0.16309820, -0.21965447, 0.00000000,  0, 13.37316179, 1
-0.16349880, -0.22022445, 0.00000000,  0, 13.40180492, 1
-0.16408502, -0.22106348, 0.00000000,  0, 13.43815184, 1
-0.16480432, -0.22204140, 0.00000000,  0, 13.48323584, 1
-0.16569208, -0.22325292, 0.00000000,  0, 13.52604079, 1
-0.16635600, -0.22418165, 0.00000000,  0, 13.57088089, 1
-0.16687999, -0.22492602, 0.00000000,  0, 13.60669780, 1
-0.16757646, -0.22591288, 0.00000000,  0, 13.64271998, 1
-0.16814311, -0.22669824, 0.00000000,  0, 13.67618680, 1
-0.16871111, -0.22744569, 0.00000000,  0, 13.70755100, 1
-0.16943069, -0.22831492, 0.00000000,  0, 13.74060583, 1
-0.16987467, -0.22886273, 0.00000000,  0, 13.77185297, 1
-0.17038889, -0.22959201, 0.00000000,  0, 13.81903791, 1
-0.17098832, -0.23031857, 0.00000000,  0, 13.85147190, 1
-0.17145400, -0.23084302, 0.00000000,  0, 13.88382196, 1
-0.17182998, -0.23136584, 0.00000000,  0, 13.92256379, 1
-0.17214527, -0.23182307, 0.00000000,  0, 13.95438194, 1
-0.17267793, -0.23254709, 0.00000000,  0, 14.00124192, 1
-0.17336678, -0.23340769, 0.00000000,  0, 14.04283595, 1
-0.17391633, -0.23400711, 0.00000000,  0, 14.07067990, 1
-0.17446959, -0.23455186, 0.00000000,  0, 14.10154700, 1
-0.17500974, -0.23506512, 0.00000000,  0, 14.13266087, 1
-0.17555151, -0.23557993, 0.00000000,  0, 14.16510081, 1
-0.17628195, -0.23626565, 0.00000000,  0, 14.20083094, 1
-0.17658823, -0.23662794, 0.00000000,  0, 14.23063397, 1
-0.17692156, -0.23701837, 0.00000000,  0, 14.26459479, 1
-0.17726470, -0.23741038, 0.00000000,  0, 14.29553580, 1
-0.17764095, -0.23780604, 0.00000000,  0, 14.32543993, 1
-0.17826884, -0.23845127, 0.00000000,  0, 14.37102580, 1
-0.17864496, -0.23883614, 0.00000000,  0, 14.40764093, 1
-0.17904569, -0.23923688, 0.00000000,  0, 14.44056797, 1
-0.17959531, -0.23984409, 0.00000000,  0, 14.47250700, 1
-0.18008905, -0.24044242, 0.00000000,  0, 14.50574493, 1
-0.18056736, -0.24103141, 0.00000000,  0, 14.53812981, 1
-0.18104340, -0.24161977, 0.00000000,  0, 14.57111883, 1
-0.18149955, -0.24220228, 0.00000000,  0, 14.60256195, 1
-0.18209432, -0.24297643, 0.00000000,  0, 14.63707685, 1
-0.18265734, -0.24380079, 0.00000000,  0, 14.68475795, 1
-0.18290802, -0.24424072, 0.00000000,  0, 14.71896100, 1
-0.18319386, -0.24470175, 0.00000000,  0, 14.74817896, 1
-0.18348652, -0.24516541, 0.00000000,  0, 14.78426385, 1
-0.18388573, -0.24578700, 0.00000000,  0, 14.82384300, 1
-0.18423482, -0.24628331, 0.00000000,  0, 14.85338593, 1
-0.18473145, -0.24694392, 0.00000000,  0, 14.89093685, 1
-0.18513950, -0.24745273, 0.00000000,  0, 14.92430902, 1
-0.18569670, -0.24812352, 0.00000000,  0, 14.96389580, 1
-0.18612374, -0.24860950, 0.00000000,  0, 14.99668384, 1
-0.18656672, -0.24906871, 0.00000000,  0, 15.02930880, 1
-0.18720066, -0.24972373, 0.00000000,  0, 15.06574702, 1
-0.18768192, -0.25024134, 0.00000000,  0, 15.09916687, 1
-0.18832417, -0.25093211, 0.00000000,  0, 15.13354492, 1
-0.18879864, -0.25143806, 0.00000000,  0, 15.16833496, 1
-0.18924415, -0.25190614, 0.00000000,  0, 15.20210195, 1
-0.18982269, -0.25254589, 0.00000000,  0, 15.24025583, 1
-0.19038708, -0.25321661, 0.00000000,  0, 15.28257489, 1
-0.19090409, -0.25391533, 0.00000000,  0, 15.31852698, 1
-0.19125398, -0.25441862, 0.00000000,  0, 15.34753680, 1
-0.19167373, -0.25506027, 0.00000000,  0, 15.38750386, 1
-0.19197811, -0.25552772, 0.00000000,  0, 15.41715980, 1
-0.19217303, -0.25581747, 0.00000000,  0, 15.44368601, 1
-0.19245845, -0.25625050, 0.00000000,  0, 15.47196698, 1
-0.19274252, -0.25669241, 0.00000000,  0, 15.50470281, 1
-0.19304260, -0.25715508, 0.00000000,  0, 15.53513384, 1
-0.19345821, -0.25779334, 0.00000000,  0, 15.57318282, 1
-0.19377660, -0.25826052, 0.00000000,  0, 15.60811591, 1
-0.19421143, -0.25890626, 0.00000000,  0, 15.64098382, 1
-0.19443153, -0.25922098, 0.00000000,  0, 15.66979480, 1
-0.19489053, -0.25985486, 0.00000000,  0, 15.70836902, 1
-0.19534554, -0.26048764, 0.00000000,  0, 15.74325585, 1
-0.19568437, -0.26096059, 0.00000000,  0, 15.78348994, 1
-0.19609709, -0.26153188, 0.00000000,  0, 15.81475997, 1
-0.19656447, -0.26216864, 0.00000000,  0, 15.84881997, 1
-0.19693182, -0.26262333, 0.00000000,  0, 15.88239980, 1
-0.19731257, -0.26308216, 0.00000000,  0, 15.91015291, 1
-0.19769871, -0.26355473, 0.00000000,  0, 15.94388485, 1
-0.19810415, -0.26408627, 0.00000000,  0, 15.97307682, 1
-0.19849188, -0.26457397, 0.00000000,  0, 16.00140786, 1
-0.19886581, -0.26504092, 0.00000000,  0, 16.03204489, 1
-0.19911317, -0.26537803, 0.00000000,  0, 16.06197882, 1
-0.19951188, -0.26593015, 0.00000000,  0, 16.09249401, 1
-0.20011027, -0.26674486, 0.00000000,  0, 16.13898396, 1
-0.20064001, -0.26748059, 0.00000000,  0, 16.18111801, 1
-0.20103783, -0.26803298, 0.00000000,  0, 16.21645498, 1
-0.20157581, -0.26875470, 0.00000000,  0, 16.24950886, 1
-0.20197769, -0.26928296, 0.00000000,  0, 16.28225589, 1
-0.20249341, -0.26994895, 0.00000000,  0, 16.32201290, 1
-0.20288682, -0.27044817, 0.00000000,  0, 16.35270000, 1
-0.20328441, -0.27093850, 0.00000000,  0, 16.38540387, 1
-0.20372219, -0.27147890, 0.00000000,  0, 16.41821885, 1
-0.20416423, -0.27200469, 0.00000000,  0, 16.44901299, 1
-0.20488355, -0.27289750, 0.00000000,  0, 16.49243402, 1
-0.20516031, -0.27325503, 0.00000000,  0, 16.52208495, 1
-0.20571904, -0.27399295, 0.00000000,  0, 16.55486584, 1
-0.20625627, -0.27468040, 0.00000000,  0, 16.59706187, 1
-0.20678377, -0.27535011, 0.00000000,  0, 16.64000988, 1
-0.20717873, -0.27585155, 0.00000000,  0, 16.67082500, 1
-0.20757417, -0.27635359, 0.00000000,  0, 16.70123601, 1
-0.20797140, -0.27686111, 0.00000000,  0, 16.73396802, 1
-0.20847801, -0.27751761, 0.00000000,  0, 16.77151990, 1
-0.20908735, -0.27834090, 0.00000000,  0, 16.81656098, 1
-0.20959707, -0.27898528, 0.00000000,  0, 16.85983801, 1
-0.20998523, -0.27946863, 0.00000000,  0, 16.89070892, 1
-0.21036188, -0.27995161, 0.00000000,  0, 16.92201185, 1
-0.21086851, -0.28061302, 0.00000000,  0, 16.96866488, 1
-0.21154318, -0.28152657, 0.00000000,  0, 17.01294494, 1
-0.21199824, -0.28213744, 0.00000000,  0, 17.04682398, 1
-0.21244840, -0.28274559, 0.00000000,  0, 17.07795691, 1
-0.21288933, -0.28335895, 0.00000000,  0, 17.11040998, 1
-0.21345742, -0.28414096, 0.00000000,  0, 17.14251685, 1
-0.21388719, -0.28472776, 0.00000000,  0, 17.17572880, 1
-0.21431333, -0.28530318, 0.00000000,  0, 17.21074200, 1
-0.21487828, -0.28605316, 0.00000000,  0, 17.24965382, 1
-0.21529892, -0.28656651, 0.00000000,  0, 17.28048897, 1
-0.21585812, -0.28723735, 0.00000000,  0, 17.31424999, 1
-0.21618059, -0.28760568, 0.00000000,  0, 17.34527183, 1
-0.21687714, -0.28838502, 0.00000000,  0, 17.39042997, 1
-0.21740505, -0.28900519, 0.00000000,  0, 17.43043494, 1
-0.21793044, -0.28961377, 0.00000000,  0, 17.47671795, 1
-0.21844453, -0.29019175, 0.00000000,  0, 17.51311684, 1
-0.21870182, -0.29048484, 0.00000000,  0, 17.54114199, 1
-0.21947218, -0.29137635, 0.00000000,  0, 17.59192801, 1
-0.21983992, -0.29182005, 0.00000000,  0, 17.62574291, 1
-0.22019274, -0.29226656, 0.00000000,  0, 17.65476489, 1
-0.22053823, -0.29273503, 0.00000000,  0, 17.68845582, 1
-0.22107468, -0.29357855, 0.00000000,  0, 17.74164391, 1
-0.22138402, -0.29407859, 0.00000000,  0, 17.77230191, 1
-0.22169076, -0.29456371, 0.00000000,  0, 17.80318499, 1
-0.22212876, -0.29522412, 0.00000000,  0, 17.83650088, 1
-0.22235083, -0.29554984, 0.00000000,  0, 17.86459088, 1
-0.22268573, -0.29601699, 0.00000000,  0, 17.89498782, 1
-0.22313925, -0.29663557, 0.00000000,  0, 17.92833185, 1
-0.22349215, -0.29710783, 0.00000000,  0, 17.95779300, 1
-0.22384588, -0.29757147, 0.00000000,  0, 17.98936892, 1
-0.22421236, -0.29802482, 0.00000000,  0, 18.02005386, 1
-0.22451969, -0.29837161, 0.00000000,  0, 18.05325484, 1
-0.22479977, -0.29866921, 0.00000000,  0, 18.08019090, 1
-0.22509414, -0.29899361, 0.00000000,  0, 18.10957980, 1
-0.22530999, -0.29923434, 0.00000000,  0, 18.13834381, 1
-0.22564423, -0.29960157, 0.00000000,  0, 18.16643190, 1
-0.22600902, -0.30001257, 0.00000000,  0, 18.19814396, 1
-0.22646987, -0.30055245, 0.00000000,  0, 18.22766280, 1
-0.22691729, -0.30105456, 0.00000000,  0, 18.25882983, 1
-0.22748930, -0.30172372, 0.00000000,  0, 18.29281688, 1
-0.22787861, -0.30218128, 0.00000000,  0, 18.33072782, 1
-0.22864091, -0.30307962, 0.00000000,  0, 18.38416100, 1
-0.22925227, -0.30380356, 0.00000000,  0, 18.43507481, 1
-0.22972826, -0.30437995, 0.00000000,  0, 18.48249602, 1
-0.23045199, -0.30521145, 0.00000000,  0, 18.53563499, 1
-0.23110143, -0.30610852, 0.00000000,  0, 18.58913589, 1
-0.23148813, -0.30668216, 0.00000000,  0, 18.61946893, 1
-0.23197430, -0.30742041, 0.00000000,  0, 18.65887785, 1
-0.23231802, -0.30793994, 0.00000000,  0, 18.69126701, 1
-0.23264147, -0.30844518, 0.00000000,  0, 18.72181082, 1
-0.23296027, -0.30894180, 0.00000000,  0, 18.75374389, 1
-0.23327966, -0.30942599, 0.00000000,  0, 18.78640795, 1
-0.23385251, -0.31021159, 0.00000000,  0, 18.83020186, 1
-0.23420842, -0.31066035, 0.00000000,  0, 18.86437488, 1
-0.23457307, -0.31109788, 0.00000000,  0, 18.89593983, 1
-0.23481380, -0.31147095, 0.00000000,  0, 18.92884493, 1
-0.23500214, -0.31190168, 0.00000000,  0, 18.96243691, 1
-0.23518511, -0.31225271, 0.00000000,  0, 18.99256992, 1
-0.23539954, -0.31267998, 0.00000000,  0, 19.02391481, 1
-0.23566346, -0.31311487, 0.00000000,  0, 19.05539584, 1
-0.23596027, -0.31355394, 0.00000000,  0, 19.08585882, 1
-0.23627597, -0.31406533, 0.00000000,  0, 19.12042499, 1
-0.23671850, -0.31475700, 0.00000000,  0, 19.15996289, 1
-0.23712724, -0.31540800, 0.00000000,  0, 19.18679786, 1
-0.23752467, -0.31604231, 0.00000000,  0, 19.21790099, 1
-0.23796117, -0.31671272, 0.00000000,  0, 19.25268698, 1
-0.23846712, -0.31743765, 0.00000000,  0, 19.28230190, 1
-0.23903725, -0.31823255, 0.00000000,  0, 19.31410098, 1
-0.23982038, -0.31931880, 0.00000000,  0, 19.34896302, 1
-0.24037087, -0.32007728, 0.00000000,  0, 19.37986684, 1
-0.24110517, -0.32108901, 0.00000000,  0, 19.42548084, 1
-0.24165537, -0.32184709, 0.00000000,  0, 19.45868993, 1
-0.24263678, -0.32315853, 0.00000000,  0, 19.50498199, 1
-0.24319875, -0.32393682, 0.00000000,  0, 19.53961587, 1
-0.24373973, -0.32468281, 0.00000000,  0, 19.57269096, 1
-0.24443443, -0.32560541, 0.00000000,  0, 19.60775089, 1
-0.24510844, -0.32655389, 0.00000000,  0, 19.65253901, 1
-0.24578932, -0.32751205, 0.00000000,  0, 19.68847895, 1
-0.24656931, -0.32855225, 0.00000000,  0, 19.73649096, 1
-0.24739794, -0.32963494, 0.00000000,  0, 19.76858282, 1
-0.24786555, -0.33022222, 0.00000000,  0, 19.79731393, 1
-0.24856702, -0.33110321, 0.00000000,  0, 19.82632089, 1
-0.24930951, -0.33201088, 0.00000000,  0, 19.85853696, 1
-0.25021308, -0.33311265, 0.00000000,  0, 19.89016795, 1
-0.25081049, -0.33384714, 0.00000000,  0, 19.92115593, 1
-0.25151701, -0.33470669, 0.00000000,  0, 19.96798587, 1
-0.25231312, -0.33567367, 0.00000000,  0, 20.01311994, 1
-0.25281207, -0.33625615, 0.00000000,  0, 20.04545093, 1
-0.25336667, -0.33695084, 0.00000000,  0, 20.07744288, 1
-0.25386510, -0.33756558, 0.00000000,  0, 20.10964489, 1
-0.25431873, -0.33811771, 0.00000000,  0, 20.14228892, 1
-0.25473916, -0.33862252, 0.00000000,  0, 20.17013884, 1
-0.25513128, -0.33912655, 0.00000000,  0, 20.19907689, 1
-0.25551032, -0.33963243, 0.00000000,  0, 20.23274899, 1
-0.25612373, -0.34049140, 0.00000000,  0, 20.28393102, 1
-0.25691760, -0.34168362, 0.00000000,  0, 20.33782196, 1
-0.25756165, -0.34267309, 0.00000000,  0, 20.39108086, 1
-0.25805962, -0.34344654, 0.00000000,  0, 20.43568897, 1
-0.25868044, -0.34436784, 0.00000000,  0, 20.48211384, 1
-0.25922649, -0.34515409, 0.00000000,  0, 20.52825189, 1
-0.25995536, -0.34604316, 0.00000000,  0, 20.57461691, 1
-0.26068864, -0.34687019, 0.00000000,  0, 20.62529683, 1
-0.26110405, -0.34738186, 0.00000000,  0, 20.65901899, 1
-0.26152136, -0.34789477, 0.00000000,  0, 20.69210792, 1
-0.26193691, -0.34838597, 0.00000000,  0, 20.72177386, 1
-0.26249060, -0.34903940, 0.00000000,  0, 20.75389099, 1
-0.26290243, -0.34949840, 0.00000000,  0, 20.79336882, 1
-0.26355534, -0.35020333, 0.00000000,  0, 20.83690095, 1
-0.26394860, -0.35063203, 0.00000000,  0, 20.86982989, 1
-0.26434585, -0.35108683, 0.00000000,  0, 20.90397382, 1
-0.26474479, -0.35154356, 0.00000000,  0, 20.93330097, 1
-0.26514276, -0.35199920, 0.00000000,  0, 20.96510887, 1
-0.26566326, -0.35263373, 0.00000000,  0, 21.00045395, 1
-0.26603711, -0.35314382, 0.00000000,  0, 21.03407693, 1
-0.26640221, -0.35364765, 0.00000000,  0, 21.06282091, 1
-0.26689925, -0.35428307, 0.00000000,  0, 21.10720301, 1
-0.26725565, -0.35474639, 0.00000000,  0, 21.13682890, 1
-0.26770955, -0.35534761, 0.00000000,  0, 21.16981983, 1
-0.26804249, -0.35583638, 0.00000000,  0, 21.20181799, 1
-0.26837633, -0.35633615, 0.00000000,  0, 21.23790789, 1
-0.26883084, -0.35703158, 0.00000000,  0, 21.27309489, 1
-0.26919974, -0.35753295, 0.00000000,  0, 21.30483079, 1
-0.26956213, -0.35804680, 0.00000000,  0, 21.33770084, 1
-0.26992258, -0.35855250, 0.00000000,  0, 21.37049699, 1
-0.27041679, -0.35921543, 0.00000000,  0, 21.40486979, 1
-0.27080218, -0.35970964, 0.00000000,  0, 21.43937898, 1
-0.27119865, -0.36021849, 0.00000000,  0, 21.46957803, 1
-0.27174658, -0.36085863, 0.00000000,  0, 21.50969982, 1
-0.27216635, -0.36134967, 0.00000000,  0, 21.53990483, 1
-0.27258429, -0.36184758, 0.00000000,  0, 21.57260084, 1
-0.27314058, -0.36253645, 0.00000000,  0, 21.61011100, 1
-0.27361312, -0.36318824, 0.00000000,  0, 21.65335584, 1
-0.27382094, -0.36357754, 0.00000000,  0, 21.68644691, 1
-0.27409221, -0.36398379, 0.00000000,  0, 21.71707892, 1
-0.27428782, -0.36435272, 0.00000000,  0, 21.74828291, 1
-0.27442923, -0.36469639, 0.00000000,  0, 21.77817893, 1
-0.27460720, -0.36506919, 0.00000000,  0, 21.80794597, 1
-0.27503455, -0.36569198, 0.00000000,  0, 21.84311795, 1
-0.27547785, -0.36623214, 0.00000000,  0, 21.88018584, 1
-0.27591890, -0.36672667, 0.00000000,  0, 21.90723395, 1
-0.27635634, -0.36721747, 0.00000000,  0, 21.93581986, 1
-0.27679486, -0.36770999, 0.00000000,  0, 21.96545982, 1
-0.27715788, -0.36813178, 0.00000000,  0, 21.99349284, 1
-0.27785899, -0.36893829, 0.00000000,  0, 22.02738380, 1
-0.27834258, -0.36947740, 0.00000000,  0, 22.05976582, 1
-0.27879967, -0.37000424, 0.00000000,  0, 22.09124684, 1
-0.27922547, -0.37055475, 0.00000000,  0, 22.12166095, 1
-0.27964635, -0.37112552, 0.00000000,  0, 22.15463996, 1
-0.28020950, -0.37187769, 0.00000000,  0, 22.19290400, 1
-0.28071859, -0.37254954, 0.00000000,  0, 22.22479486, 1
-0.28134130, -0.37337999, 0.00000000,  0, 22.26121593, 1
-0.28191886, -0.37412997, 0.00000000,  0, 22.30799198, 1
-0.28261294, -0.37502737, 0.00000000,  0, 22.35275888, 1
-0.28302429, -0.37558557, 0.00000000,  0, 22.38580179, 1
-0.28341070, -0.37612827, 0.00000000,  0, 22.41894603, 1
-0.28380251, -0.37666033, 0.00000000,  0, 22.44756579, 1
-0.28418862, -0.37717464, 0.00000000,  0, 22.47932696, 1
-0.28456623, -0.37768033, 0.00000000,  0, 22.51113081, 1
-0.28495552, -0.37819090, 0.00000000,  0, 22.54168797, 1
-0.28533795, -0.37868822, 0.00000000,  0, 22.57171798, 1
-0.28572940, -0.37916946, 0.00000000,  0, 22.59940696, 1
-0.28612723, -0.37963887, 0.00000000,  0, 22.62804794, 1
-0.28666007, -0.38025965, 0.00000000,  0, 22.66861796, 1
-0.28706274, -0.38071151, 0.00000000,  0, 22.69890094, 1
-0.28752306, -0.38122710, 0.00000000,  0, 22.72869682, 1
-0.28801399, -0.38184197, 0.00000000,  0, 22.75843191, 1
-0.28845889, -0.38245099, 0.00000000,  0, 22.79125190, 1
-0.28902271, -0.38320995, 0.00000000,  0, 22.82964683, 1
-0.28942289, -0.38375429, 0.00000000,  0, 22.86688590, 1
-0.29007458, -0.38459067, 0.00000000,  0, 22.91328502, 1
-0.29070655, -0.38544395, 0.00000000,  0, 22.95962596, 1
-0.29117671, -0.38606570, 0.00000000,  0, 23.00597882, 1
-0.29169588, -0.38671427, 0.00000000,  0, 23.05116200, 1
-0.29214932, -0.38739276, 0.00000000,  0, 23.09280181, 1
-0.29250339, -0.38791846, 0.00000000,  0, 23.12821889, 1
-0.29310014, -0.38881352, 0.00000000,  0, 23.16536403, 1
-0.29357408, -0.38954148, 0.00000000,  0, 23.20085287, 1
-0.29416431, -0.39045264, 0.00000000,  0, 23.23558784, 1
-0.29458772, -0.39104925, 0.00000000,  0, 23.27212191, 1
-0.29512906, -0.39176032, 0.00000000,  0, 23.31145191, 1
-0.29567276, -0.39241240, 0.00000000,  0, 23.34769082, 1
-0.29621055, -0.39303699, 0.00000000,  0, 23.37917495, 1
-0.29676330, -0.39362076, 0.00000000,  0, 23.41690993, 1
-0.29730737, -0.39417731, 0.00000000,  0, 23.44330096, 1
-0.29783726, -0.39471804, 0.00000000,  0, 23.47374582, 1
-0.29834905, -0.39525527, 0.00000000,  0, 23.50444889, 1
-0.29885697, -0.39582503, 0.00000000,  0, 23.53586197, 1
-0.29934497, -0.39640284, 0.00000000,  0, 23.56576586, 1
-0.29983052, -0.39701079, 0.00000000,  0, 23.59498000, 1
-0.30030714, -0.39762663, 0.00000000,  0, 23.62626982, 1
-0.30077224, -0.39823162, 0.00000000,  0, 23.66016698, 1
-0.30123540, -0.39883407, 0.00000000,  0, 23.68649697, 1
-0.30168952, -0.39943271, 0.00000000,  0, 23.71603298, 1
-0.30212661, -0.40002560, 0.00000000,  0, 23.74980283, 1
-0.30255959, -0.40061081, 0.00000000,  0, 23.77956891, 1
-0.30297508, -0.40116216, 0.00000000,  0, 23.80941582, 1
-0.30339192, -0.40171530, 0.00000000,  0, 23.84122896, 1
-0.30378765, -0.40223858, 0.00000000,  0, 23.87307787, 1
-0.30416866, -0.40272882, 0.00000000,  0, 23.90370297, 1
-0.30468433, -0.40340753, 0.00000000,  0, 23.93630290, 1
-0.30506704, -0.40388756, 0.00000000,  0, 23.96798086, 1
-0.30543662, -0.40437409, 0.00000000,  0, 24.00241995, 1
-0.30606207, -0.40520214, 0.00000000,  0, 24.04723883, 1
-0.30644888, -0.40570358, 0.00000000,  0, 24.08744383, 1
-0.30699337, -0.40636702, 0.00000000,  0, 24.11977601, 1
-0.30740285, -0.40687513, 0.00000000,  0, 24.15261292, 1
-0.30779721, -0.40733929, 0.00000000,  0, 24.18198085, 1
-0.30830794, -0.40795474, 0.00000000,  0, 24.22696090, 1
-0.30892664, -0.40873997, 0.00000000,  0, 24.27168679, 1
-0.30940801, -0.40936031, 0.00000000,  0, 24.30140281, 1
-0.30973688, -0.40978445, 0.00000000,  0, 24.32870603, 1
-0.31045362, -0.41071119, 0.00000000,  0, 24.36416984, 1
-0.31102907, -0.41145515, 0.00000000,  0, 24.39498401, 1
-0.31154132, -0.41210826, 0.00000000,  0, 24.42747283, 1
-0.31201531, -0.41276797, 0.00000000,  0, 24.46141291, 1
-0.31245535, -0.41337595, 0.00000000,  0, 24.48916698, 1
-0.31287836, -0.41396185, 0.00000000,  0, 24.51816487, 1
-0.31330980, -0.41457587, 0.00000000,  0, 24.55424500, 1
-0.31386429, -0.41534252, 0.00000000,  0, 24.58676386, 1
-0.31427287, -0.41589676, 0.00000000,  0, 24.62449288, 1
-0.31495155, -0.41680364, 0.00000000,  0, 24.66985297, 1
-0.31534618, -0.41733560, 0.00000000,  0, 24.70481181, 1
-0.31573843, -0.41786511, 0.00000000,  0, 24.73579502, 1
-0.31613358, -0.41839756, 0.00000000,  0, 24.76688600, 1
-0.31652948, -0.41893109, 0.00000000,  0, 24.79445100, 1
-0.31704476, -0.41963061, 0.00000000,  0, 24.83015299, 1
-0.31742382, -0.42014866, 0.00000000,  0, 24.86045384, 1
-0.31767192, -0.42048903, 0.00000000,  0, 24.88724685, 1
-0.31803667, -0.42099230, 0.00000000,  0, 24.91922188, 1
-0.31839872, -0.42150992, 0.00000000,  0, 24.95027494, 1
-0.31892997, -0.42238533, 0.00000000,  0, 24.98418188, 1
-0.31935005, -0.42309229, 0.00000000,  0, 25.01552892, 1
-0.31975753, -0.42374085, 0.00000000,  0, 25.04795194, 1
-0.32029833, -0.42454530, 0.00000000,  0, 25.08723783, 1
-0.32070581, -0.42514216, 0.00000000,  0, 25.11767387, 1
-0.32111397, -0.42573999, 0.00000000,  0, 25.14883685, 1
-0.32152250, -0.42631854, 0.00000000,  0, 25.18102694, 1
-0.32193315, -0.42684148, 0.00000000,  0, 25.21057892, 1
-0.32234464, -0.42735557, 0.00000000,  0, 25.24053693, 1
-0.32276474, -0.42783669, 0.00000000,  0, 25.26847792, 1
-0.32330454, -0.42844603, 0.00000000,  0, 25.30089784, 1
-0.32383053, -0.42902975, 0.00000000,  0, 25.33221292, 1
-0.32432996, -0.42958386, 0.00000000,  0, 25.36514187, 1
-0.32481020, -0.43012115, 0.00000000,  0, 25.39541888, 1
-0.32526676, -0.43062439, 0.00000000,  0, 25.42598486, 1
-0.32574578, -0.43118358, 0.00000000,  0, 25.45645595, 1
-0.32627769, -0.43181262, 0.00000000,  0, 25.48935890, 1
-0.32693471, -0.43258737, 0.00000000,  0, 25.52312303, 1
-0.32741335, -0.43314075, 0.00000000,  0, 25.55704999, 1
-0.32799490, -0.43381807, 0.00000000,  0, 25.60017800, 1
-0.32838400, -0.43433460, 0.00000000,  0, 25.62959981, 1
-0.32887050, -0.43499600, 0.00000000,  0, 25.67103982, 1
-0.32932635, -0.43561982, 0.00000000,  0, 25.70595980, 1
-0.32964221, -0.43608150, 0.00000000,  0, 25.73773193, 1
-0.32994541, -0.43653715, 0.00000000,  0, 25.76979280, 1
-0.33025076, -0.43699725, 0.00000000,  0, 25.79918885, 1
-0.33054700, -0.43742943, 0.00000000,  0, 25.82984185, 1
-0.33084746, -0.43785666, 0.00000000,  0, 25.85992384, 1
-0.33128454, -0.43844218, 0.00000000,  0, 25.89929199, 1
-0.33173092, -0.43911513, 0.00000000,  0, 25.93904185, 1
-0.33207819, -0.43959623, 0.00000000,  0, 25.97010303, 1
-0.33243007, -0.44007114, 0.00000000,  0, 26.00145197, 1
-0.33277923, -0.44052744, 0.00000000,  0, 26.03409696, 1
-0.33324177, -0.44111499, 0.00000000,  0, 26.07837892, 1
-0.33370125, -0.44170070, 0.00000000,  0, 26.11666679, 1
-0.33404573, -0.44216375, 0.00000000,  0, 26.15001488, 1
-0.33463197, -0.44297535, 0.00000000,  0, 26.19158387, 1
-0.33499704, -0.44347127, 0.00000000,  0, 26.22147894, 1
-0.33537453, -0.44396153, 0.00000000,  0, 26.25395298, 1
-0.33576348, -0.44445056, 0.00000000,  0, 26.28518581, 1
-0.33615590, -0.44493084, 0.00000000,  0, 26.31572485, 1
-0.33655166, -0.44540257, 0.00000000,  0, 26.34756184, 1
-0.33708733, -0.44605816, 0.00000000,  0, 26.38946390, 1
-0.33775774, -0.44688761, 0.00000000,  0, 26.43490100, 1
-0.33828620, -0.44753205, 0.00000000,  0, 26.47988892, 1
-0.33867841, -0.44799563, 0.00000000,  0, 26.50962496, 1
-0.33907665, -0.44844305, 0.00000000,  0, 26.53944683, 1
-0.33948040, -0.44887927, 0.00000000,  0, 26.56975985, 1
-0.33988151, -0.44931581, 0.00000000,  0, 26.60061502, 1
-0.34026634, -0.44975292, 0.00000000,  0, 26.63569784, 1
-0.34065583, -0.45021449, 0.00000000,  0, 26.66410780, 1
-0.34103937, -0.45066937, 0.00000000,  0, 26.69477797, 1
-0.34141826, -0.45111908, 0.00000000,  0, 26.72735596, 1
-0.34178723, -0.45157081, 0.00000000,  0, 26.75889897, 1
-0.34238733, -0.45236602, 0.00000000,  0, 26.80502796, 1
-0.34274010, -0.45283148, 0.00000000,  0, 26.83996487, 1
-0.34323335, -0.45349401, 0.00000000,  0, 26.88058996, 1
-0.34373736, -0.45419662, 0.00000000,  0, 26.91788888, 1
-0.34423235, -0.45493184, 0.00000000,  0, 26.95962691, 1
-0.34473959, -0.45563096, 0.00000000,  0, 26.99914885, 1
-0.34510724, -0.45615692, 0.00000000,  0, 27.02683687, 1
-0.34547989, -0.45664791, 0.00000000,  0, 27.06047297, 1
-0.34584471, -0.45712626, 0.00000000,  0, 27.09091592, 1
-0.34620827, -0.45760654, 0.00000000,  0, 27.12363601, 1
-0.34670658, -0.45826615, 0.00000000,  0, 27.15755486, 1
-0.34707313, -0.45874168, 0.00000000,  0, 27.19208789, 1
-0.34759166, -0.45939875, 0.00000000,  0, 27.23532987, 1
-0.34840274, -0.46040394, 0.00000000,  0, 27.28329492, 1
-0.34915631, -0.46132161, 0.00000000,  0, 27.33320093, 1
-0.34974877, -0.46203963, 0.00000000,  0, 27.37391281, 1
-0.35019304, -0.46253923, 0.00000000,  0, 27.40875983, 1
-0.35080506, -0.46322851, 0.00000000,  0, 27.44605398, 1
-0.35126963, -0.46375721, 0.00000000,  0, 27.47503185, 1
-0.35186923, -0.46444486, 0.00000000,  0, 27.51459694, 1
-0.35232794, -0.46496866, 0.00000000,  0, 27.54779696, 1
-0.35273972, -0.46550039, 0.00000000,  0, 27.57814503, 1
-0.35313036, -0.46605268, 0.00000000,  0, 27.60932779, 1
-0.35350648, -0.46658665, 0.00000000,  0, 27.63954401, 1
-0.35397677, -0.46723063, 0.00000000,  0, 27.67447686, 1
-0.35457338, -0.46805639, 0.00000000,  0, 27.70835686, 1
-0.35498353, -0.46861089, 0.00000000,  0, 27.74026585, 1
-0.35538466, -0.46913441, 0.00000000,  0, 27.77034593, 1
-0.35575585, -0.46964523, 0.00000000,  0, 27.80514598, 1
-0.35609468, -0.47033068, 0.00000000,  0, 27.85036683, 1
-0.35657476, -0.47102852, 0.00000000,  0, 27.88912988, 1
-0.35695515, -0.47154175, 0.00000000,  0, 27.92142391, 1
-0.35737823, -0.47207430, 0.00000000,  0, 27.95214295, 1
-0.35791090, -0.47272457, 0.00000000,  0, 27.98120093, 1
-0.35843333, -0.47333216, 0.00000000,  0, 28.01265192, 1
-0.35894082, -0.47391501, 0.00000000,  0, 28.04473591, 1
-0.35943064, -0.47447831, 0.00000000,  0, 28.07440495, 1
-0.36010776, -0.47525693, 0.00000000,  0, 28.11408997, 1
-0.36069914, -0.47593521, 0.00000000,  0, 28.14638400, 1
-0.36124672, -0.47658270, 0.00000000,  0, 28.17841983, 1
-0.36175662, -0.47720321, 0.00000000,  0, 28.21255684, 1
-0.36240956, -0.47800527, 0.00000000,  0, 28.24577093, 1
-0.36285502, -0.47854902, 0.00000000,  0, 28.27608085, 1
-0.36314346, -0.47890746, 0.00000000,  0, 28.30570793, 1
-0.36368819, -0.47959698, 0.00000000,  0, 28.33719301, 1
-0.36407386, -0.48014347, 0.00000000,  0, 28.36898088, 1
-0.36456832, -0.48086777, 0.00000000,  0, 28.41171098, 1
-0.36505764, -0.48159041, 0.00000000,  0, 28.44856787, 1
-0.36554694, -0.48226811, 0.00000000,  0, 28.49051785, 1
-0.36592087, -0.48278100, 0.00000000,  0, 28.52429986, 1
-0.36629844, -0.48328339, 0.00000000,  0, 28.55770397, 1
-0.36666526, -0.48372818, 0.00000000,  0, 28.58940291, 1
-0.36717286, -0.48428860, 0.00000000,  0, 28.62658286, 1
-0.36755906, -0.48469183, 0.00000000,  0, 28.65962100, 1
-0.36797432, -0.48510240, 0.00000000,  0, 28.69088888, 1
-0.36854208, -0.48567641, 0.00000000,  0, 28.72320294, 1
-0.36896618, -0.48610308, 0.00000000,  0, 28.76133680, 1
-0.36966924, -0.48681532, 0.00000000,  0, 28.80481982, 1
-0.37007333, -0.48724294, 0.00000000,  0, 28.83844399, 1
-0.37047332, -0.48767367, 0.00000000,  0, 28.86781383, 1
-0.37089220, -0.48818580, 0.00000000,  0, 28.90370083, 1
-0.37128609, -0.48877139, 0.00000000,  0, 28.94321990, 1
-0.37162472, -0.48947119, 0.00000000,  0, 28.98766279, 1
-0.37184829, -0.48989138, 0.00000000,  0, 29.01905894, 1
-0.37221777, -0.49042540, 0.00000000,  0, 29.05159783, 1
-0.37263347, -0.49099825, 0.00000000,  0, 29.08208680, 1
-0.37305131, -0.49155252, 0.00000000,  0, 29.11270595, 1
-0.37346766, -0.49206813, 0.00000000,  0, 29.14033484, 1
-0.37388367, -0.49258760, 0.00000000,  0, 29.16977692, 1
-0.37431080, -0.49311250, 0.00000000,  0, 29.20574689, 1
-0.37472700, -0.49360425, 0.00000000,  0, 29.23555183, 1
-0.37514049, -0.49409086, 0.00000000,  0, 29.26885200, 1
-0.37557439, -0.49460062, 0.00000000,  0, 29.29760695, 1
-0.37629859, -0.49544194, 0.00000000,  0, 29.33777499, 1
-0.37684051, -0.49607149, 0.00000000,  0, 29.36842299, 1
-0.37736944, -0.49669396, 0.00000000,  0, 29.39876580, 1
-0.37786722, -0.49727294, 0.00000000,  0, 29.43278980, 1
-0.37827709, -0.49779008, 0.00000000,  0, 29.46313500, 1
-0.37851035, -0.49819423, 0.00000000,  0, 29.49366689, 1
-0.37882166, -0.49873360, 0.00000000,  0, 29.53474402, 1
-0.37917677, -0.49934492, 0.00000000,  0, 29.57295990, 1
-0.37949515, -0.49983979, 0.00000000,  0, 29.60442400, 1
-0.37986980, -0.50035021, 0.00000000,  0, 29.63570285, 1
-0.38043120, -0.50100354, 0.00000000,  0, 29.67237401, 1
-0.38088110, -0.50146979, 0.00000000,  0, 29.70354795, 1
-0.38136603, -0.50192227, 0.00000000,  0, 29.73701286, 1
-0.38220951, -0.50278750, 0.00000000,  0, 29.77060294, 1
-0.38281914, -0.50340212, 0.00000000,  0, 29.80680180, 1
-0.38341457, -0.50401129, 0.00000000,  0, 29.83951783, 1
-0.38419713, -0.50478627, 0.00000000,  0, 29.87590694, 1
-0.38474594, -0.50537762, 0.00000000,  0, 29.90940785, 1
-0.38528065, -0.50598164, 0.00000000,  0, 29.94081402, 1
-0.38581600, -0.50658639, 0.00000000,  0, 29.97057986, 1
-0.38631990, -0.50714768, 0.00000000,  0, 30.00178599, 1
-0.38695350, -0.50787702, 0.00000000,  0, 30.03560400, 1
-0.38741574, -0.50842365, 0.00000000,  0, 30.06995893, 1
-0.38800021, -0.50911680, 0.00000000,  0, 30.10803890, 1
-0.38841863, -0.50963192, 0.00000000,  0, 30.14298081, 1
-0.38894417, -0.51031585, 0.00000000,  0, 30.17491102, 1
-0.38919577, -0.51064490, 0.00000000,  0, 30.20470381, 1
-0.38959511, -0.51119765, 0.00000000,  0, 30.23504186, 1
-0.39018761, -0.51205692, 0.00000000,  0, 30.27112484, 1
-0.39076781, -0.51283128, 0.00000000,  0, 30.30644584, 1
-0.39119632, -0.51336821, 0.00000000,  0, 30.33698988, 1
-0.39162341, -0.51390830, 0.00000000,  0, 30.36965895, 1
-0.39205328, -0.51443899, 0.00000000,  0, 30.40303683, 1
-0.39248925, -0.51493586, 0.00000000,  0, 30.43295979, 1
-0.39294353, -0.51542148, 0.00000000,  0, 30.46408200, 1
-0.39352694, -0.51605469, 0.00000000,  0, 30.49689484, 1
-0.39411003, -0.51668756, 0.00000000,  0, 30.52855587, 1
-0.39478145, -0.51742716, 0.00000000,  0, 30.55789590, 1
-0.39541429, -0.51812958, 0.00000000,  0, 30.58906579, 1
-0.39600944, -0.51880432, 0.00000000,  0, 30.61808801, 1
-0.39655433, -0.51939080, 0.00000000,  0, 30.64836192, 1
-0.39706832, -0.51996148, 0.00000000,  0, 30.68097281, 1
-0.39758250, -0.52053236, 0.00000000,  0, 30.71058583, 1
-0.39826580, -0.52129209, 0.00000000,  0, 30.74362803, 1
-0.39873038, -0.52183137, 0.00000000,  0, 30.77739882, 1
-0.39931683, -0.52252298, 0.00000000,  0, 30.81745100, 1
-0.39970737, -0.52302211, 0.00000000,  0, 30.84843087, 1
-0.40007470, -0.52349532, 0.00000000,  0, 30.87925887, 1
-0.40041317, -0.52394752, 0.00000000,  0, 30.91070294, 1
-0.40073412, -0.52440031, 0.00000000,  0, 30.94303584, 1
-0.40105118, -0.52487155, 0.00000000,  0, 30.97144389, 1
-0.40135927, -0.52533240, 0.00000000,  0, 31.00352192, 1
-0.40166105, -0.52577283, 0.00000000,  0, 31.03594184, 1
-0.40196919, -0.52621667, 0.00000000,  0, 31.06597090, 1
-0.40237418, -0.52682430, 0.00000000,  0, 31.10261989, 1
-0.40268693, -0.52730796, 0.00000000,  0, 31.13320780, 1
-0.40300690, -0.52775906, 0.00000000,  0, 31.16648793, 1
-0.40335531, -0.52826936, 0.00000000,  0, 31.19749498, 1
-0.40371067, -0.52875061, 0.00000000,  0, 31.22863388, 1
-0.40404985, -0.52922035, 0.00000000,  0, 31.25892687, 1
-0.40440723, -0.52975353, 0.00000000,  0, 31.29043293, 1
-0.40502492, -0.53062225, 0.00000000,  0, 31.33654499, 1
-0.40550967, -0.53128558, 0.00000000,  0, 31.38246393, 1
-0.40599155, -0.53191132, 0.00000000,  0, 31.41629887, 1
-0.40648261, -0.53255401, 0.00000000,  0, 31.45658994, 1
-0.40707930, -0.53337513, 0.00000000,  0, 31.50974488, 1
-0.40766871, -0.53419555, 0.00000000,  0, 31.56325603, 1
-0.40842075, -0.53515520, 0.00000000,  0, 31.61689782, 1
-0.40879783, -0.53560193, 0.00000000,  0, 31.65237689, 1
-0.40917872, -0.53604248, 0.00000000,  0, 31.68192887, 1
-0.40955632, -0.53648545, 0.00000000,  0, 31.71248794, 1
-0.40994232, -0.53695131, 0.00000000,  0, 31.74632287, 1
-0.41032936, -0.53739517, 0.00000000,  0, 31.77664089, 1
-0.41071735, -0.53785174, 0.00000000,  0, 31.80829787, 1
-0.41112000, -0.53834449, 0.00000000,  0, 31.83988190, 1
-0.41153676, -0.53886555, 0.00000000,  0, 31.86981392, 1
-0.41194466, -0.53936440, 0.00000000,  0, 31.89882183, 1
-0.41246192, -0.54002897, 0.00000000,  0, 31.93438387, 1
-0.41294214, -0.54066764, 0.00000000,  0, 31.96452594, 1
-0.41340244, -0.54127296, 0.00000000,  0, 31.99726295, 1
-0.41381123, -0.54183152, 0.00000000,  0, 32.02933693, 1
-0.41420090, -0.54234949, 0.00000000,  0, 32.06048584, 1
-0.41462560, -0.54289533, 0.00000000,  0, 32.08949089, 1
-0.41501886, -0.54339345, 0.00000000,  0, 32.12191892, 1
-0.41541503, -0.54388921, 0.00000000,  0, 32.15455580, 1
-0.41592391, -0.54452735, 0.00000000,  0, 32.18954182, 1
-0.41629909, -0.54500963, 0.00000000,  0, 32.22382402, 1
-0.41667327, -0.54547448, 0.00000000,  0, 32.25606585, 1
-0.41703987, -0.54594549, 0.00000000,  0, 32.28418589, 1
-0.41739922, -0.54640924, 0.00000000,  0, 32.31328082, 1
-0.41774445, -0.54688011, 0.00000000,  0, 32.34290886, 1
-0.41808151, -0.54734298, 0.00000000,  0, 32.37676501, 1
-0.41842557, -0.54779766, 0.00000000,  0, 32.40628791, 1
-0.41877986, -0.54826098, 0.00000000,  0, 32.43808103, 1
-0.41913582, -0.54873017, 0.00000000,  0, 32.46933198, 1
-0.41949222, -0.54920735, 0.00000000,  0, 32.50310397, 1
-0.41995832, -0.54986998, 0.00000000,  0, 32.54006100, 1
-0.42031628, -0.55038895, 0.00000000,  0, 32.57259989, 1
-0.42078631, -0.55104710, 0.00000000,  0, 32.60663700, 1
-0.42115146, -0.55154903, 0.00000000,  0, 32.63706493, 1
-0.42155070, -0.55209461, 0.00000000,  0, 32.67088795, 1
-0.42195606, -0.55262264, 0.00000000,  0, 32.70257783, 1
-0.42249661, -0.55331970, 0.00000000,  0, 32.73902202, 1
-0.42290430, -0.55381503, 0.00000000,  0, 32.77079582, 1
-0.42331444, -0.55427204, 0.00000000,  0, 32.80222893, 1
-0.42372616, -0.55471575, 0.00000000,  0, 32.83035994, 1
-0.42418595, -0.55519369, 0.00000000,  0, 32.86505389, 1
-0.42490026, -0.55596460, 0.00000000,  0, 32.90412688, 1
-0.42541594, -0.55651435, 0.00000000,  0, 32.93256092, 1
-0.42574729, -0.55687281, 0.00000000,  0, 32.96104097, 1
-0.42637873, -0.55761839, 0.00000000,  0, 33.00044394, 1
-0.42711464, -0.55854661, 0.00000000,  0, 33.04463983, 1
-0.42752097, -0.55909293, 0.00000000,  0, 33.07522798, 1
-0.42790874, -0.55959844, 0.00000000,  0, 33.10623693, 1
-0.42829135, -0.56009339, 0.00000000,  0, 33.14152288, 1
-0.42867057, -0.56057905, 0.00000000,  0, 33.17343998, 1
-0.42903830, -0.56105446, 0.00000000,  0, 33.20313501, 1
-0.42942678, -0.56156744, 0.00000000,  0, 33.23239183, 1
-0.42979592, -0.56209088, 0.00000000,  0, 33.26168680, 1
-0.43015811, -0.56260351, 0.00000000,  0, 33.29257894, 1
-0.43051896, -0.56313504, 0.00000000,  0, 33.32383990, 1
-0.43090102, -0.56375088, 0.00000000,  0, 33.35582900, 1
-0.43127738, -0.56433788, 0.00000000,  0, 33.38919687, 1
-0.43176589, -0.56503053, 0.00000000,  0, 33.42094779, 1
-0.43212783, -0.56552861, 0.00000000,  0, 33.45469785, 1
-0.43250404, -0.56600280, 0.00000000,  0, 33.48356485, 1
-0.43289139, -0.56645841, 0.00000000,  0, 33.51572394, 1
-0.43327990, -0.56691018, 0.00000000,  0, 33.54689002, 1
-0.43366895, -0.56736259, 0.00000000,  0, 33.57564282, 1
-0.43406466, -0.56782467, 0.00000000,  0, 33.60441995, 1
-0.43446742, -0.56830057, 0.00000000,  0, 33.63488102, 1
-0.43488217, -0.56875698, 0.00000000,  0, 33.66619682, 1
-0.43530288, -0.56919924, 0.00000000,  0, 33.70364881, 1
-0.43586305, -0.56977960, 0.00000000,  0, 33.73597980, 1
-0.43628228, -0.57022129, 0.00000000,  0, 33.76697397, 1
-0.43668938, -0.57068275, 0.00000000,  0, 33.79703784, 1
-0.43709155, -0.57115828, 0.00000000,  0, 33.83096099, 1
-0.43747740, -0.57160499, 0.00000000,  0, 33.86079383, 1
-0.43785790, -0.57204707, 0.00000000,  0, 33.89196992, 1
-0.43836053, -0.57268550, 0.00000000,  0, 33.93280292, 1
-0.43871121, -0.57317614, 0.00000000,  0, 33.96235180, 1
-0.43906680, -0.57365965, 0.00000000,  0, 33.99126196, 1
-0.43942718, -0.57416441, 0.00000000,  0, 34.02801991, 1
-0.43979593, -0.57467340, 0.00000000,  0, 34.05964684, 1
-0.44016848, -0.57515649, 0.00000000,  0, 34.08858585, 1
-0.44053717, -0.57563396, 0.00000000,  0, 34.11968398, 1
-0.44090122, -0.57611368, 0.00000000,  0, 34.14899302, 1
-0.44126190, -0.57658219, 0.00000000,  0, 34.18039298, 1
-0.44162072, -0.57703193, 0.00000000,  0, 34.20838189, 1
-0.44198865, -0.57748243, 0.00000000,  0, 34.24168181, 1
-0.44235286, -0.57793652, 0.00000000,  0, 34.27262592, 1
-0.44273143, -0.57841208, 0.00000000,  0, 34.30277991, 1
-0.44312021, -0.57890071, 0.00000000,  0, 34.33246779, 1
-0.44352640, -0.57944322, 0.00000000,  0, 34.36333990, 1
-0.44412141, -0.58034973, 0.00000000,  0, 34.39838696, 1
-0.44471378, -0.58124166, 0.00000000,  0, 34.44430399, 1
-0.44541375, -0.58222654, 0.00000000,  0, 34.49281788, 1
-0.44611127, -0.58315923, 0.00000000,  0, 34.54594398, 1
-0.44664701, -0.58386622, 0.00000000,  0, 34.58059692, 1
-0.44703974, -0.58438858, 0.00000000,  0, 34.61236286, 1
-0.44743855, -0.58491976, 0.00000000,  0, 34.64275599, 1
-0.44784791, -0.58548525, 0.00000000,  0, 34.67261100, 1
-0.44826795, -0.58608058, 0.00000000,  0, 34.70645881, 1
-0.44896591, -0.58696858, 0.00000000,  0, 34.75163293, 1
-0.44948076, -0.58759964, 0.00000000,  0, 34.79568791, 1
-0.44997731, -0.58821998, 0.00000000,  0, 34.84061599, 1
-0.45058869, -0.58899362, 0.00000000,  0, 34.88573885, 1
-0.45095061, -0.58944423, 0.00000000,  0, 34.91738796, 1
-0.45130851, -0.58989170, 0.00000000,  0, 34.95187593, 1
-0.45178681, -0.59052294, 0.00000000,  0, 34.98557496, 1
-0.45213358, -0.59099625, 0.00000000,  0, 35.02347088, 1
-0.45248032, -0.59146952, 0.00000000,  0, 35.05382895, 1
-0.45282721, -0.59194299, 0.00000000,  0, 35.08330488, 1
-0.45317507, -0.59241779, 0.00000000,  0, 35.11480689, 1
-0.45363785, -0.59304617, 0.00000000,  0, 35.15202188, 1
-0.45400477, -0.59355797, 0.00000000,  0, 35.18241382, 1
-0.45439036, -0.59409358, 0.00000000,  0, 35.21267581, 1
-0.45477898, -0.59462737, 0.00000000,  0, 35.24367189, 1
-0.45517562, -0.59516783, 0.00000000,  0, 35.27448082, 1
-0.45570191, -0.59587764, 0.00000000,  0, 35.31366181, 1
-0.45605718, -0.59635078, 0.00000000,  0, 35.34792995, 1
-0.45641175, -0.59685514, 0.00000000,  0, 35.38023281, 1
-0.45679534, -0.59738614, 0.00000000,  0, 35.41185880, 1
-0.45787417, -0.59894265, 0.00000000,  0, 35.45668602, 1
-0.45961729, -0.60143743, 0.00000000,  0, 35.51367593, 1
-0.46024938, -0.60240313, 0.00000000,  0, 35.54224896, 1
-0.46130326, -0.60402125, 0.00000000,  0, 35.57171893, 1
-0.46324436, -0.60699204, 0.00000000,  0, 35.61600089, 1
-0.46505325, -0.60975218, 0.00000000,  0, 35.65881681, 1
-0.46656765, -0.61200559, 0.00000000,  0, 35.68999100, 1
-0.46815572, -0.61434459, 0.00000000,  0, 35.71952295, 1
-0.46991896, -0.61686195, 0.00000000,  0, 35.74849796, 1
-0.47168130, -0.61938123, 0.00000000,  0, 35.77926898, 1
-0.47344246, -0.62191295, 0.00000000,  0, 35.81418586, 1
-0.47519381, -0.62446771, 0.00000000,  0, 35.84541202, 1
-0.47751548, -0.62785439, 0.00000000,  0, 35.88023496, 1
-0.47926158, -0.63040149, 0.00000000,  0, 35.91130400, 1
-0.48100957, -0.63295133, 0.00000000,  0, 35.94283295, 1
-0.48274868, -0.63548823, 0.00000000,  0, 35.97890186, 1
-0.48529689, -0.63945910, 0.00000000,  0, 36.01226401, 1
-0.48754084, -0.64327529, 0.00000000,  0, 36.04321790, 1
-0.48976905, -0.64706473, 0.00000000,  0, 36.08176279, 1
-0.49274017, -0.65211760, 0.00000000,  0, 36.12020183, 1
-0.49645674, -0.65843822, 0.00000000,  0, 36.16660380, 1
-0.49937130, -0.66337739, 0.00000000,  0, 36.21313596, 1
-0.50276148, -0.66901661, 0.00000000,  0, 36.25817084, 1
-0.50472305, -0.67223882, 0.00000000,  0, 36.29028893, 1
-0.50665413, -0.67539285, 0.00000000,  0, 36.31810999, 1
-0.50853602, -0.67843526, 0.00000000,  0, 36.35139585, 1
-0.51038667, -0.68135530, 0.00000000,  0, 36.38414192, 1
-0.51281701, -0.68509497, 0.00000000,  0, 36.42780995, 1
-0.51513385, -0.68857794, 0.00000000,  0, 36.45907283, 1
-0.51683675, -0.69107606, 0.00000000,  0, 36.49743986, 1
-0.51958153, -0.69513694, 0.00000000,  0, 36.54465485, 1
-0.52116486, -0.69756181, 0.00000000,  0, 36.57767391, 1
-0.52274461, -0.69998526, 0.00000000,  0, 36.61043286, 1
-0.52537781, -0.70402477, 0.00000000,  0, 36.65141201, 1
-0.52800972, -0.70806231, 0.00000000,  0, 36.70228601, 1
-0.53064246, -0.71210111, 0.00000000,  0, 36.75567484, 1
-0.53327504, -0.71613967, 0.00000000,  0, 36.80870700, 1
-0.53537960, -0.71936821, 0.00000000,  0, 36.85354781, 1
-0.53695946, -0.72179182, 0.00000000,  0, 36.88121390, 1
-0.53853917, -0.72421520, 0.00000000,  0, 36.91422081, 1
-0.54012637, -0.72664846, 0.00000000,  0, 36.94516897, 1
-0.54172109, -0.72909112, 0.00000000,  0, 36.97484303, 1
-0.54383031, -0.73235204, 0.00000000,  0, 37.00644302, 1
-0.54539001, -0.73482153, 0.00000000,  0, 37.03691292, 1
-0.54694387, -0.73728466, 0.00000000,  0, 37.07219791, 1
-0.54850018, -0.73975167, 0.00000000,  0, 37.10700703, 1
-0.55005239, -0.74221220, 0.00000000,  0, 37.13759089, 1
-0.55212515, -0.74549788, 0.00000000,  0, 37.17006397, 1
-0.55315084, -0.74714196, 0.00000000,  0, 37.19862986, 1
-0.55462799, -0.74961534, 0.00000000,  0, 37.22916985, 1
-0.55659424, -0.75290770, 0.00000000,  0, 37.26040888, 1
-0.55757777, -0.75455455, 0.00000000,  0, 37.29011202, 1
-0.55947081, -0.75785418, 0.00000000,  0, 37.32772088, 1
-0.56085254, -0.76033025, 0.00000000,  0, 37.35807085, 1
-0.56192400, -0.76257737, 0.00000000,  0, 37.38941789, 1
-0.56282154, -0.76479151, 0.00000000,  0, 37.42160988, 1
-0.56400123, -0.76781128, 0.00000000,  0, 37.45305181, 1
-0.56488246, -0.77009877, 0.00000000,  0, 37.48528886, 1
-0.56573874, -0.77244323, 0.00000000,  0, 37.52101493, 1
-0.56658017, -0.77482585, 0.00000000,  0, 37.55205202, 1
-0.56742295, -0.77721288, 0.00000000,  0, 37.58313894, 1
-0.56855747, -0.78039440, 0.00000000,  0, 37.61691093, 1
-0.56971656, -0.78357711, 0.00000000,  0, 37.65811300, 1
-0.57063051, -0.78608670, 0.00000000,  0, 37.69707394, 1
-0.57150198, -0.78847964, 0.00000000,  0, 37.72602391, 1
-0.57237283, -0.79087085, 0.00000000,  0, 37.75295997, 1
-0.57324304, -0.79326034, 0.00000000,  0, 37.78527689, 1
-0.57412261, -0.79564456, 0.00000000,  0, 37.81688380, 1
-0.57504657, -0.79801637, 0.00000000,  0, 37.84885502, 1
-0.57601806, -0.80038097, 0.00000000,  0, 37.88027096, 1
-0.57699649, -0.80274139, 0.00000000,  0, 37.91097784, 1
-0.57797287, -0.80507510, 0.00000000,  0, 37.94141388, 1
-0.57928309, -0.80816365, 0.00000000,  0, 37.97377491, 1
-0.58027570, -0.81047265, 0.00000000,  0, 38.00531983, 1
-0.58093983, -0.81201048, 0.00000000,  0, 38.03120494, 1
-0.58196022, -0.81429180, 0.00000000,  0, 38.06288981, 1
-0.58298126, -0.81657455, 0.00000000,  0, 38.09289980, 1
-0.58400501, -0.81886338, 0.00000000,  0, 38.12418389, 1
-0.58536624, -0.82190671, 0.00000000,  0, 38.15846896, 1
-0.58638821, -0.82419156, 0.00000000,  0, 38.19380689, 1
-0.58740824, -0.82647206, 0.00000000,  0, 38.22576284, 1
-0.58864308, -0.82919947, 0.00000000,  0, 38.25893497, 1
-0.58931101, -0.83098387, 0.00000000,  0, 38.29229593, 1
-0.58987369, -0.83261964, 0.00000000,  0, 38.32156301, 1
-0.59040645, -0.83412390, 0.00000000,  0, 38.35658193, 1
-0.59109037, -0.83604590, 0.00000000,  0, 38.39717293, 1
-0.59177249, -0.83776954, 0.00000000,  0, 38.43665886, 1
-0.59244785, -0.83936794, 0.00000000,  0, 38.47217488, 1
-0.59302035, -0.84061822, 0.00000000,  0, 38.50156784, 1
-0.59364507, -0.84191384, 0.00000000,  0, 38.53301883, 1
-0.59422352, -0.84309468, 0.00000000,  0, 38.56474400, 1
-0.59473942, -0.84415792, 0.00000000,  0, 38.59586287, 1
-0.59524833, -0.84520525, 0.00000000,  0, 38.62648082, 1
-0.59574559, -0.84619699, 0.00000000,  0, 38.65710187, 1
-0.59627102, -0.84720789, 0.00000000,  0, 38.68895292, 1
-0.59679906, -0.84820547, 0.00000000,  0, 38.72386789, 1
-0.59749183, -0.84948161, 0.00000000,  0, 38.75692391, 1
-0.59808072, -0.85049477, 0.00000000,  0, 38.78905082, 1
-0.59865809, -0.85137831, 0.00000000,  0, 38.82058883, 1
-0.59975704, -0.85294517, 0.00000000,  0, 38.86733294, 1
-0.60051506, -0.85401557, 0.00000000,  0, 38.90529490, 1
-0.60156196, -0.85548950, 0.00000000,  0, 38.94599581, 1
-0.60230309, -0.85656454, 0.00000000,  0, 38.97628284, 1
-0.60326264, -0.85797089, 0.00000000,  0, 39.01387501, 1
-0.60438077, -0.85974238, 0.00000000,  0, 39.05730700, 1
-0.60578444, -0.86197205, 0.00000000,  0, 39.10788679, 1
-0.60719071, -0.86420585, 0.00000000,  0, 39.16108990, 1
-0.60887420, -0.86688001, 0.00000000,  0, 39.21473002, 1
-0.61027826, -0.86911030, 0.00000000,  0, 39.26528692, 1
-0.61083880, -0.87000070, 0.00000000,  0, 39.29103279, 1
-0.61168090, -0.87133834, 0.00000000,  0, 39.32039380, 1
-0.61252235, -0.87267495, 0.00000000,  0, 39.34926891, 1
-0.61336426, -0.87401229, 0.00000000,  0, 39.38119888, 1
-0.61420698, -0.87535091, 0.00000000,  0, 39.41188693, 1
-0.61505011, -0.87669019, 0.00000000,  0, 39.44402885, 1
-0.61617390, -0.87847528, 0.00000000,  0, 39.47782302, 1
-0.61701783, -0.87981583, 0.00000000,  0, 39.50815701, 1
-0.61786441, -0.88116060, 0.00000000,  0, 39.54501081, 1
-0.61926546, -0.88338610, 0.00000000,  0, 39.58873987, 1
-0.62011318, -0.88473267, 0.00000000,  0, 39.62480783, 1
-0.62095506, -0.88606997, 0.00000000,  0, 39.65119386, 1
-0.62207758, -0.88785304, 0.00000000,  0, 39.69256282, 1
-0.62348128, -0.89008276, 0.00000000,  0, 39.74624991, 1
-0.62492333, -0.89242030, 0.00000000,  0, 39.79409289, 1
-0.62583144, -0.89398377, 0.00000000,  0, 39.82470894, 1
-0.62673642, -0.89554186, 0.00000000,  0, 39.85918188, 1
-0.62794319, -0.89761954, 0.00000000,  0, 39.89962792, 1
-0.62951870, -0.90041155, 0.00000000,  0, 39.94809198, 1
-0.63051882, -0.90225482, 0.00000000,  0, 39.98158884, 1
-0.63190783, -0.90485556, 0.00000000,  0, 40.02045202, 1
-0.63305375, -0.90693947, 0.00000000,  0, 40.04713082, 1
-0.63424447, -0.90908560, 0.00000000,  0, 40.07909083, 1
-0.63545704, -0.91125322, 0.00000000,  0, 40.10839796, 1
-0.63679151, -0.91349691, 0.00000000,  0, 40.14075398, 1
-0.63823931, -0.91583133, 0.00000000,  0, 40.17008781, 1
-0.63978578, -0.91824265, 0.00000000,  0, 40.19871593, 1
-0.64135642, -0.92070531, 0.00000000,  0, 40.23074293, 1
-0.64243198, -0.92236347, 0.00000000,  0, 40.25881886, 1
-0.64404360, -0.92484804, 0.00000000,  0, 40.28747797, 1
-0.64618871, -0.92815509, 0.00000000,  0, 40.32065201, 1
-0.64779006, -0.93064286, 0.00000000,  0, 40.35164189, 1
-0.64939097, -0.93314197, 0.00000000,  0, 40.38247800, 1
-0.65046219, -0.93481613, 0.00000000,  0, 40.40915990, 1
-0.65260658, -0.93818411, 0.00000000,  0, 40.44536281, 1
-0.65420173, -0.94071836, 0.00000000,  0, 40.48169279, 1
-0.65576622, -0.94326367, 0.00000000,  0, 40.51174188, 1
-0.65785368, -0.94665978, 0.00000000,  0, 40.54667187, 1
-0.65941683, -0.94920291, 0.00000000,  0, 40.58168101, 1
-0.66098843, -0.95175977, 0.00000000,  0, 40.61033392, 1
-0.66255463, -0.95430785, 0.00000000,  0, 40.64253592, 1
-0.66412313, -0.95685968, 0.00000000,  0, 40.67429280, 1
-0.66568799, -0.95940558, 0.00000000,  0, 40.70186996, 1
-0.66725444, -0.96195406, 0.00000000,  0, 40.73051691, 1
-0.66882191, -0.96450421, 0.00000000,  0, 40.76266098, 1
-0.67092757, -0.96792995, 0.00000000,  0, 40.79887581, 1
-0.67301493, -0.97132591, 0.00000000,  0, 40.83959699, 1
-0.67458122, -0.97387414, 0.00000000,  0, 40.87359381, 1
-0.67615235, -0.97643024, 0.00000000,  0, 40.90557599, 1
-0.67772348, -0.97898634, 0.00000000,  0, 40.93817782, 1
-0.67928839, -0.98153232, 0.00000000,  0, 40.96543694, 1
-0.68137336, -0.98492441, 0.00000000,  0, 41.00399089, 1
-0.68399237, -0.98918532, 0.00000000,  0, 41.05707383, 1
-0.68555881, -0.99173379, 0.00000000,  0, 41.08616495, 1
-0.68712609, -0.99428363, 0.00000000,  0, 41.11675382, 1
-0.68869049, -0.99682877, 0.00000000,  0, 41.14541483, 1
-0.69025678, -0.99937701, 0.00000000,  0, 41.17715096, 1
-0.69182128, -1.00192232, 0.00000000,  0, 41.20785594, 1
-0.69328942, -1.00459652, 0.00000000,  0, 41.23917580, 1
-0.69450615, -1.00725239, 0.00000000,  0, 41.27260780, 1
-0.69557806, -1.00995499, 0.00000000,  0, 41.30446100, 1
-0.69654629, -1.01260287, 0.00000000,  0, 41.33510590, 1
-0.69731638, -1.01515694, 0.00000000,  0, 41.36430597, 1
-0.69794134, -1.01765360, 0.00000000,  0, 41.39491296, 1
-0.69870255, -1.02104730, 0.00000000,  0, 41.42739201, 1
-0.69927006, -1.02365678, 0.00000000,  0, 41.45939088, 1
-0.69986775, -1.02619300, 0.00000000,  0, 41.49231887, 1
-0.70081335, -1.02969476, 0.00000000,  0, 41.53191090, 1
-0.70204260, -1.03412661, 0.00000000,  0, 41.58055282, 1
-0.70302734, -1.03767690, 0.00000000,  0, 41.62548399, 1
-0.70400935, -1.04121733, 0.00000000,  0, 41.67032886, 1
-0.70499099, -1.04475644, 0.00000000,  0, 41.71024799, 1
-0.70597379, -1.04829974, 0.00000000,  0, 41.74343586, 1
-0.70670970, -1.05095292, 0.00000000,  0, 41.77566886, 1
-0.70769510, -1.05450557, 0.00000000,  0, 41.81641793, 1
-0.70843392, -1.05716923, 0.00000000,  0, 41.84449697, 1
-0.70917234, -1.05983149, 0.00000000,  0, 41.87467384, 1
-0.70990852, -1.06248562, 0.00000000,  0, 41.90573788, 1
-0.71075317, -1.06515657, 0.00000000,  0, 41.93951082, 1
-0.71195540, -1.06872725, 0.00000000,  0, 41.97653389, 1
-0.71315840, -1.07230021, 0.00000000,  0, 42.02350283, 1
-0.71436119, -1.07587256, 0.00000000,  0, 42.05754590, 1
-0.71541721, -1.07849774, 0.00000000,  0, 42.09173393, 1
-0.71656125, -1.08109634, 0.00000000,  0, 42.11884379, 1
-0.71779400, -1.08367505, 0.00000000,  0, 42.14970088, 1
-0.71927668, -1.08621332, 0.00000000,  0, 42.18054199, 1
-0.72085801, -1.08873325, 0.00000000,  0, 42.21134090, 1
-0.72256327, -1.09122860, 0.00000000,  0, 42.23962092, 1
-0.72428717, -1.09372050, 0.00000000,  0, 42.27422094, 1
-0.72614704, -1.09616492, 0.00000000,  0, 42.30623198, 1
-0.72809190, -1.09860390, 0.00000000,  0, 42.33599281, 1
-0.73005445, -1.10104594, 0.00000000,  0, 42.36804080, 1
-0.73202444, -1.10347851, 0.00000000,  0, 42.39655089, 1
-0.73399345, -1.10590988, 0.00000000,  0, 42.42544198, 1
-0.73596396, -1.10834311, 0.00000000,  0, 42.45959783, 1
-0.73793517, -1.11077718, 0.00000000,  0, 42.49105597, 1
-0.73990588, -1.11321065, 0.00000000,  0, 42.52301288, 1
-0.74253379, -1.11645564, 0.00000000,  0, 42.55970097, 1
-0.74450811, -1.11889357, 0.00000000,  0, 42.58825088, 1
-0.74648438, -1.12133390, 0.00000000,  0, 42.61959195, 1
-0.74845456, -1.12376672, 0.00000000,  0, 42.65091896, 1
-0.75049217, -1.12628279, 0.00000000,  0, 42.68418384, 1
-0.75246143, -1.12871447, 0.00000000,  0, 42.71494699, 1
-0.75443472, -1.13115112, 0.00000000,  0, 42.74508286, 1
-0.75641210, -1.13359282, 0.00000000,  0, 42.77609181, 1
-0.75838409, -1.13602787, 0.00000000,  0, 42.80848193, 1
-0.76035322, -1.13845939, 0.00000000,  0, 42.83902788, 1
-0.76298051, -1.14170360, 0.00000000,  0, 42.87162399, 1
-0.76496020, -1.14414816, 0.00000000,  0, 42.90978885, 1
-0.76693122, -1.14658201, 0.00000000,  0, 42.93925595, 1
-0.76957511, -1.14984674, 0.00000000,  0, 42.97304893, 1
-0.77154828, -1.15228324, 0.00000000,  0, 43.00397897, 1
-0.77417600, -1.15552800, 0.00000000,  0, 43.04911685, 1
-0.77678197, -1.15880154, 0.00000000,  0, 43.08911991, 1
-0.77858445, -1.16140649, 0.00000000,  0, 43.11891389, 1
-0.78027615, -1.16409244, 0.00000000,  0, 43.14893389, 1
-0.78177280, -1.16691807, 0.00000000,  0, 43.17911983, 1
-0.78326051, -1.16975242, 0.00000000,  0, 43.21299601, 1
-0.78552106, -1.17438798, 0.00000000,  0, 43.25705600, 1
-0.78652556, -1.17709251, 0.00000000,  0, 43.28887486, 1
-0.78738397, -1.17977656, 0.00000000,  0, 43.31997180, 1
-0.78809193, -1.18235469, 0.00000000,  0, 43.35245800, 1
-0.78882182, -1.18504292, 0.00000000,  0, 43.38070798, 1
-0.78964552, -1.18804866, 0.00000000,  0, 43.41229486, 1
-0.79014761, -1.18987815, 0.00000000,  0, 43.44066882, 1
-0.79125471, -1.19366226, 0.00000000,  0, 43.47567487, 1
-0.79208481, -1.19649954, 0.00000000,  0, 43.50635886, 1
-0.79291474, -1.19933624, 0.00000000,  0, 43.53780699, 1
-0.79374612, -1.20217790, 0.00000000,  0, 43.57133102, 1
-0.79485304, -1.20596136, 0.00000000,  0, 43.60528183, 1
-0.79568431, -1.20880264, 0.00000000,  0, 43.63630199, 1
-0.79651483, -1.21164139, 0.00000000,  0, 43.67394590, 1
-0.79751580, -1.21451353, 0.00000000,  0, 43.70428491, 1
-0.79865597, -1.21727424, 0.00000000,  0, 43.73511386, 1
-0.79989650, -1.21994099, 0.00000000,  0, 43.76368093, 1
-0.80163181, -1.22344065, 0.00000000,  0, 43.79826784, 1
-0.80311912, -1.22608110, 0.00000000,  0, 43.83000493, 1
-0.80466785, -1.22872201, 0.00000000,  0, 43.86268187, 1
-0.80627688, -1.23127064, 0.00000000,  0, 43.89480591, 1
-0.80795468, -1.23377484, 0.00000000,  0, 43.92603183, 1
-0.81028376, -1.23718791, 0.00000000,  0, 43.95972681, 1
-0.81207652, -1.23972950, 0.00000000,  0, 43.99158502, 1
-0.81390892, -1.24232728, 0.00000000,  0, 44.02148581, 1
-0.81570917, -1.24487948, 0.00000000,  0, 44.05508780, 1
-0.81748149, -1.24740629, 0.00000000,  0, 44.08577991, 1
-0.81917300, -1.24990119, 0.00000000,  0, 44.11573982, 1
-0.82075173, -1.25236544, 0.00000000,  0, 44.14649701, 1
-0.82223580, -1.25482253, 0.00000000,  0, 44.17761493, 1
-0.82369902, -1.25727729, 0.00000000,  0, 44.20779395, 1
-0.82516057, -1.25972924, 0.00000000,  0, 44.23721480, 1
-0.82662106, -1.26217941, 0.00000000,  0, 44.26605797, 1
-0.82759296, -1.26380992, 0.00000000,  0, 44.29532695, 1
-0.82954036, -1.26707696, 0.00000000,  0, 44.32664394, 1
-0.83100233, -1.26952961, 0.00000000,  0, 44.36242199, 1
-0.83148906, -1.27034616, 0.00000000,  1, 44.36665201, 1
-0.83148906, -1.27034616, 0.00000000,  2, 44.36665201, 1
-0.83148906, -1.27034616, 0.00000000,  3, 44.36816692, 1
-0.83148906, -1.27034616, 0.00000000,  4, 44.36816692, 1
-0.83148906, -1.27034616, 0.00000000,  5, 44.36935997, 1
-0.83148906, -1.27034616, 0.00000000,  6, 44.36935997, 1
-0.83148906, -1.27034616, 0.00000000,  7, 44.37064385, 1
-0.83148906, -1.27034616, 0.00000000,  8, 44.37064385, 1
-0.83148906, -1.27034616, 0.00000000,  9, 44.37186599, 1
-0.83148906, -1.27034616, 0.00000000,  10, 44.37186599, 1
-0.83148906, -1.27034616, 0.00000000,  11, 44.37314582, 1
-0.83148906, -1.27034616, 0.00000000,  12, 44.37314582, 1
-0.83148906, -1.27034616, 0.00000000,  13, 44.37474084, 1
-0.83148906, -1.27034616, 0.00000000,  14, 44.37474084, 1
-0.83148906, -1.27034616, 0.00000000,  15, 44.37608385, 1
0.00000000, 0.00000000, 0.00000000,  16, 44.37608385, 1
-0.00048658, -0.00081630, 0.00000000,  16, 44.40547895, 1
-0.00243451, -0.00408423, 0.00000000,  16, 44.44228387, 1
-0.00389317, -0.00653134, 0.00000000,  16, 44.47557402, 1
-0.00584728, -0.00980963, 0.00000000,  16, 44.50923395, 1
-0.00730673, -0.01225805, 0.00000000,  16, 44.54492784, 1
-0.00876592, -0.01470604, 0.00000000,  16, 44.57814193, 1
-0.01120028, -0.01879002, 0.00000000,  16, 44.62588096, 1
-0.01315587, -0.02207080, 0.00000000,  16, 44.66964483, 1
-0.01510701, -0.02534411, 0.00000000,  16, 44.70526886, 1
-0.01658035, -0.02781584, 0.00000000,  16, 44.73983002, 1
-0.01847058, -0.03100950, 0.00000000,  16, 44.77677298, 1
-0.02057307, -0.03461559, 0.00000000,  16, 44.82824492, 1
-0.02198019, -0.03735973, 0.00000000,  16, 44.88214803, 1
-0.02267243, -0.03901621, 0.00000000,  16, 44.93161201, 1
-0.02284295, -0.03958775, 0.00000000,  16, 44.96506691, 1
-0.02290749, -0.04011316, 0.00000000,  16, 45.00471091, 1
-0.02287759, -0.04043421, 0.00000000,  16, 45.03682089, 1
-0.02280579, -0.04086736, 0.00000000,  16, 45.07125902, 1
-0.02274478, -0.04116671, 0.00000000,  16, 45.10450101, 1
-0.02266854, -0.04143048, 0.00000000,  16, 45.13885880, 1
-0.02256655, -0.04177393, 0.00000000,  16, 45.17108989, 1
-0.02251912, -0.04203789, 0.00000000,  16, 45.20074582, 1
-0.02249995, -0.04227789, 0.00000000,  16, 45.23358583, 1
-0.02250687, -0.04249799, 0.00000000,  16, 45.26692581, 1
-0.02253258, -0.04268434, 0.00000000,  16, 45.29816484, 1
-0.02257947, -0.04284938, 0.00000000,  16, 45.33234191, 1
-0.02269782, -0.04307964, 0.00000000,  16, 45.37147880, 1
-0.02281555, -0.04324529, 0.00000000,  16, 45.40161586, 1
-0.02295436, -0.04340240, 0.00000000,  16, 45.43118787, 1
-0.02312147, -0.04356908, 0.00000000,  16, 45.46429491, 1
-0.02329846, -0.04375609, 0.00000000,  16, 45.49529386, 1
-0.02363507, -0.04403206, 0.00000000,  16, 45.54488587, 1
-0.02400523, -0.04430605, 0.00000000,  16, 45.58982491, 1
-0.02423812, -0.04448175, 0.00000000,  16, 45.62979484, 1
-0.02450236, -0.04468868, 0.00000000,  16, 45.65831184, 1
-0.02474063, -0.04485876, 0.00000000,  16, 45.68679380, 1
-0.02497136, -0.04506041, 0.00000000,  16, 45.72240782, 1
-0.02531775, -0.04540943, 0.00000000,  16, 45.76386881, 1
-0.02551325, -0.04560357, 0.00000000,  16, 45.79795885, 1
-0.02570455, -0.04579436, 0.00000000,  16, 45.82681894, 1
-0.02586367, -0.04595857, 0.00000000,  16, 45.85828280, 1
-0.02600595, -0.04612300, 0.00000000,  16, 45.88895297, 1
-0.02613094, -0.04628445, 0.00000000,  16, 45.92092490, 1
-0.02624522, -0.04645028, 0.00000000,  16, 45.95380092, 1
-0.02635896, -0.04667042, 0.00000000,  16, 45.98689079, 1
-0.02660616, -0.04708541, 0.00000000,  16, 46.02010489, 1
-0.02692126, -0.04755190, 0.00000000,  16, 46.05552292, 1
-0.02718133, -0.04793791, 0.00000000,  16, 46.08663797, 1
-0.02741303, -0.04829347, 0.00000000,  16, 46.11366796, 1
-0.02763008, -0.04863340, 0.00000000,  16, 46.14218998, 1
-0.02781469, -0.04894489, 0.00000000,  16, 46.17189097, 1
-0.02805584, -0.04934310, 0.00000000,  16, 46.20908785, 1
-0.02837962, -0.04986343, 0.00000000,  16, 46.24527884, 1
-0.02857370, -0.05017349, 0.00000000,  16, 46.28038096, 1
-0.02880806, -0.05058465, 0.00000000,  16, 46.31504989, 1
-0.02892861, -0.05081114, 0.00000000,  16, 46.34170985, 1
-0.02911209, -0.05114051, 0.00000000,  16, 46.37146688, 1
-0.02929792, -0.05147074, 0.00000000,  16, 46.40310597, 1
-0.02945889, -0.05177041, 0.00000000,  16, 46.43436480, 1
-0.02960977, -0.05203293, 0.00000000,  16, 46.46517682, 1
-0.02977192, -0.05229984, 0.00000000,  16, 46.49408484, 1
-0.02994365, -0.05256494, 0.00000000,  16, 46.52298784, 1
-0.03016953, -0.05291086, 0.00000000,  16, 46.55791783, 1
-0.03032204, -0.05315136, 0.00000000,  16, 46.59106588, 1
-0.03047564, -0.05341288, 0.00000000,  16, 46.62346482, 1
-0.03069928, -0.05376845, 0.00000000,  16, 46.65873790, 1
-0.03087560, -0.05404224, 0.00000000,  16, 46.69172192, 1
-0.03111515, -0.05439572, 0.00000000,  16, 46.73098898, 1
-0.03136273, -0.05470452, 0.00000000,  16, 46.77819490, 1
-0.03167969, -0.05509357, 0.00000000,  16, 46.82368493, 1
-0.03187215, -0.05536219, 0.00000000,  16, 46.85669780, 1
-0.03206610, -0.05561656, 0.00000000,  16, 46.88557696, 1
-0.03224704, -0.05588256, 0.00000000,  16, 46.92014885, 1
-0.03248140, -0.05625651, 0.00000000,  16, 46.95365000, 1
-0.03262471, -0.05648748, 0.00000000,  16, 46.98528385, 1
-0.03275242, -0.05669397, 0.00000000,  16, 47.01664090, 1
-0.03286059, -0.05687442, 0.00000000,  16, 47.04765892, 1
-0.03297976, -0.05706127, 0.00000000,  16, 47.08177090, 1
-0.03312099, -0.05729150, 0.00000000,  16, 47.11259580, 1
-0.03332295, -0.05762781, 0.00000000,  16, 47.15010595, 1
-0.03355094, -0.05797933, 0.00000000,  16, 47.18929982, 1
-0.03385297, -0.05837851, 0.00000000,  16, 47.23769093, 1
-0.03408671, -0.05867910, 0.00000000,  16, 47.28112793, 1
-0.03425644, -0.05890189, 0.00000000,  16, 47.31381083, 1
-0.03449487, -0.05922495, 0.00000000,  16, 47.34946084, 1
-0.03467654, -0.05945997, 0.00000000,  16, 47.38371801, 1
-0.03485320, -0.05968184, 0.00000000,  16, 47.41956782, 1
-0.03510016, -0.05997865, 0.00000000,  16, 47.45644498, 1
-0.03527838, -0.06019785, 0.00000000,  16, 47.48885298, 1
-0.03549865, -0.06049598, 0.00000000,  16, 47.52271795, 1
-0.03566568, -0.06072156, 0.00000000,  16, 47.55701399, 1
-0.03584260, -0.06094895, 0.00000000,  16, 47.59082484, 1
-0.03608993, -0.06127707, 0.00000000,  16, 47.63046193, 1
-0.03639111, -0.06166281, 0.00000000,  16, 47.67543793, 1
-0.03658314, -0.06190209, 0.00000000,  16, 47.70761991, 1
-0.03680476, -0.06221155, 0.00000000,  16, 47.73765898, 1
-0.03709284, -0.06264106, 0.00000000,  16, 47.77663183, 1
-0.03730728, -0.06296065, 0.00000000,  16, 47.80784988, 1
-0.03751836, -0.06324680, 0.00000000,  16, 47.84501100, 1
-0.03772723, -0.06351337, 0.00000000,  16, 47.87608886, 1
-0.03800570, -0.06386618, 0.00000000,  16, 47.91049695, 1
-0.03821212, -0.06411935, 0.00000000,  16, 47.94142580, 1
-0.03841527, -0.06438597, 0.00000000,  16, 47.97062898, 1
-0.03854193, -0.06454480, 0.00000000,  16, 47.99615598, 1
-0.03873579, -0.06477824, 0.00000000,  16, 48.02830982, 1
-0.03899847, -0.06508868, 0.00000000,  16, 48.06130886, 1
-0.03918879, -0.06532981, 0.00000000,  16, 48.09182096, 1
-0.03936390, -0.06556877, 0.00000000,  16, 48.12501693, 1
-0.03953882, -0.06582765, 0.00000000,  16, 48.15920186, 1
-0.03976598, -0.06620674, 0.00000000,  16, 48.21051788, 1
-0.03998232, -0.06660396, 0.00000000,  16, 48.25412703, 1
-0.04011316, -0.06683395, 0.00000000,  16, 48.28780890, 1
-0.04024419, -0.06708781, 0.00000000,  16, 48.32173181, 1
-0.04038003, -0.06736022, 0.00000000,  16, 48.35326982, 1
-0.04058841, -0.06772348, 0.00000000,  16, 48.39313984, 1
-0.04080845, -0.06806256, 0.00000000,  16, 48.43503785, 1
-0.04101264, -0.06833751, 0.00000000,  16, 48.47137284, 1
-0.04124811, -0.06862281, 0.00000000,  16, 48.50545502, 1
-0.04163390, -0.06910131, 0.00000000,  16, 48.53508401, 1
-0.04198801, -0.06953577, 0.00000000,  16, 48.56659579, 1
-0.04240214, -0.07006036, 0.00000000,  16, 48.60076094, 1
-0.04267861, -0.07039229, 0.00000000,  16, 48.63592982, 1
-0.04293346, -0.07071248, 0.00000000,  16, 48.66797781, 1
-0.04314958, -0.07100130, 0.00000000,  16, 48.69818187, 1
-0.04335117, -0.07127361, 0.00000000,  16, 48.72970891, 1
-0.04360569, -0.07162033, 0.00000000,  16, 48.76273894, 1
-0.04378095, -0.07188002, 0.00000000,  16, 48.79930401, 1
-0.04395648, -0.07216317, 0.00000000,  16, 48.82869101, 1
-0.04417498, -0.07252835, 0.00000000,  16, 48.86881495, 1
-0.04433185, -0.07277802, 0.00000000,  16, 48.90165401, 1
-0.04454669, -0.07308943, 0.00000000,  16, 48.93734288, 1
-0.04475359, -0.07339108, 0.00000000,  16, 48.97517586, 1
-0.04491554, -0.07360773, 0.00000000,  16, 49.00704694, 1
-0.04512240, -0.07388741, 0.00000000,  16, 49.05326486, 1
-0.04534911, -0.07418455, 0.00000000,  16, 49.09903193, 1
-0.04548479, -0.07436618, 0.00000000,  16, 49.13089585, 1
-0.04567416, -0.07463618, 0.00000000,  16, 49.17722583, 1
-0.04595770, -0.07504454, 0.00000000,  16, 49.22041082, 1
-0.04626792, -0.07552332, 0.00000000,  16, 49.26957989, 1
-0.04646193, -0.07579385, 0.00000000,  16, 49.30851388, 1
-0.04672629, -0.07614828, 0.00000000,  16, 49.34452486, 1
-0.04691547, -0.07640688, 0.00000000,  16, 49.37830091, 1
-0.04716574, -0.07674535, 0.00000000,  16, 49.41398001, 1
-0.04734592, -0.07698438, 0.00000000,  16, 49.45082188, 1
-0.04766048, -0.07741225, 0.00000000,  16, 49.49377394, 1
-0.04784507, -0.07765748, 0.00000000,  16, 49.52543998, 1
-0.04802663, -0.07790052, 0.00000000,  16, 49.55887699, 1
-0.04826644, -0.07822656, 0.00000000,  16, 49.59833193, 1
-0.04844854, -0.07848924, 0.00000000,  16, 49.63278198, 1
-0.04863536, -0.07875513, 0.00000000,  16, 49.66315579, 1
-0.04882823, -0.07903781, 0.00000000,  16, 49.69383001, 1
-0.04901692, -0.07931065, 0.00000000,  16, 49.72302890, 1
-0.04920370, -0.07956571, 0.00000000,  16, 49.75398397, 1
-0.04935748, -0.07977893, 0.00000000,  16, 49.78514695, 1
-0.04955443, -0.08004479, 0.00000000,  16, 49.81804085, 1
-0.04975021, -0.08031733, 0.00000000,  16, 49.86043286, 1
-0.04989285, -0.08052790, 0.00000000,  16, 49.89475679, 1
-0.05004373, -0.08075554, 0.00000000,  16, 49.92672992, 1
-0.05019798, -0.08099793, 0.00000000,  16, 49.95705485, 1
-0.05035829, -0.08124145, 0.00000000,  16, 49.98876381, 1
-0.05057757, -0.08154954, 0.00000000,  16, 50.02196193, 1
-0.05074572, -0.08177064, 0.00000000,  16, 50.05492687, 1
-0.05112439, -0.08224656, 0.00000000,  16, 50.08400702, 1
-0.05144395, -0.08265765, 0.00000000,  16, 50.11579490, 1
-0.05171875, -0.08301680, 0.00000000,  16, 50.14732981, 1
-0.05193040, -0.08329263, 0.00000000,  16, 50.17720890, 1
-0.05211889, -0.08354628, 0.00000000,  16, 50.20653582, 1
-0.05231160, -0.08380510, 0.00000000,  16, 50.23773384, 1
-0.05244228, -0.08398748, 0.00000000,  16, 50.26555181, 1
-0.05265106, -0.08430434, 0.00000000,  16, 50.29903388, 1
-0.05279089, -0.08452300, 0.00000000,  16, 50.32925200, 1
-0.05291001, -0.08473910, 0.00000000,  16, 50.35882092, 1
-0.05302809, -0.08497268, 0.00000000,  16, 50.39465094, 1
-0.05319266, -0.08532656, 0.00000000,  16, 50.43135500, 1
-0.05336298, -0.08568935, 0.00000000,  16, 50.47767997, 1
-0.05356396, -0.08611377, 0.00000000,  16, 50.52418995, 1
-0.05371363, -0.08641643, 0.00000000,  16, 50.56920600, 1
-0.05395052, -0.08681299, 0.00000000,  16, 50.61554694, 1
-0.05415831, -0.08709496, 0.00000000,  16, 50.65707588, 1
-0.05434140, -0.08736124, 0.00000000,  16, 50.69015002, 1
-0.05463984, -0.08780903, 0.00000000,  16, 50.72301602, 1
-0.05486063, -0.08811448, 0.00000000,  16, 50.75550795, 1
-0.05507884, -0.08839714, 0.00000000,  16, 50.78687596, 1
-0.05528667, -0.08865610, 0.00000000,  16, 50.81784797, 1
-0.05549964, -0.08891256, 0.00000000,  16, 50.84774184, 1
-0.05571406, -0.08919527, 0.00000000,  16, 50.87853885, 1
-0.05591750, -0.08950818, 0.00000000,  16, 50.90928888, 1
-0.05611452, -0.08980266, 0.00000000,  16, 50.94435000, 1
-0.05635359, -0.09017055, 0.00000000,  16, 50.98163795, 1
-0.05652748, -0.09044529, 0.00000000,  16, 51.01422191, 1
-0.05669876, -0.09069790, 0.00000000,  16, 51.04541087, 1
-0.05688146, -0.09098074, 0.00000000,  16, 51.07520890, 1
-0.05706508, -0.09127240, 0.00000000,  16, 51.10674000, 1
-0.05723558, -0.09155063, 0.00000000,  16, 51.13821197, 1
-0.05746459, -0.09194123, 0.00000000,  16, 51.17126393, 1
-0.05764854, -0.09227460, 0.00000000,  16, 51.20312691, 1
-0.05784004, -0.09260790, 0.00000000,  16, 51.23733902, 1
-0.05816273, -0.09311105, 0.00000000,  16, 51.27187085, 1
-0.05855187, -0.09367435, 0.00000000,  16, 51.30431485, 1
-0.05891066, -0.09418973, 0.00000000,  16, 51.33534980, 1
-0.05923567, -0.09467419, 0.00000000,  16, 51.36636496, 1
-0.05953681, -0.09512600, 0.00000000,  16, 51.39821601, 1
-0.05980907, -0.09552288, 0.00000000,  16, 51.43088579, 1
-0.06006952, -0.09590372, 0.00000000,  16, 51.46408892, 1
-0.06033736, -0.09632314, 0.00000000,  16, 51.49415493, 1
-0.06068248, -0.09687341, 0.00000000,  16, 51.52823400, 1
-0.06097761, -0.09730338, 0.00000000,  16, 51.56075597, 1
-0.06136539, -0.09778376, 0.00000000,  16, 51.60222101, 1
-0.06174969, -0.09821596, 0.00000000,  16, 51.64181995, 1
-0.06211892, -0.09866656, 0.00000000,  16, 51.68332601, 1
-0.06253225, -0.09919005, 0.00000000,  16, 51.72702384, 1
-0.06296724, -0.09977467, 0.00000000,  16, 51.76778889, 1
-0.06335009, -0.10031829, 0.00000000,  16, 51.80617285, 1
-0.06371877, -0.10080047, 0.00000000,  16, 51.84790301, 1
-0.06397083, -0.10114474, 0.00000000,  16, 51.88061881, 1
-0.06421698, -0.10148846, 0.00000000,  16, 51.90941095, 1
-0.06445557, -0.10181721, 0.00000000,  16, 51.93967986, 1
-0.06475443, -0.10219108, 0.00000000,  16, 51.97721982, 1
-0.06505508, -0.10252123, 0.00000000,  16, 52.02243590, 1
-0.06528827, -0.10282201, 0.00000000,  16, 52.05349398, 1
-0.06561111, -0.10325100, 0.00000000,  16, 52.08870482, 1
-0.06585740, -0.10357147, 0.00000000,  16, 52.12086296, 1
-0.06628745, -0.10407036, 0.00000000,  16, 52.16975093, 1
-0.06663164, -0.10452689, 0.00000000,  16, 52.21580291, 1
-0.06688741, -0.10486144, 0.00000000,  16, 52.24689698, 1
-0.06722479, -0.10529921, 0.00000000,  16, 52.28042603, 1
-0.06747899, -0.10563304, 0.00000000,  16, 52.31471992, 1
-0.06771976, -0.10594659, 0.00000000,  16, 52.34350586, 1
-0.06794955, -0.10622406, 0.00000000,  16, 52.37442398, 1
-0.06817496, -0.10650162, 0.00000000,  16, 52.40592480, 1
-0.06839204, -0.10679323, 0.00000000,  16, 52.43756890, 1
-0.06865747, -0.10713908, 0.00000000,  16, 52.47948980, 1
-0.06890619, -0.10746158, 0.00000000,  16, 52.52080297, 1
-0.06918244, -0.10778980, 0.00000000,  16, 52.55799890, 1
-0.06939108, -0.10804108, 0.00000000,  16, 52.58751082, 1
-0.06959923, -0.10826380, 0.00000000,  16, 52.62065291, 1
-0.06980634, -0.10847997, 0.00000000,  16, 52.65418100, 1
-0.07006465, -0.10880333, 0.00000000,  16, 52.68774486, 1
-0.07018020, -0.10895024, 0.00000000,  16, 52.71435285, 1
-0.07039037, -0.10922994, 0.00000000,  16, 52.74627399, 1
-0.07049078, -0.10937651, 0.00000000,  16, 52.77606893, 1
-0.07069887, -0.10969310, 0.00000000,  16, 52.81613183, 1
-0.07094408, -0.11009233, 0.00000000,  16, 52.86016703, 1
-0.07107454, -0.11030644, 0.00000000,  16, 52.89106297, 1
-0.07117115, -0.11045610, 0.00000000,  16, 52.91789985, 1
-0.07131535, -0.11067937, 0.00000000,  16, 52.94604683, 1
-0.07149135, -0.11098549, 0.00000000,  16, 52.98091388, 1
-0.07169740, -0.11131859, 0.00000000,  16, 53.01435781, 1
-0.07202188, -0.11181345, 0.00000000,  16, 53.04552794, 1
-0.07229173, -0.11222446, 0.00000000,  16, 53.07658792, 1
-0.07251982, -0.11257140, 0.00000000,  16, 53.10706902, 1
-0.07272276, -0.11287997, 0.00000000,  16, 53.13727999, 1
-0.07290774, -0.11316876, 0.00000000,  16, 53.16889882, 1
-0.07308924, -0.11343344, 0.00000000,  16, 53.20190883, 1
-0.07333498, -0.11378361, 0.00000000,  16, 53.23691797, 1
-0.07352702, -0.11403878, 0.00000000,  16, 53.27054286, 1
-0.07379020, -0.11436492, 0.00000000,  16, 53.30965281, 1
-0.07400472, -0.11461613, 0.00000000,  16, 53.34079981, 1
-0.07423953, -0.11487746, 0.00000000,  16, 53.37226081, 1
-0.07452196, -0.11519616, 0.00000000,  16, 53.41488791, 1
-0.07473235, -0.11543671, 0.00000000,  16, 53.44914699, 1
-0.07501148, -0.11579332, 0.00000000,  16, 53.48048997, 1
-0.07522052, -0.11604825, 0.00000000,  16, 53.51686287, 1
-0.07543453, -0.11630120, 0.00000000,  16, 53.55084300, 1
-0.07576132, -0.11674119, 0.00000000,  16, 53.59519696, 1
-0.07599803, -0.11710028, 0.00000000,  16, 53.63489890, 1
-0.07618738, -0.11738379, 0.00000000,  16, 53.66771483, 1
-0.07659662, -0.11797484, 0.00000000,  16, 53.69978094, 1
-0.07704404, -0.11863654, 0.00000000,  16, 53.73156881, 1
-0.07747319, -0.11931797, 0.00000000,  16, 53.77091384, 1
-0.07779187, -0.11985877, 0.00000000,  16, 53.81083798, 1
-0.07805724, -0.12032096, 0.00000000,  16, 53.85066390, 1
-0.07823524, -0.12062376, 0.00000000,  16, 53.88033295, 1
-0.07840247, -0.12089064, 0.00000000,  16, 53.91329598, 1
-0.07864068, -0.12121882, 0.00000000,  16, 53.95656681, 1
-0.07889277, -0.12154320, 0.00000000,  16, 53.98877382, 1
-0.07909258, -0.12180645, 0.00000000,  16, 54.02042389, 1
-0.07929688, -0.12205548, 0.00000000,  16, 54.05313492, 1
-0.07949492, -0.12229924, 0.00000000,  16, 54.08536291, 1
-0.07968965, -0.12256054, 0.00000000,  16, 54.11679482, 1
-0.07995748, -0.12290266, 0.00000000,  16, 54.15154386, 1
-0.08015531, -0.12314796, 0.00000000,  16, 54.18443084, 1
-0.08033560, -0.12336081, 0.00000000,  16, 54.21417499, 1
-0.08051569, -0.12356169, 0.00000000,  16, 54.24761796, 1
-0.08069351, -0.12375314, 0.00000000,  16, 54.27919197, 1
-0.08087366, -0.12397259, 0.00000000,  16, 54.30977201, 1
-0.08102981, -0.12417779, 0.00000000,  16, 54.33733296, 1
-0.08118025, -0.12438275, 0.00000000,  16, 54.37305689, 1
-0.08132519, -0.12458670, 0.00000000,  16, 54.40442491, 1
-0.08151358, -0.12486131, 0.00000000,  16, 54.44390082, 1
-0.08169943, -0.12515343, 0.00000000,  16, 54.48325992, 1
-0.08184337, -0.12537406, 0.00000000,  16, 54.51496887, 1
-0.08204675, -0.12567639, 0.00000000,  16, 54.54855585, 1
-0.08215474, -0.12583290, 0.00000000,  16, 54.57607889, 1
-0.08236581, -0.12615505, 0.00000000,  16, 54.60972881, 1
-0.08251606, -0.12642123, 0.00000000,  16, 54.64349890, 1
-0.08267250, -0.12670892, 0.00000000,  16, 54.67518091, 1
-0.08282785, -0.12697815, 0.00000000,  16, 54.70793891, 1
-0.08298833, -0.12724099, 0.00000000,  16, 54.73625994, 1
-0.08315162, -0.12748062, 0.00000000,  16, 54.76746082, 1
-0.08352570, -0.12799373, 0.00000000,  16, 54.79709601, 1
-0.08385405, -0.12843076, 0.00000000,  16, 54.82792497, 1
-0.08413118, -0.12879162, 0.00000000,  16, 54.85968590, 1
-0.08445169, -0.12921423, 0.00000000,  16, 54.89229298, 1
-0.08459435, -0.12939539, 0.00000000,  16, 54.92188597, 1
-0.08480213, -0.12964861, 0.00000000,  16, 54.95188689, 1
-0.08499893, -0.12988805, 0.00000000,  16, 54.98211384, 1
-0.08531211, -0.13030813, 0.00000000,  16, 55.02469897, 1
-0.08547130, -0.13052777, 0.00000000,  16, 55.05794287, 1
-0.08567312, -0.13081370, 0.00000000,  16, 55.09561992, 1
-0.08581147, -0.13101726, 0.00000000,  16, 55.12785292, 1
-0.08595304, -0.13122485, 0.00000000,  16, 55.16115880, 1
-0.08609098, -0.13142482, 0.00000000,  16, 55.19102883, 1
-0.08625993, -0.13166594, 0.00000000,  16, 55.22812986, 1
-0.08643263, -0.13193114, 0.00000000,  16, 55.27033496, 1
-0.08656386, -0.13215676, 0.00000000,  16, 55.30421996, 1
-0.08677790, -0.13249895, 0.00000000,  16, 55.33552980, 1
-0.08714394, -0.13305061, 0.00000000,  16, 55.38078690, 1
-0.08741735, -0.13345368, 0.00000000,  16, 55.42796302, 1
-0.08763652, -0.13377750, 0.00000000,  16, 55.46461797, 1
-0.08777678, -0.13397511, 0.00000000,  16, 55.49819088, 1
-0.08792259, -0.13418437, 0.00000000,  16, 55.52891588, 1
-0.08808595, -0.13439286, 0.00000000,  16, 55.56017590, 1
-0.08830550, -0.13467910, 0.00000000,  16, 55.59913683, 1
-0.08859564, -0.13506762, 0.00000000,  16, 55.64660692, 1
-0.08877654, -0.13531775, 0.00000000,  16, 55.68088794, 1
-0.08896566, -0.13556769, 0.00000000,  16, 55.71089792, 1
-0.08922881, -0.13595509, 0.00000000,  16, 55.74856186, 1
-0.08947318, -0.13629362, 0.00000000,  16, 55.78027487, 1
-0.08999612, -0.13700335, 0.00000000,  16, 55.81993294, 1
-0.09031320, -0.13744757, 0.00000000,  16, 55.85289288, 1
-0.09075288, -0.13805589, 0.00000000,  16, 55.90385699, 1
-0.09098631, -0.13836937, 0.00000000,  16, 55.93751502, 1
-0.09126240, -0.13871483, 0.00000000,  16, 55.96979380, 1
-0.09151373, -0.13901891, 0.00000000,  16, 56.00438380, 1
-0.09191611, -0.13951663, 0.00000000,  16, 56.03688788, 1
-0.09234626, -0.14003523, 0.00000000,  16, 56.07074285, 1
-0.09260503, -0.14034678, 0.00000000,  16, 56.10196280, 1
-0.09283573, -0.14062089, 0.00000000,  16, 56.13423896, 1
-0.09313211, -0.14104202, 0.00000000,  16, 56.18073797, 1
-0.09345643, -0.14156397, 0.00000000,  16, 56.22742200, 1
-0.09380335, -0.14212683, 0.00000000,  16, 56.27397990, 1
-0.09419868, -0.14274935, 0.00000000,  16, 56.31640100, 1
-0.09453099, -0.14324355, 0.00000000,  16, 56.34955788, 1
-0.09486848, -0.14373055, 0.00000000,  16, 56.39255500, 1
-0.09515624, -0.14410114, 0.00000000,  16, 56.43050289, 1
-0.09536907, -0.14437035, 0.00000000,  16, 56.46281385, 1
-0.09563846, -0.14473706, 0.00000000,  16, 56.49935102, 1
-0.09583590, -0.14499078, 0.00000000,  16, 56.53121591, 1
-0.09603630, -0.14525078, 0.00000000,  16, 56.55981779, 1
-0.09642416, -0.14571835, 0.00000000,  16, 56.60355902, 1
-0.09684534, -0.14622086, 0.00000000,  16, 56.63686800, 1
-0.09719905, -0.14664758, 0.00000000,  16, 56.66540599, 1
-0.09750161, -0.14701957, 0.00000000,  16, 56.69526100, 1
-0.09775348, -0.14734683, 0.00000000,  16, 56.72399998, 1
-0.09797017, -0.14764381, 0.00000000,  16, 56.75664496, 1
-0.09820896, -0.14800099, 0.00000000,  16, 56.79675388, 1
-0.09835923, -0.14823521, 0.00000000,  16, 56.82726693, 1
-0.09856122, -0.14854192, 0.00000000,  16, 56.86838889, 1
-0.09875584, -0.14884810, 0.00000000,  16, 56.90956783, 1
-0.09889897, -0.14907163, 0.00000000,  16, 56.94121194, 1
-0.09913359, -0.14946090, 0.00000000,  16, 56.98956394, 1
-0.09938592, -0.14984878, 0.00000000,  16, 57.03908682, 1
-0.09955694, -0.15010473, 0.00000000,  16, 57.07211590, 1
-0.09973319, -0.15038327, 0.00000000,  16, 57.10014486, 1
-0.09991743, -0.15068547, 0.00000000,  16, 57.13409996, 1
-0.10010779, -0.15096922, 0.00000000,  16, 57.16515183, 1
-0.10030340, -0.15125813, 0.00000000,  16, 57.19617891, 1
-0.10063632, -0.15169573, 0.00000000,  16, 57.24112701, 1
-0.10082607, -0.15194788, 0.00000000,  16, 57.27044702, 1
-0.10101827, -0.15221281, 0.00000000,  16, 57.30514789, 1
-0.10120513, -0.15244152, 0.00000000,  16, 57.33551693, 1
-0.10145857, -0.15273093, 0.00000000,  16, 57.37985802, 1
-0.10169875, -0.15300243, 0.00000000,  16, 57.41185379, 1
-0.10201698, -0.15336288, 0.00000000,  16, 57.45372701, 1
-0.10250960, -0.15396224, 0.00000000,  16, 57.50000501, 1
-0.10298195, -0.15458250, 0.00000000,  16, 57.54553795, 1
-0.10321836, -0.15490739, 0.00000000,  16, 57.57405782, 1
-0.10342317, -0.15521261, 0.00000000,  16, 57.60664296, 1
-0.10361596, -0.15551784, 0.00000000,  16, 57.63836694, 1
-0.10379978, -0.15581084, 0.00000000,  16, 57.67435193, 1
-0.10405185, -0.15621570, 0.00000000,  16, 57.70571685, 1
