0.00000000, 0.00000000, 0.00000000,  0, 0.01715112, 0
0.00004670, 0.00005538, 0.00000000,  0, 0.03555703, 0
0.00008392, 0.00011409, 0.00000000,  0, 0.05962205, 0
0.00012464, 0.00020968, 0.00000000,  0, 0.08535099, 0
0.00012634, 0.00030089, 0.00000000,  0, 0.11762404, 0
0.00009662, 0.00038424, 0.00000000,  0, 0.14305305, 0
0.00005719, 0.00043808, 0.00000000,  0, 0.16952109, 0
-0.00002384, 0.00051706, 0.00000000,  0, 0.20019603, 0
-0.00012216, 0.00059415, 0.00000000,  0, 0.22935891, 0
-0.00022319, 0.00066997, 0.00000000,  0, 0.25682402, 0
-0.00029843, 0.00071352, 0.00000000,  0, 0.28076100, 0
-0.00043148, 0.00076289, 0.00000000,  0, 0.30723310, 0
-0.00052629, 0.00079698, 0.00000000,  0, 0.33568907, 0
-0.00065665, 0.00085532, 0.00000000,  0, 0.36335802, 0
-0.00073509, 0.00089278, 0.00000000,  0, 0.39313412, 0
-0.00086461, 0.00094900, 0.00000000,  0, 0.42222404, 0
-0.00095602, 0.00098929, 0.00000000,  0, 0.45028996, 0
-0.00103554, 0.00101732, 0.00000000,  0, 0.48106694, 0
-0.00110269, 0.00106266, 0.00000000,  0, 0.51542306, 0
-0.00111813, 0.00109310, 0.00000000,  0, 0.54395604, 0
-0.00113564, 0.00115420, 0.00000000,  0, 0.57125711, 0
-0.00114777, 0.00122544, 0.00000000,  0, 0.59841704, 0
-0.00115268, 0.00127304, 0.00000000,  0, 0.62753892, 0
-0.00114441, 0.00134469, 0.00000000,  0, 0.65602493, 0
-0.00113846, 0.00140526, 0.00000000,  0, 0.68726206, 0
-0.00111493, 0.00144882, 0.00000000,  0, 0.72237611, 0
-0.00110598, 0.00144148, 0.00000000,  0, 0.74501705, 0
-0.00108162, 0.00140949, 0.00000000,  0, 0.77157211, 0
-0.00104198, 0.00134397, 0.00000000,  0, 0.80305004, 0
-0.00099318, 0.00126637, 0.00000000,  0, 0.83750105, 0
-0.00093627, 0.00120307, 0.00000000,  0, 0.86577797, 0
-0.00089603, 0.00116018, 0.00000000,  0, 0.89111996, 0
-0.00083213, 0.00107973, 0.00000000,  0, 0.92120290, 0
-0.00074250, 0.00093148, 0.00000000,  0, 0.95516491, 0
-0.00067323, 0.00081747, 0.00000000,  0, 0.98648691, 0
-0.00060268, 0.00071525, 0.00000000,  0, 1.01575899, 0
-0.00055519, 0.00065168, 0.00000000,  0, 1.04000807, 0
-0.00050612, 0.00059110, 0.00000000,  0, 1.06096506, 0
-0.00041870, 0.00050413, 0.00000000,  0, 1.08762908, 0
-0.00035807, 0.00044863, 0.00000000,  0, 1.11222506, 0
-0.00026312, 0.00036758, 0.00000000,  0, 1.13780212, 0
-0.00020343, 0.00031463, 0.00000000,  0, 1.16128993, 0
-0.00014611, 0.00026257, 0.00000000,  0, 1.18660212, 0
-0.00006318, 0.00018537, 0.00000000,  0, 1.21187806, 0
0.00001651, 0.00010936, 0.00000000,  0, 1.24092197, 0
0.00009405, 0.00003420, 0.00000000,  0, 1.27246404, 0
0.00016866, -0.00004208, 0.00000000,  0, 1.30142403, 0
0.00020778, -0.00010240, 0.00000000,  0, 1.32929301, 0
0.00026247, -0.00021935, 0.00000000,  0, 1.36320710, 0
0.00028051, -0.00027348, 0.00000000,  0, 1.38801908, 0
0.00030024, -0.00034848, 0.00000000,  0, 1.41372705, 0
0.00030667, -0.00038680, 0.00000000,  0, 1.44027400, 0
0.00029494, -0.00042968, 0.00000000,  0, 1.46961498, 0
0.00024154, -0.00046273, 0.00000000,  0, 1.50542498, 0
0.00021814, -0.00046622, 0.00000000,  0, 1.53328395, 0
0.00019189, -0.00045990, 0.00000000,  0, 1.55774593, 0
0.00016995, -0.00044389, 0.00000000,  0, 1.58497190, 0
0.00011668, -0.00038569, 0.00000000,  0, 1.61816502, 0
0.00009034, -0.00034936, 0.00000000,  0, 1.64469504, 0
0.00002371, -0.00029311, 0.00000000,  0, 1.68073511, 0
-0.00005590, -0.00022434, 0.00000000,  0, 1.71962595, 0
-0.00009837, -0.00018570, 0.00000000,  0, 1.74874496, 0
-0.00016498, -0.00012331, 0.00000000,  0, 1.77302003, 0
-0.00020468, -0.00007980, 0.00000000,  0, 1.79917192, 0
-0.00025094, -0.00002191, 0.00000000,  0, 1.82586002, 0
-0.00027356, 0.00001536, 0.00000000,  0, 1.84726191, 0
-0.00029926, 0.00007360, 0.00000000,  0, 1.87683201, 0
-0.00031741, 0.00011663, 0.00000000,  0, 1.90837502, 0
-0.00034243, 0.00015958, 0.00000000,  0, 1.93456912, 0
-0.00036417, 0.00019391, 0.00000000,  0, 1.96342301, 0
-0.00037503, 0.00021100, 0.00000000,  0, 1.98735094, 0
-0.00038749, 0.00023051, 0.00000000,  0, 2.01428103, 0
-0.00039634, 0.00024426, 0.00000000,  0, 2.04449701, 0
-0.00040072, 0.00025101, 0.00000000,  0, 2.07004189, 0
-0.00040557, 0.00025839, 0.00000000,  0, 2.09590912, 0
-0.00040808, 0.00026216, 0.00000000,  0, 2.12423801, 0
-0.00041104, 0.00027239, 0.00000000,  0, 2.15237212, 0
-0.00041312, 0.00030252, 0.00000000,  0, 2.17747808, 0
-0.00041417, 0.00033000, 0.00000000,  0, 2.20249796, 0
-0.00041537, 0.00037938, 0.00000000,  0, 2.23468804, 0
-0.00041626, 0.00042610, 0.00000000,  0, 2.26407909, 0
-0.00041691, 0.00047242, 0.00000000,  0, 2.29083991, 0
-0.00041726, 0.00049846, 0.00000000,  0, 2.31617093, 0
-0.00041767, 0.00054109, 0.00000000,  0, 2.34782910, 0
-0.00041807, 0.00059782, 0.00000000,  0, 2.38428307, 0
-0.00042660, 0.00065074, 0.00000000,  0, 2.41371012, 0
-0.00044339, 0.00068945, 0.00000000,  0, 2.43870211, 0
-0.00046833, 0.00075218, 0.00000000,  0, 2.46478510, 0
-0.00049090, 0.00080600, 0.00000000,  0, 2.49012995, 0
-0.00051913, 0.00086924, 0.00000000,  0, 2.51188707, 0
-0.00056943, 0.00096011, 0.00000000,  0, 2.54196095, 0
-0.00062593, 0.00104538, 0.00000000,  0, 2.56490302, 0
-0.00066637, 0.00110017, 0.00000000,  0, 2.59062696, 0
-0.00073063, 0.00118052, 0.00000000,  0, 2.61686110, 0
-0.00077502, 0.00123236, 0.00000000,  0, 2.64243793, 0
-0.00082034, 0.00128353, 0.00000000,  0, 2.66493106, 0
-0.00088971, 0.00135920, 0.00000000,  0, 2.69242191, 0
-0.00098393, 0.00145874, 0.00000000,  0, 2.73053312, 0
-0.00107908, 0.00155676, 0.00000000,  0, 2.76824713, 0
-0.00112699, 0.00160549, 0.00000000,  0, 2.79102802, 0
-0.00119646, 0.00167838, 0.00000000,  0, 2.81990290, 0
-0.00125766, 0.00176351, 0.00000000,  0, 2.85121894, 0
-0.00131919, 0.00184925, 0.00000000,  0, 2.88492608, 0
-0.00136953, 0.00193037, 0.00000000,  0, 2.91179109, 0
-0.00140188, 0.00198291, 0.00000000,  0, 2.93547893, 0
-0.00142749, 0.00203076, 0.00000000,  0, 2.96043611, 0
-0.00145642, 0.00207736, 0.00000000,  0, 2.99004912, 0
-0.00147642, 0.00208778, 0.00000000,  0, 3.01409292, 0
-0.00148610, 0.00207997, 0.00000000,  0, 3.03960490, 0
-0.00149651, 0.00205121, 0.00000000,  0, 3.06478500, 0
-0.00150157, 0.00202073, 0.00000000,  0, 3.08808804, 0
-0.00150551, 0.00197698, 0.00000000,  0, 3.11350513, 0
-0.00150946, 0.00188866, 0.00000000,  0, 3.13847995, 0
-0.00151126, 0.00182637, 0.00000000,  0, 3.16165709, 0
-0.00151302, 0.00173727, 0.00000000,  0, 3.18642902, 0
-0.00151364, 0.00168028, 0.00000000,  0, 3.21483994, 0
-0.00151412, 0.00158258, 0.00000000,  0, 3.24114394, 0
-0.00151413, 0.00151824, 0.00000000,  0, 3.26573110, 0
-0.00151384, 0.00141510, 0.00000000,  0, 3.29120493, 0
-0.00151351, 0.00135091, 0.00000000,  0, 3.31690001, 0
-0.00151287, 0.00125001, 0.00000000,  0, 3.34109902, 0
-0.00151236, 0.00117457, 0.00000000,  0, 3.36670899, 0
-0.00151151, 0.00105189, 0.00000000,  0, 3.39232898, 0
-0.00151061, 0.00092208, 0.00000000,  0, 3.42155910, 0
-0.00150999, 0.00082642, 0.00000000,  0, 3.44335389, 0
-0.00150935, 0.00072551, 0.00000000,  0, 3.46625900, 0
-0.00151286, 0.00062522, 0.00000000,  0, 3.48893905, 0
-0.00152614, 0.00047548, 0.00000000,  0, 3.51337504, 0
-0.00153533, 0.00032840, 0.00000000,  0, 3.55140305, 0
-0.00154307, 0.00015032, 0.00000000,  0, 3.58888102, 0
-0.00154744, 0.00000459, 0.00000000,  0, 3.62975407, 0
-0.00155231, -0.00006865, 0.00000000,  0, 3.66047001, 0
-0.00157535, -0.00012731, 0.00000000,  0, 3.68590212, 0
-0.00159868, -0.00016240, 0.00000000,  0, 3.71260190, 0
-0.00164284, -0.00020218, 0.00000000,  0, 3.73756003, 0
-0.00167746, -0.00022119, 0.00000000,  0, 3.76368904, 0
-0.00173453, -0.00025640, 0.00000000,  0, 3.79030395, 0
-0.00177516, -0.00027488, 0.00000000,  0, 3.81524801, 0
-0.00183909, -0.00030140, 0.00000000,  0, 3.84004593, 0
-0.00188308, -0.00032661, 0.00000000,  0, 3.86244607, 0
-0.00195077, -0.00037257, 0.00000000,  0, 3.88939095, 0
-0.00199674, -0.00040771, 0.00000000,  0, 3.91455913, 0
-0.00206661, -0.00045168, 0.00000000,  0, 3.94220090, 0
-0.00213735, -0.00050149, 0.00000000,  0, 3.97461200, 0
-0.00220837, -0.00055769, 0.00000000,  0, 4.00574303, 0
-0.00230352, -0.00063961, 0.00000000,  0, 4.04176807, 0
-0.00237511, -0.00070231, 0.00000000,  0, 4.07055998, 0
-0.00242295, -0.00073493, 0.00000000,  0, 4.09767389, 0
-0.00249478, -0.00077103, 0.00000000,  0, 4.12617302, 0
-0.00256665, -0.00078563, 0.00000000,  0, 4.15318990, 0
-0.00261448, -0.00078893, 0.00000000,  0, 4.18176794, 0
-0.00271052, -0.00079295, 0.00000000,  0, 4.21341610, 0
-0.00275841, -0.00079399, 0.00000000,  0, 4.24197292, 0
-0.00283039, -0.00078325, 0.00000000,  0, 4.26963902, 0
-0.00287835, -0.00078404, 0.00000000,  0, 4.29253411, 0
-0.00295141, -0.00080078, 0.00000000,  0, 4.31955290, 0
-0.00299929, -0.00080957, 0.00000000,  0, 4.35194397, 0
-0.00309472, -0.00082156, 0.00000000,  0, 4.37900805, 0
-0.00316703, -0.00082685, 0.00000000,  0, 4.41234803, 0
-0.00324466, -0.00083092, 0.00000000,  0, 4.44797897, 0
-0.00329039, -0.00083238, 0.00000000,  0, 4.48052001, 0
-0.00331752, -0.00083281, 0.00000000,  0, 4.50290394, 0
-0.00334558, -0.00083961, 0.00000000,  0, 4.52599597, 0
-0.00339417, -0.00086345, 0.00000000,  0, 4.55009198, 0
-0.00345019, -0.00090310, 0.00000000,  0, 4.58361506, 0
-0.00351040, -0.00095174, 0.00000000,  0, 4.62004399, 0
-0.00359555, -0.00104343, 0.00000000,  0, 4.65701699, 0
-0.00366183, -0.00111577, 0.00000000,  0, 4.68851900, 0
-0.00370688, -0.00116391, 0.00000000,  0, 4.71085811, 0
-0.00375768, -0.00120092, 0.00000000,  0, 4.73697400, 0
-0.00378578, -0.00120992, 0.00000000,  0, 4.76096606, 0
-0.00382810, -0.00121263, 0.00000000,  0, 4.78911996, 0
-0.00385799, -0.00119409, 0.00000000,  0, 4.81636906, 0
-0.00387183, -0.00118189, 0.00000000,  0, 4.84129500, 0
-0.00388696, -0.00116376, 0.00000000,  0, 4.86951494, 0
-0.00389434, -0.00114570, 0.00000000,  0, 4.89260411, 0
-0.00390165, -0.00112558, 0.00000000,  0, 4.91918302, 0
-0.00391047, -0.00112042, 0.00000000,  0, 4.94459510, 0
-0.00392760, -0.00112197, 0.00000000,  0, 4.96799111, 0
-0.00393535, -0.00113254, 0.00000000,  0, 4.99360490, 0
-0.00394362, -0.00116176, 0.00000000,  0, 5.01997709, 0
-0.00394740, -0.00118667, 0.00000000,  0, 5.04582310, 0
-0.00395089, -0.00122026, 0.00000000,  0, 5.07184792, 0
-0.00395282, -0.00126433, 0.00000000,  0, 5.10467005, 0
-0.00395338, -0.00131716, 0.00000000,  0, 5.13632894, 0
-0.00395318, -0.00138299, 0.00000000,  0, 5.16372299, 0
-0.00395268, -0.00143353, 0.00000000,  0, 5.18633008, 0
-0.00395159, -0.00150834, 0.00000000,  0, 5.21261096, 0
-0.00395067, -0.00155769, 0.00000000,  0, 5.23923492, 0
-0.00394965, -0.00159633, 0.00000000,  0, 5.26233101, 0
-0.00394787, -0.00164693, 0.00000000,  0, 5.29111600, 0
-0.00394611, -0.00169141, 0.00000000,  0, 5.31659794, 0
-0.00394490, -0.00170449, 0.00000000,  0, 5.34339094, 0
-0.00393082, -0.00170321, 0.00000000,  0, 5.37137103, 0
-0.00391689, -0.00169838, 0.00000000,  0, 5.39998007, 0
-0.00390631, -0.00169437, 0.00000000,  0, 5.42981696, 0
-0.00390085, -0.00168364, 0.00000000,  0, 5.45499802, 0
-0.00389293, -0.00166629, 0.00000000,  0, 5.48436999, 0
-0.00387319, -0.00163335, 0.00000000,  0, 5.50869393, 0
-0.00386290, -0.00161018, 0.00000000,  0, 5.53514290, 0
-0.00385082, -0.00158342, 0.00000000,  0, 5.56399894, 0
-0.00384192, -0.00156426, 0.00000000,  0, 5.59144497, 0
-0.00383720, -0.00155239, 0.00000000,  0, 5.61637092, 0
-0.00383161, -0.00151998, 0.00000000,  0, 5.64196801, 0
-0.00383433, -0.00149123, 0.00000000,  0, 5.66989207, 0
-0.00384459, -0.00145061, 0.00000000,  0, 5.69790792, 0
-0.00384823, -0.00140200, 0.00000000,  0, 5.72741008, 0
-0.00383810, -0.00133337, 0.00000000,  0, 5.75682807, 0
-0.00382649, -0.00128042, 0.00000000,  0, 5.78128099, 0
-0.00380631, -0.00118474, 0.00000000,  0, 5.80951905, 0
-0.00379216, -0.00107616, 0.00000000,  0, 5.84005690, 0
-0.00379820, -0.00098368, 0.00000000,  0, 5.87012196, 0
-0.00381863, -0.00088859, 0.00000000,  0, 5.90087509, 0
-0.00385222, -0.00077817, 0.00000000,  0, 5.92967796, 0
-0.00389624, -0.00064755, 0.00000000,  0, 5.96104813, 0
-0.00394930, -0.00049226, 0.00000000,  0, 5.98768306, 0
-0.00398503, -0.00038630, 0.00000000,  0, 6.01377392, 0
-0.00402437, -0.00021156, 0.00000000,  0, 6.03864002, 0
-0.00405026, -0.00008792, 0.00000000,  0, 6.06551099, 0
-0.00409698, 0.00010551, 0.00000000,  0, 6.08989501, 0
-0.00412276, 0.00023956, 0.00000000,  0, 6.11714101, 0
-0.00415491, 0.00044261, 0.00000000,  0, 6.14294410, 0
-0.00419016, 0.00063796, 0.00000000,  0, 6.17979693, 0
-0.00424246, 0.00088706, 0.00000000,  0, 6.21684408, 0
-0.00429263, 0.00106022, 0.00000000,  0, 6.24845695, 0
-0.00433349, 0.00118055, 0.00000000,  0, 6.27346396, 0
-0.00439399, 0.00134082, 0.00000000,  0, 6.30049610, 0
-0.00445787, 0.00148828, 0.00000000,  0, 6.32501101, 0
-0.00450187, 0.00157387, 0.00000000,  0, 6.35170507, 0
-0.00459240, 0.00172310, 0.00000000,  0, 6.38973093, 0
-0.00466764, 0.00184977, 0.00000000,  0, 6.42843795, 0
-0.00471209, 0.00191493, 0.00000000,  0, 6.45723891, 0
-0.00473919, 0.00194681, 0.00000000,  0, 6.48315191, 0
-0.00478164, 0.00198298, 0.00000000,  0, 6.51284194, 0
-0.00484801, 0.00200665, 0.00000000,  0, 6.54123998, 0
-0.00489372, 0.00201808, 0.00000000,  0, 6.56506300, 0
-0.00496297, 0.00202993, 0.00000000,  0, 6.59012890, 0
-0.00500203, 0.00203519, 0.00000000,  0, 6.61623096, 0
-0.00504719, 0.00204054, 0.00000000,  0, 6.64205194, 0
-0.00506884, 0.00205295, 0.00000000,  0, 6.66955304, 0
-0.00509263, 0.00208428, 0.00000000,  0, 6.69234705, 0
-0.00510708, 0.00210873, 0.00000000,  0, 6.71806908, 0
-0.00514180, 0.00213505, 0.00000000,  0, 6.74435592, 0
-0.00517102, 0.00214772, 0.00000000,  0, 6.76958013, 0
-0.00522132, 0.00216159, 0.00000000,  0, 6.79580593, 0
-0.00525856, 0.00216780, 0.00000000,  0, 6.81867099, 0
-0.00531834, 0.00217404, 0.00000000,  0, 6.84448004, 0
-0.00536006, 0.00217678, 0.00000000,  0, 6.86923194, 0
-0.00540304, 0.00217970, 0.00000000,  0, 6.89174390, 0
-0.00546934, 0.00219596, 0.00000000,  0, 6.91796899, 0
-0.00553732, 0.00221708, 0.00000000,  0, 6.94555593, 0
-0.00559107, 0.00223125, 0.00000000,  0, 6.97245312, 0
-0.00567618, 0.00224627, 0.00000000,  0, 6.99904108, 0
-0.00577024, 0.00225591, 0.00000000,  0, 7.02708411, 0
-0.00582925, 0.00226029, 0.00000000,  0, 7.05585599, 0
-0.00590347, 0.00226462, 0.00000000,  0, 7.08419204, 0
-0.00595506, 0.00226687, 0.00000000,  0, 7.11191297, 0
-0.00599076, 0.00226765, 0.00000000,  0, 7.13973594, 0
-0.00601495, 0.00226761, 0.00000000,  0, 7.16797400, 0
-0.00605954, 0.00226695, 0.00000000,  0, 7.19456100, 0
-0.00608360, 0.00227686, 0.00000000,  0, 7.21915603, 0
-0.00612815, 0.00228749, 0.00000000,  0, 7.24640512, 0
-0.00617205, 0.00229460, 0.00000000,  0, 7.27312493, 0
-0.00620092, 0.00229771, 0.00000000,  0, 7.29598308, 0
-0.00622696, 0.00230645, 0.00000000,  0, 7.32153606, 0
-0.00625672, 0.00233330, 0.00000000,  0, 7.35087991, 0
-0.00628012, 0.00234946, 0.00000000,  0, 7.37814212, 0
-0.00631523, 0.00237918, 0.00000000,  0, 7.40548897, 0
-0.00632658, 0.00240381, 0.00000000,  0, 7.43265796, 0
-0.00635040, 0.00243627, 0.00000000,  0, 7.45935512, 0
-0.00634934, 0.00247775, 0.00000000,  0, 7.48663592, 0
-0.00633717, 0.00251002, 0.00000000,  0, 7.51356411, 0
-0.00630387, 0.00256447, 0.00000000,  0, 7.54177904, 0
-0.00625807, 0.00262389, 0.00000000,  0, 7.57022595, 0
-0.00622266, 0.00266548, 0.00000000,  0, 7.59784102, 0
-0.00616330, 0.00273611, 0.00000000,  0, 7.62336993, 0
-0.00611582, 0.00279532, 0.00000000,  0, 7.64908504, 0
-0.00603491, 0.00289805, 0.00000000,  0, 7.67392802, 0
-0.00595794, 0.00301161, 0.00000000,  0, 7.70384097, 0
-0.00589472, 0.00312083, 0.00000000,  0, 7.73151398, 0
-0.00585647, 0.00319361, 0.00000000,  0, 7.75810504, 0
-0.00579933, 0.00330951, 0.00000000,  0, 7.78543901, 0
-0.00575445, 0.00341454, 0.00000000,  0, 7.81719398, 0
-0.00571477, 0.00350860, 0.00000000,  0, 7.84700489, 0
-0.00569056, 0.00356706, 0.00000000,  0, 7.87224197, 0
-0.00564916, 0.00365105, 0.00000000,  0, 7.89786196, 0
-0.00561567, 0.00370486, 0.00000000,  0, 7.92391801, 0
-0.00554834, 0.00380885, 0.00000000,  0, 7.95873904, 0
-0.00551205, 0.00388414, 0.00000000,  0, 7.99248505, 0
-0.00547343, 0.00395051, 0.00000000,  0, 8.02077794, 0
-0.00544517, 0.00398545, 0.00000000,  0, 8.04899907, 0
-0.00543102, 0.00399975, 0.00000000,  0, 8.07842898, 0
-0.00543026, 0.00399544, 0.00000000,  0, 8.10347605, 0
-0.00543021, 0.00398058, 0.00000000,  0, 8.12658906, 0
-0.00543816, 0.00394488, 0.00000000,  0, 8.15399694, 0
-0.00544724, 0.00391413, 0.00000000,  0, 8.18038106, 0
-0.00545766, 0.00387268, 0.00000000,  0, 8.20686007, 0
-0.00548886, 0.00383885, 0.00000000,  0, 8.23671794, 0
-0.00552706, 0.00380720, 0.00000000,  0, 8.25993204, 0
-0.00556494, 0.00377364, 0.00000000,  0, 8.28130102, 0
-0.00563435, 0.00371643, 0.00000000,  0, 8.30840397, 0
-0.00572611, 0.00363983, 0.00000000,  0, 8.33670306, 0
-0.00583530, 0.00354610, 0.00000000,  0, 8.36867905, 0
-0.00591384, 0.00348178, 0.00000000,  0, 8.39620590, 0
-0.00602923, 0.00338177, 0.00000000,  0, 8.42073798, 0
-0.00613299, 0.00328823, 0.00000000,  0, 8.44961095, 0
-0.00619588, 0.00322921, 0.00000000,  0, 8.47591496, 0
-0.00625828, 0.00314422, 0.00000000,  0, 8.50220609, 0
-0.00627786, 0.00308907, 0.00000000,  0, 8.52886391, 0
-0.00628226, 0.00300824, 0.00000000,  0, 8.55417395, 0
-0.00626404, 0.00292904, 0.00000000,  0, 8.58270502, 0
-0.00624197, 0.00287717, 0.00000000,  0, 8.60945106, 0
-0.00619764, 0.00279381, 0.00000000,  0, 8.63529491, 0
-0.00614506, 0.00269309, 0.00000000,  0, 8.66902995, 0
-0.00612087, 0.00258407, 0.00000000,  0, 8.69678092, 0
-0.00608792, 0.00246733, 0.00000000,  0, 8.71948791, 0
-0.00606540, 0.00239739, 0.00000000,  0, 8.74540091, 0
-0.00602161, 0.00229995, 0.00000000,  0, 8.77342510, 0
-0.00598629, 0.00220937, 0.00000000,  0, 8.80343103, 0
-0.00597882, 0.00215177, 0.00000000,  0, 8.82782602, 0
-0.00599516, 0.00206340, 0.00000000,  0, 8.85263395, 0
-0.00602243, 0.00199483, 0.00000000,  0, 8.88029408, 0
-0.00607112, 0.00189117, 0.00000000,  0, 8.90985513, 0
-0.00611082, 0.00179670, 0.00000000,  0, 8.93757892, 0
-0.00614517, 0.00170845, 0.00000000,  0, 8.97174191, 0
-0.00619010, 0.00162444, 0.00000000,  0, 8.99811196, 0
-0.00622529, 0.00157058, 0.00000000,  0, 9.02282310, 0
-0.00630329, 0.00147318, 0.00000000,  0, 9.05727100, 0
-0.00634490, 0.00143839, 0.00000000,  0, 9.08024192, 0
-0.00638791, 0.00141094, 0.00000000,  0, 9.10308003, 0
-0.00645450, 0.00137969, 0.00000000,  0, 9.12683010, 0
-0.00650001, 0.00136495, 0.00000000,  0, 9.15468097, 0
-0.00655573, 0.00134841, 0.00000000,  0, 9.18166590, 0
-0.00661460, 0.00133737, 0.00000000,  0, 9.20990205, 0
-0.00665610, 0.00133219, 0.00000000,  0, 9.23556995, 0
-0.00672078, 0.00132645, 0.00000000,  0, 9.26407599, 0
-0.00678783, 0.00132302, 0.00000000,  0, 9.29176092, 0
-0.00686511, 0.00132100, 0.00000000,  0, 9.31862593, 0
-0.00691297, 0.00132782, 0.00000000,  0, 9.34517407, 0
-0.00700450, 0.00134133, 0.00000000,  0, 9.37391996, 0
-0.00710210, 0.00137100, 0.00000000,  0, 9.39974594, 0
-0.00716515, 0.00139807, 0.00000000,  0, 9.42491603, 0
-0.00723735, 0.00144673, 0.00000000,  0, 9.45642495, 0
-0.00729051, 0.00150296, 0.00000000,  0, 9.48313308, 0
-0.00732599, 0.00154380, 0.00000000,  0, 9.50758910, 0
-0.00734432, 0.00161390, 0.00000000,  0, 9.54104304, 0
-0.00734676, 0.00170514, 0.00000000,  0, 9.57200694, 0
-0.00733031, 0.00181474, 0.00000000,  0, 9.59952807, 0
-0.00729722, 0.00192766, 0.00000000,  0, 9.62747407, 0
-0.00726809, 0.00199655, 0.00000000,  0, 9.65166903, 0
-0.00721675, 0.00210421, 0.00000000,  0, 9.67554212, 0
-0.00718869, 0.00218363, 0.00000000,  0, 9.70189190, 0
-0.00715643, 0.00230947, 0.00000000,  0, 9.72573090, 0
-0.00713740, 0.00239678, 0.00000000,  0, 9.75289202, 0
-0.00711317, 0.00248603, 0.00000000,  0, 9.77360392, 0
-0.00708032, 0.00262357, 0.00000000,  0, 9.79853392, 0
-0.00705147, 0.00271703, 0.00000000,  0, 9.82433105, 0
-0.00696734, 0.00290604, 0.00000000,  0, 9.85821795, 0
-0.00692009, 0.00300137, 0.00000000,  0, 9.88625598, 0
-0.00684651, 0.00314159, 0.00000000,  0, 9.91027713, 0
-0.00679802, 0.00322278, 0.00000000,  0, 9.93695211, 0
-0.00672049, 0.00336563, 0.00000000,  0, 9.97393012, 0
-0.00668134, 0.00345172, 0.00000000,  0, 10.00363302, 0
-0.00666856, 0.00351224, 0.00000000,  0, 10.03127313, 0
-0.00667387, 0.00354265, 0.00000000,  0, 10.05882692, 0
-0.00671460, 0.00357529, 0.00000000,  0, 10.08259797, 0
-0.00674660, 0.00359181, 0.00000000,  0, 10.10481596, 0
-0.00678208, 0.00360121, 0.00000000,  0, 10.13056612, 0
-0.00684045, 0.00359260, 0.00000000,  0, 10.15947700, 0
-0.00690283, 0.00357795, 0.00000000,  0, 10.18935394, 0
-0.00696876, 0.00354657, 0.00000000,  0, 10.21637893, 0
-0.00701870, 0.00351873, 0.00000000,  0, 10.24448991, 0
-0.00710165, 0.00346868, 0.00000000,  0, 10.26611090, 0
-0.00715542, 0.00343065, 0.00000000,  0, 10.29198408, 0
-0.00720814, 0.00339047, 0.00000000,  0, 10.31499791, 0
-0.00728629, 0.00332639, 0.00000000,  0, 10.33933401, 0
-0.00737763, 0.00325863, 0.00000000,  0, 10.37098598, 0
-0.00743946, 0.00320848, 0.00000000,  0, 10.39199495, 0
-0.00753790, 0.00311442, 0.00000000,  0, 10.41944194, 0
-0.00764157, 0.00300419, 0.00000000,  0, 10.45073295, 0
-0.00770703, 0.00292435, 0.00000000,  0, 10.47626901, 0
-0.00779805, 0.00279726, 0.00000000,  0, 10.50371504, 0
-0.00788399, 0.00266473, 0.00000000,  0, 10.53787112, 0
-0.00797937, 0.00252685, 0.00000000,  0, 10.56651902, 0
-0.00809856, 0.00233969, 0.00000000,  0, 10.60094905, 0
-0.00818204, 0.00219647, 0.00000000,  0, 10.63654113, 0
-0.00826219, 0.00206197, 0.00000000,  0, 10.67165303, 0
-0.00835752, 0.00189221, 0.00000000,  0, 10.70718312, 0
-0.00840660, 0.00178112, 0.00000000,  0, 10.74246812, 0
-0.00843947, 0.00168221, 0.00000000,  0, 10.77375102, 0
-0.00846485, 0.00158476, 0.00000000,  0, 10.79676199, 0
-0.00847547, 0.00152722, 0.00000000,  0, 10.81948495, 0
-0.00848366, 0.00147135, 0.00000000,  0, 10.84387112, 0
-0.00852009, 0.00139054, 0.00000000,  0, 10.87124300, 0
-0.00855060, 0.00133827, 0.00000000,  0, 10.89699507, 0
-0.00858394, 0.00126146, 0.00000000,  0, 10.92161608, 0
-0.00859535, 0.00121085, 0.00000000,  0, 10.94797802, 0
-0.00859955, 0.00113612, 0.00000000,  0, 10.97364807, 0
-0.00858511, 0.00108669, 0.00000000,  0, 10.99739790, 0
-0.00853459, 0.00101325, 0.00000000,  0, 11.02352810, 0
-0.00848322, 0.00096455, 0.00000000,  0, 11.04832006, 0
-0.00839083, 0.00089143, 0.00000000,  0, 11.07962108, 0
-0.00830331, 0.00081901, 0.00000000,  0, 11.10977411, 0
-0.00819188, 0.00072290, 0.00000000,  0, 11.14551592, 0
-0.00811077, 0.00065087, 0.00000000,  0, 11.17837405, 0
-0.00800552, 0.00055528, 0.00000000,  0, 11.21307993, 0
-0.00795369, 0.00051687, 0.00000000,  0, 11.24005103, 0
-0.00791056, 0.00048649, 0.00000000,  0, 11.26289296, 0
-0.00786152, 0.00045188, 0.00000000,  0, 11.28724408, 0
-0.00784759, 0.00043549, 0.00000000,  0, 11.31263208, 0
-0.00783214, 0.00041824, 0.00000000,  0, 11.33675909, 0
-0.00782903, 0.00040985, 0.00000000,  0, 11.35745692, 0
-0.00783258, 0.00040348, 0.00000000,  0, 11.37819195, 0
-0.00783646, 0.00039687, 0.00000000,  0, 11.40823007, 0
-0.00786372, 0.00039276, 0.00000000,  0, 11.44399309, 0
-0.00792300, 0.00039065, 0.00000000,  0, 11.47087097, 0
-0.00798712, 0.00039987, 0.00000000,  0, 11.49825406, 0
-0.00803178, 0.00041823, 0.00000000,  0, 11.52331805, 0
-0.00806877, 0.00044275, 0.00000000,  0, 11.54434896, 0
-0.00809825, 0.00047265, 0.00000000,  0, 11.56812406, 0
-0.00814426, 0.00052501, 0.00000000,  0, 11.59677100, 0
-0.00819857, 0.00058459, 0.00000000,  0, 11.62144709, 0
-0.00823357, 0.00063077, 0.00000000,  0, 11.64712906, 0
-0.00828143, 0.00072007, 0.00000000,  0, 11.67603111, 0
-0.00832535, 0.00078981, 0.00000000,  0, 11.69996691, 0
-0.00842129, 0.00094606, 0.00000000,  0, 11.73326111, 0
-0.00846939, 0.00103052, 0.00000000,  0, 11.75701499, 0
-0.00851753, 0.00111754, 0.00000000,  0, 11.78037691, 0
-0.00859851, 0.00125303, 0.00000000,  0, 11.80564499, 0
-0.00865587, 0.00134538, 0.00000000,  0, 11.83050895, 0
-0.00873849, 0.00148616, 0.00000000,  0, 11.85761309, 0
-0.00879183, 0.00158131, 0.00000000,  0, 11.87889099, 0
-0.00884404, 0.00167719, 0.00000000,  0, 11.90416312, 0
-0.00892087, 0.00180390, 0.00000000,  0, 11.93043399, 0
-0.00897128, 0.00187988, 0.00000000,  0, 11.95537996, 0
-0.00904602, 0.00198349, 0.00000000,  0, 11.97960401, 0
-0.00909532, 0.00204754, 0.00000000,  0, 12.00102806, 0
-0.00914471, 0.00210899, 0.00000000,  0, 12.02567792, 0
-0.00920777, 0.00219591, 0.00000000,  0, 12.04979205, 0
-0.00923844, 0.00225135, 0.00000000,  0, 12.07358694, 0
-0.00927068, 0.00230539, 0.00000000,  0, 12.09706807, 0
-0.00932549, 0.00238452, 0.00000000,  0, 12.12827897, 0
-0.00941200, 0.00246183, 0.00000000,  0, 12.15783811, 0
-0.00951371, 0.00252769, 0.00000000,  0, 12.18069196, 0
-0.00958549, 0.00256889, 0.00000000,  0, 12.20388103, 0
-0.00966228, 0.00260320, 0.00000000,  0, 12.22673106, 0
-0.00972781, 0.00263789, 0.00000000,  0, 12.25029612, 0
-0.00981526, 0.00269443, 0.00000000,  0, 12.27353001, 0
-0.00987061, 0.00273493, 0.00000000,  0, 12.29864001, 0
-0.00993674, 0.00278066, 0.00000000,  0, 12.32696795, 0
-0.01000310, 0.00281297, 0.00000000,  0, 12.36174703, 0
-0.01007087, 0.00283560, 0.00000000,  0, 12.38881207, 0
-0.01013964, 0.00285050, 0.00000000,  0, 12.41360307, 0
-0.01018156, 0.00286211, 0.00000000,  0, 12.43688393, 0
-0.01021782, 0.00288124, 0.00000000,  0, 12.46308708, 0
-0.01027643, 0.00292090, 0.00000000,  0, 12.49271393, 0
-0.01032669, 0.00296964, 0.00000000,  0, 12.51511812, 0
-0.01036054, 0.00300733, 0.00000000,  0, 12.53968811, 0
-0.01039437, 0.00309020, 0.00000000,  0, 12.56999707, 0
-0.01040856, 0.00313941, 0.00000000,  0, 12.59745812, 0
-0.01043088, 0.00321325, 0.00000000,  0, 12.62102103, 0
-0.01045137, 0.00326417, 0.00000000,  0, 12.64636898, 0
-0.01047674, 0.00331274, 0.00000000,  0, 12.66929793, 0
-0.01050997, 0.00338543, 0.00000000,  0, 12.69850492, 0
-0.01055813, 0.00345774, 0.00000000,  0, 12.72426105, 0
-0.01060040, 0.00350580, 0.00000000,  0, 12.74798203, 0
-0.01064383, 0.00355387, 0.00000000,  0, 12.77337790, 0
-0.01073288, 0.00364980, 0.00000000,  0, 12.81078696, 0
-0.01081082, 0.00374544, 0.00000000,  0, 12.84843993, 0
-0.01086360, 0.00381901, 0.00000000,  0, 12.88434005, 0
-0.01090915, 0.00391450, 0.00000000,  0, 12.91812301, 0
-0.01093967, 0.00398602, 0.00000000,  0, 12.95514894, 0
-0.01101678, 0.00408120, 0.00000000,  0, 12.99252009, 0
-0.01108010, 0.00415248, 0.00000000,  0, 13.02459502, 0
-0.01114570, 0.00422358, 0.00000000,  0, 13.05604506, 0
-0.01119037, 0.00427109, 0.00000000,  0, 13.07893610, 0
-0.01125817, 0.00433371, 0.00000000,  0, 13.10729694, 0
-0.01131471, 0.00437818, 0.00000000,  0, 13.13808012, 0
-0.01137273, 0.00440791, 0.00000000,  0, 13.16543794, 0
-0.01140838, 0.00442249, 0.00000000,  0, 13.19008398, 0
-0.01145774, 0.00443824, 0.00000000,  0, 13.21509004, 0
-0.01149439, 0.00444541, 0.00000000,  0, 13.24047899, 0
-0.01154005, 0.00445338, 0.00000000,  0, 13.26865411, 0
-0.01156179, 0.00445669, 0.00000000,  0, 13.29368591, 0
-0.01158487, 0.00443994, 0.00000000,  0, 13.31869006, 0
-0.01159616, 0.00441959, 0.00000000,  0, 13.34471393, 0
-0.01160282, 0.00437868, 0.00000000,  0, 13.37323594, 0
-0.01160676, 0.00434476, 0.00000000,  0, 13.39457703, 0
-0.01161461, 0.00428818, 0.00000000,  0, 13.42268395, 0
-0.01160444, 0.00422520, 0.00000000,  0, 13.44888902, 0
-0.01159456, 0.00417683, 0.00000000,  0, 13.47386599, 0
-0.01156431, 0.00408516, 0.00000000,  0, 13.49980402, 0
-0.01153581, 0.00401373, 0.00000000,  0, 13.52554512, 0
-0.01147372, 0.00389720, 0.00000000,  0, 13.55152893, 0
-0.01142688, 0.00381375, 0.00000000,  0, 13.57740307, 0
-0.01133618, 0.00368267, 0.00000000,  0, 13.60207701, 0
-0.01123839, 0.00354675, 0.00000000,  0, 13.62996912, 0
-0.01118610, 0.00345408, 0.00000000,  0, 13.65523100, 0
-0.01115073, 0.00335266, 0.00000000,  0, 13.67825699, 0
-0.01112797, 0.00319613, 0.00000000,  0, 13.70758510, 0
-0.01114099, 0.00299161, 0.00000000,  0, 13.74574804, 0
-0.01121241, 0.00279010, 0.00000000,  0, 13.78346395, 0
-0.01128119, 0.00264007, 0.00000000,  0, 13.82101798, 0
-0.01135123, 0.00249065, 0.00000000,  0, 13.84843612, 0
-0.01142160, 0.00234252, 0.00000000,  0, 13.87544608, 0
-0.01146888, 0.00224397, 0.00000000,  0, 13.89793205, 0
-0.01151658, 0.00214508, 0.00000000,  0, 13.92039490, 0
-0.01157205, 0.00204686, 0.00000000,  0, 13.94405603, 0
-0.01166910, 0.00189942, 0.00000000,  0, 13.96791506, 0
-0.01173177, 0.00180157, 0.00000000,  0, 13.99070501, 0
-0.01181743, 0.00165599, 0.00000000,  0, 14.01797009, 0
-0.01186362, 0.00157245, 0.00000000,  0, 14.04173207, 0
-0.01191021, 0.00149598, 0.00000000,  0, 14.06540799, 0
-0.01195477, 0.00142563, 0.00000000,  0, 14.08756590, 0
-0.01200429, 0.00133485, 0.00000000,  0, 14.11121607, 0
-0.01205052, 0.00126960, 0.00000000,  0, 14.14025903, 0
-0.01208596, 0.00123864, 0.00000000,  0, 14.16424513, 0
-0.01215802, 0.00120782, 0.00000000,  0, 14.19167900, 0
-0.01223089, 0.00120690, 0.00000000,  0, 14.22315598, 0
-0.01227931, 0.00121922, 0.00000000,  0, 14.24529791, 0
-0.01233993, 0.00125099, 0.00000000,  0, 14.27389097, 0
-0.01236908, 0.00128020, 0.00000000,  0, 14.30009604, 0
-0.01240140, 0.00133203, 0.00000000,  0, 14.32501197, 0
-0.01241509, 0.00137039, 0.00000000,  0, 14.34960794, 0
-0.01241751, 0.00143285, 0.00000000,  0, 14.38198304, 0
-0.01241864, 0.00149880, 0.00000000,  0, 14.41224194, 0
-0.01243968, 0.00157090, 0.00000000,  0, 14.43838501, 0
-0.01249681, 0.00166529, 0.00000000,  0, 14.46673703, 0
-0.01255839, 0.00173779, 0.00000000,  0, 14.49260402, 0
-0.01265257, 0.00185583, 0.00000000,  0, 14.51826906, 0
-0.01270135, 0.00194029, 0.00000000,  0, 14.54345298, 0
-0.01274375, 0.00207804, 0.00000000,  0, 14.57025099, 0
-0.01277237, 0.00218225, 0.00000000,  0, 14.59195709, 0
-0.01280120, 0.00229240, 0.00000000,  0, 14.61594105, 0
-0.01286320, 0.00245588, 0.00000000,  0, 14.64140296, 0
-0.01289910, 0.00256852, 0.00000000,  0, 14.66832399, 0
-0.01295095, 0.00273797, 0.00000000,  0, 14.69739103, 0
-0.01298622, 0.00290015, 0.00000000,  0, 14.72941494, 0
-0.01298727, 0.00311044, 0.00000000,  0, 14.76327705, 0
-0.01297384, 0.00321195, 0.00000000,  0, 14.78822708, 0
-0.01294749, 0.00334480, 0.00000000,  0, 14.81315112, 0
-0.01290941, 0.00342301, 0.00000000,  0, 14.83957696, 0
-0.01282986, 0.00352948, 0.00000000,  0, 14.86351299, 0
-0.01277345, 0.00359417, 0.00000000,  0, 14.89152908, 0
-0.01269079, 0.00368560, 0.00000000,  0, 14.91516590, 0
-0.01263584, 0.00374314, 0.00000000,  0, 14.93836212, 0
-0.01257194, 0.00379878, 0.00000000,  0, 14.96246600, 0
-0.01249664, 0.00387463, 0.00000000,  0, 14.98732090, 0
-0.01244637, 0.00391314, 0.00000000,  0, 15.01432896, 0
-0.01237892, 0.00395629, 0.00000000,  0, 15.04065895, 0
-0.01231774, 0.00398752, 0.00000000,  0, 15.07191491, 0
-0.01228517, 0.00401285, 0.00000000,  0, 15.09967303, 0
-0.01224473, 0.00404337, 0.00000000,  0, 15.12701011, 0
-0.01223096, 0.00406184, 0.00000000,  0, 15.15169692, 0
-0.01222689, 0.00407039, 0.00000000,  0, 15.17370105, 0
-0.01222200, 0.00407982, 0.00000000,  0, 15.20470405, 0
-0.01221941, 0.00408424, 0.00000000,  0, 15.23044991, 0
-0.01221632, 0.00408869, 0.00000000,  0, 15.25673199, 0
-0.01221466, 0.00409061, 0.00000000,  0, 15.28116012, 0
-0.01221262, 0.00409225, 0.00000000,  0, 15.30778193, 0
-0.01221150, 0.00410245, 0.00000000,  0, 15.33329296, 0
-0.01219315, 0.00413190, 0.00000000,  0, 15.35656404, 0
-0.01217394, 0.00415838, 0.00000000,  0, 15.38062310, 0
-0.01215851, 0.00419044, 0.00000000,  0, 15.40375304, 0
-0.01214135, 0.00425844, 0.00000000,  0, 15.42810798, 0
-0.01213227, 0.00430440, 0.00000000,  0, 15.45282412, 0
-0.01212220, 0.00437397, 0.00000000,  0, 15.47877812, 0
-0.01210941, 0.00442072, 0.00000000,  0, 15.50100899, 0
-0.01209600, 0.00446074, 0.00000000,  0, 15.52432990, 0
-0.01208071, 0.00451799, 0.00000000,  0, 15.55548000, 0
-0.01207006, 0.00458444, 0.00000000,  0, 15.58573103, 0
-0.01206222, 0.00467225, 0.00000000,  0, 15.61053896, 0
-0.01205828, 0.00474041, 0.00000000,  0, 15.63505411, 0
-0.01205506, 0.00481433, 0.00000000,  0, 15.65858603, 0
-0.01206333, 0.00493367, 0.00000000,  0, 15.68665195, 0
-0.01205229, 0.00504093, 0.00000000,  0, 15.71534801, 0
-0.01203925, 0.00510708, 0.00000000,  0, 15.73944306, 0
-0.01202460, 0.00519925, 0.00000000,  0, 15.76571012, 0
-0.01201727, 0.00525717, 0.00000000,  0, 15.78875208, 0
-0.01200876, 0.00534018, 0.00000000,  0, 15.81609297, 0
-0.01200459, 0.00539329, 0.00000000,  0, 15.84174299, 0
-0.01200408, 0.00547071, 0.00000000,  0, 15.86470008, 0
-0.01201487, 0.00552149, 0.00000000,  0, 15.88782406, 0
-0.01203346, 0.00556722, 0.00000000,  0, 15.91245508, 0
-0.01207331, 0.00561168, 0.00000000,  0, 15.93726397, 0
-0.01213372, 0.00566326, 0.00000000,  0, 15.96923995, 0
-0.01220251, 0.00571682, 0.00000000,  0, 15.99590302, 0
-0.01224592, 0.00574395, 0.00000000,  0, 16.02065706, 0
-0.01230931, 0.00578149, 0.00000000,  0, 16.05696106, 0
-0.01234159, 0.00579407, 0.00000000,  0, 16.08087397, 0
-0.01237712, 0.00580713, 0.00000000,  0, 16.10836911, 0
-0.01239499, 0.00581326, 0.00000000,  0, 16.13611603, 0
-0.01241594, 0.00581974, 0.00000000,  0, 16.16249299, 0
-0.01242584, 0.00582234, 0.00000000,  0, 16.18828511, 0
-0.01245650, 0.00584805, 0.00000000,  0, 16.22461200, 0
-0.01248493, 0.00588394, 0.00000000,  0, 16.25208712, 0
-0.01252771, 0.00593110, 0.00000000,  0, 16.28885698, 0
-0.01257880, 0.00598480, 0.00000000,  0, 16.31221008, 0
-0.01260883, 0.00602361, 0.00000000,  0, 16.33934593, 0
-0.01264311, 0.00608477, 0.00000000,  0, 16.36540103, 0
-0.01266006, 0.00612791, 0.00000000,  0, 16.39320493, 0
-0.01268329, 0.00617175, 0.00000000,  0, 16.41366792, 0
-0.01272576, 0.00626110, 0.00000000,  0, 16.44894791, 0
-0.01275462, 0.00629845, 0.00000000,  0, 16.47059608, 0
-0.01278743, 0.00633495, 0.00000000,  0, 16.49473000, 0
-0.01283039, 0.00639375, 0.00000000,  0, 16.51901913, 0
-0.01285116, 0.00643536, 0.00000000,  0, 16.54213500, 0
-0.01287378, 0.00649955, 0.00000000,  0, 16.56803393, 0
-0.01288522, 0.00654344, 0.00000000,  0, 16.59408712, 0
-0.01289774, 0.00661059, 0.00000000,  0, 16.62191010, 0
-0.01291888, 0.00667872, 0.00000000,  0, 16.65096807, 0
-0.01293139, 0.00672471, 0.00000000,  0, 16.67600012, 0
-0.01295998, 0.00679414, 0.00000000,  0, 16.70328593, 0
-0.01297255, 0.00684076, 0.00000000,  0, 16.72914910, 0
-0.01296603, 0.00691051, 0.00000000,  0, 16.75537610, 0
-0.01294127, 0.00698070, 0.00000000,  0, 16.78182912, 0
-0.01292652, 0.00702736, 0.00000000,  0, 16.80597711, 0
-0.01292521, 0.00707436, 0.00000000,  0, 16.82951498, 0
-0.01290309, 0.00714493, 0.00000000,  0, 16.85293698, 0
-0.01287157, 0.00719179, 0.00000000,  0, 16.87715197, 0
-0.01283616, 0.00723883, 0.00000000,  0, 16.90259194, 0
-0.01278289, 0.00731478, 0.00000000,  0, 16.92546701, 0
-0.01275113, 0.00737596, 0.00000000,  0, 16.94970608, 0
-0.01271972, 0.00744472, 0.00000000,  0, 16.97302890, 0
-0.01267512, 0.00755815, 0.00000000,  0, 17.00182104, 0
-0.01263679, 0.00766554, 0.00000000,  0, 17.02665901, 0
-0.01261746, 0.00773051, 0.00000000,  0, 17.05307102, 0
-0.01260178, 0.00778166, 0.00000000,  0, 17.07473207, 0
-0.01256517, 0.00783644, 0.00000000,  0, 17.09893513, 0
-0.01253869, 0.00786390, 0.00000000,  0, 17.12086010, 0
-0.01251748, 0.00788802, 0.00000000,  0, 17.14205599, 0
-0.01249873, 0.00791488, 0.00000000,  0, 17.16507411, 0
-0.01245869, 0.00794383, 0.00000000,  0, 17.18904400, 0
-0.01243230, 0.00795772, 0.00000000,  0, 17.21322799, 0
-0.01241087, 0.00796855, 0.00000000,  0, 17.23828793, 0
-0.01237823, 0.00797987, 0.00000000,  0, 17.26063299, 0
-0.01235714, 0.00798487, 0.00000000,  0, 17.28904104, 0
-0.01233268, 0.00798985, 0.00000000,  0, 17.31384301, 0
-0.01232078, 0.00799166, 0.00000000,  0, 17.33660007, 0
-0.01230343, 0.00799277, 0.00000000,  0, 17.36158109, 0
-0.01228662, 0.00799283, 0.00000000,  0, 17.38894796, 0
-0.01226783, 0.00799208, 0.00000000,  0, 17.41542006, 0
-0.01225849, 0.00799816, 0.00000000,  0, 17.43716192, 0
-0.01223669, 0.00802324, 0.00000000,  0, 17.46337605, 0
-0.01223396, 0.00805843, 0.00000000,  0, 17.48978090, 0
-0.01223095, 0.00811718, 0.00000000,  0, 17.51633906, 0
-0.01222950, 0.00815766, 0.00000000,  0, 17.53958702, 0
-0.01223636, 0.00822942, 0.00000000,  0, 17.56605101, 0
-0.01224880, 0.00830820, 0.00000000,  0, 17.59953594, 0
-0.01225490, 0.00835926, 0.00000000,  0, 17.62344313, 0
-0.01225920, 0.00841618, 0.00000000,  0, 17.64602590, 0
-0.01225214, 0.00845507, 0.00000000,  0, 17.66819501, 0
-0.01223957, 0.00849723, 0.00000000,  0, 17.69788599, 0
-0.01221122, 0.00852710, 0.00000000,  0, 17.72262502, 0
-0.01219219, 0.00854140, 0.00000000,  0, 17.74752808, 0
-0.01217264, 0.00855649, 0.00000000,  0, 17.77461290, 0
-0.01217284, 0.00856371, 0.00000000,  0, 17.80157900, 0
-0.01217783, 0.00858590, 0.00000000,  0, 17.82903600, 0
-0.01220150, 0.00860123, 0.00000000,  0, 17.85466695, 0
-0.01221819, 0.00860853, 0.00000000,  0, 17.87925911, 0
-0.01223814, 0.00861383, 0.00000000,  0, 17.90228009, 0
-0.01226698, 0.00861926, 0.00000000,  0, 17.92491007, 0
-0.01227052, 0.00862137, 0.00000000,  0, 17.95020890, 0
-0.01227398, 0.00862292, 0.00000000,  0, 17.97721910, 0
-0.01227903, 0.00862329, 0.00000000,  0, 17.99948311, 0
-0.01229320, 0.00862322, 0.00000000,  0, 18.02436709, 0
-0.01231358, 0.00862245, 0.00000000,  0, 18.05214596, 0
-0.01231818, 0.00862731, 0.00000000,  0, 18.07639408, 0
-0.01232338, 0.00863966, 0.00000000,  0, 18.10556602, 0
-0.01232803, 0.00866813, 0.00000000,  0, 18.14105392, 0
-0.01232966, 0.00867819, 0.00000000,  0, 18.16823792, 0
-0.01234498, 0.00868921, 0.00000000,  0, 18.19420505, 0
-0.01237141, 0.00869347, 0.00000000,  0, 18.21429396, 0
-0.01241007, 0.00871509, 0.00000000,  0, 18.23966002, 0
-0.01244235, 0.00873584, 0.00000000,  0, 18.26272297, 0
-0.01248725, 0.00875318, 0.00000000,  0, 18.28762603, 0
-0.01255627, 0.00879117, 0.00000000,  0, 18.31168199, 0
-0.01263748, 0.00883853, 0.00000000,  0, 18.34277296, 0
-0.01270476, 0.00887511, 0.00000000,  0, 18.36844897, 0
-0.01279893, 0.00891947, 0.00000000,  0, 18.39595604, 0
-0.01289429, 0.00897015, 0.00000000,  0, 18.42167902, 0
-0.01297223, 0.00900723, 0.00000000,  0, 18.44990492, 0
-0.01311524, 0.00905531, 0.00000000,  0, 18.48012996, 0
-0.01331685, 0.00912624, 0.00000000,  0, 18.51570797, 0
-0.01344891, 0.00916901, 0.00000000,  0, 18.54604506, 0
-0.01357057, 0.00919813, 0.00000000,  0, 18.57516789, 0
-0.01364884, 0.00921225, 0.00000000,  0, 18.60381198, 0
-0.01376675, 0.00922781, 0.00000000,  0, 18.63207412, 0
-0.01387485, 0.00923781, 0.00000000,  0, 18.65869403, 0
-0.01394117, 0.00924250, 0.00000000,  0, 18.68511796, 0
-0.01403377, 0.00924726, 0.00000000,  0, 18.70730209, 0
-0.01408628, 0.00924336, 0.00000000,  0, 18.73398805, 0
-0.01414452, 0.00921986, 0.00000000,  0, 18.75921798, 0
-0.01417297, 0.00919518, 0.00000000,  0, 18.78708601, 0
-0.01422081, 0.00914788, 0.00000000,  0, 18.82369208, 0
-0.01426729, 0.00914541, 0.00000000,  0, 18.85966802, 0
-0.01431533, 0.00916554, 0.00000000,  0, 18.88496113, 0
-0.01435992, 0.00918954, 0.00000000,  0, 18.91447902, 0
-0.01439561, 0.00922263, 0.00000000,  0, 18.94149899, 0
-0.01442794, 0.00925959, 0.00000000,  0, 18.97182298, 0
-0.01444897, 0.00927751, 0.00000000,  0, 18.99717402, 0
-0.01446560, 0.00929173, 0.00000000,  0, 19.02232790, 0
-0.01448833, 0.00931126, 0.00000000,  0, 19.05344510, 0
-0.01449264, 0.00931791, 0.00000000,  0, 19.08144903, 0
-0.01447820, 0.00932480, 0.00000000,  0, 19.10796809, 0
-0.01445819, 0.00932793, 0.00000000,  0, 19.13371491, 0
-0.01441742, 0.00933113, 0.00000000,  0, 19.16201806, 0
-0.01436522, 0.00932808, 0.00000000,  0, 19.18839097, 0
-0.01431514, 0.00931444, 0.00000000,  0, 19.21903110, 0
-0.01427954, 0.00930442, 0.00000000,  0, 19.25010610, 0
-0.01426106, 0.00929905, 0.00000000,  0, 19.27524209, 0
-0.01424052, 0.00929281, 0.00000000,  0, 19.30456805, 0
-0.01423547, 0.00928788, 0.00000000,  0, 19.32906199, 0
-0.01423676, 0.00928404, 0.00000000,  0, 19.35931110, 0
-0.01423717, 0.00928187, 0.00000000,  0, 19.38722801, 0
-0.01423725, 0.00927910, 0.00000000,  0, 19.41076803, 0
-0.01423704, 0.00927749, 0.00000000,  0, 19.43916297, 0
-0.01422663, 0.00927535, 0.00000000,  0, 19.46170211, 0
-0.01420804, 0.00926482, 0.00000000,  0, 19.48887897, 0
-0.01416959, 0.00923712, 0.00000000,  0, 19.51816702, 0
-0.01411987, 0.00920877, 0.00000000,  0, 19.54638195, 0
-0.01406330, 0.00917840, 0.00000000,  0, 19.57720113, 0
-0.01400080, 0.00914287, 0.00000000,  0, 19.60572410, 0
-0.01393495, 0.00910818, 0.00000000,  0, 19.63328695, 0
-0.01388951, 0.00907824, 0.00000000,  0, 19.65645099, 0
-0.01384451, 0.00902648, 0.00000000,  0, 19.68598604, 0
-0.01381406, 0.00899855, 0.00000000,  0, 19.71260595, 0
-0.01377588, 0.00898733, 0.00000000,  0, 19.74084711, 0
-0.01374812, 0.00899222, 0.00000000,  0, 19.76375794, 0
-0.01370944, 0.00901644, 0.00000000,  0, 19.78716207, 0
-0.01368419, 0.00904064, 0.00000000,  0, 19.81605291, 0
-0.01364353, 0.00907455, 0.00000000,  0, 19.83941197, 0
-0.01359969, 0.00910143, 0.00000000,  0, 19.86339211, 0
-0.01353214, 0.00914712, 0.00000000,  0, 19.88984609, 0
-0.01346267, 0.00918777, 0.00000000,  0, 19.92360497, 0
-0.01340560, 0.00925039, 0.00000000,  0, 19.95264792, 0
-0.01338113, 0.00933457, 0.00000000,  0, 19.98210192, 0
-0.01337336, 0.00942568, 0.00000000,  0, 20.01009798, 0
-0.01337353, 0.00948681, 0.00000000,  0, 20.03311896, 0
-0.01336583, 0.00953764, 0.00000000,  0, 20.05550003, 0
-0.01335689, 0.00958515, 0.00000000,  0, 20.08003712, 0
-0.01335857, 0.00966848, 0.00000000,  0, 20.10310507, 0
-0.01336205, 0.00972468, 0.00000000,  0, 20.12560391, 0
-0.01337505, 0.00978953, 0.00000000,  0, 20.15163493, 0
-0.01339094, 0.00988218, 0.00000000,  0, 20.17455602, 0
-0.01339889, 0.00994035, 0.00000000,  0, 20.19856310, 0
-0.01341476, 0.01002367, 0.00000000,  0, 20.22446704, 0
-0.01345804, 0.01007145, 0.00000000,  0, 20.25003099, 0
-0.01357470, 0.01013634, 0.00000000,  0, 20.27521205, 0
-0.01367096, 0.01018989, 0.00000000,  0, 20.30005813, 0
-0.01384764, 0.01025763, 0.00000000,  0, 20.32702804, 0
-0.01398336, 0.01030280, 0.00000000,  0, 20.34956002, 0
-0.01417225, 0.01039042, 0.00000000,  0, 20.38246894, 0
-0.01440695, 0.01053108, 0.00000000,  0, 20.41726208, 0
-0.01451803, 0.01060978, 0.00000000,  0, 20.44474006, 0
-0.01467182, 0.01073483, 0.00000000,  0, 20.46869302, 0
-0.01476074, 0.01081446, 0.00000000,  0, 20.49173212, 0
-0.01488032, 0.01092307, 0.00000000,  0, 20.52055192, 0
-0.01495152, 0.01098877, 0.00000000,  0, 20.54384804, 0
-0.01506768, 0.01108377, 0.00000000,  0, 20.57466006, 0
-0.01518510, 0.01119481, 0.00000000,  0, 20.61096001, 0
-0.01525623, 0.01124583, 0.00000000,  0, 20.64532089, 0
-0.01536190, 0.01128046, 0.00000000,  0, 20.68365192, 0
-0.01541313, 0.01129208, 0.00000000,  0, 20.70965910, 0
-0.01546354, 0.01130093, 0.00000000,  0, 20.73185205, 0
-0.01553798, 0.01131006, 0.00000000,  0, 20.75499201, 0
-0.01558764, 0.01131421, 0.00000000,  0, 20.78260493, 0
-0.01564973, 0.01130736, 0.00000000,  0, 20.80711889, 0
-0.01571025, 0.01126932, 0.00000000,  0, 20.83151913, 0
-0.01579747, 0.01120614, 0.00000000,  0, 20.85650301, 0
-0.01585295, 0.01116185, 0.00000000,  0, 20.87993813, 0
-0.01590684, 0.01111627, 0.00000000,  0, 20.90368509, 0
-0.01598502, 0.01104588, 0.00000000,  0, 20.92755795, 0
-0.01605127, 0.01097383, 0.00000000,  0, 20.95908308, 0
-0.01609870, 0.01089686, 0.00000000,  0, 20.99461102, 0
-0.01616406, 0.01075674, 0.00000000,  0, 21.02979493, 0
-0.01619335, 0.01067217, 0.00000000,  0, 21.05614996, 0
-0.01622524, 0.01055284, 0.00000000,  0, 21.08148789, 0
-0.01624088, 0.01047366, 0.00000000,  0, 21.10742712, 0
-0.01625776, 0.01035548, 0.00000000,  0, 21.13736105, 0
-0.01626557, 0.01027147, 0.00000000,  0, 21.16113091, 0
-0.01629304, 0.01009497, 0.00000000,  0, 21.19543505, 0
-0.01630335, 0.01000359, 0.00000000,  0, 21.22032309, 0
-0.01631459, 0.00987464, 0.00000000,  0, 21.24332190, 0
-0.01631982, 0.00978334, 0.00000000,  0, 21.26996112, 0
-0.01632477, 0.00966652, 0.00000000,  0, 21.30053711, 0
-0.01632674, 0.00959554, 0.00000000,  0, 21.32418489, 0
-0.01633533, 0.00949804, 0.00000000,  0, 21.34866095, 0
-0.01634514, 0.00943714, 0.00000000,  0, 21.36993003, 0
-0.01635570, 0.00935015, 0.00000000,  0, 21.39739203, 0
-0.01637064, 0.00928419, 0.00000000,  0, 21.42462611, 0
-0.01638807, 0.00919284, 0.00000000,  0, 21.45368600, 0
-0.01640643, 0.00912689, 0.00000000,  0, 21.48776698, 0
-0.01643992, 0.00907951, 0.00000000,  0, 21.51286411, 0
-0.01648550, 0.00904772, 0.00000000,  0, 21.54135299, 0
-0.01651980, 0.00903184, 0.00000000,  0, 21.56571198, 0
-0.01660197, 0.00899714, 0.00000000,  0, 21.59274292, 0
-0.01668728, 0.00895715, 0.00000000,  0, 21.62179208, 0
-0.01672927, 0.00892717, 0.00000000,  0, 21.64697599, 0
-0.01675478, 0.00887457, 0.00000000,  0, 21.67315197, 0
-0.01676041, 0.00883683, 0.00000000,  0, 21.69727302, 0
-0.01676442, 0.00879982, 0.00000000,  0, 21.71905112, 0
-0.01676480, 0.00877076, 0.00000000,  0, 21.74331498, 0
-0.01675253, 0.00873849, 0.00000000,  0, 21.76933503, 0
-0.01676592, 0.00871547, 0.00000000,  0, 21.79493213, 0
-0.01678856, 0.00871540, 0.00000000,  0, 21.82213211, 0
-0.01681764, 0.00871592, 0.00000000,  0, 21.85015202, 0
-0.01685739, 0.00871675, 0.00000000,  0, 21.87935805, 0
-0.01690503, 0.00871778, 0.00000000,  0, 21.90927005, 0
-0.01693063, 0.00871854, 0.00000000,  0, 21.93233991, 0
-0.01696880, 0.00871978, 0.00000000,  0, 21.95892096, 0
-0.01696732, 0.00871216, 0.00000000,  0, 21.99360394, 0
-0.01694027, 0.00870061, 0.00000000,  0, 22.02602506, 0
-0.01692457, 0.00869264, 0.00000000,  0, 22.05746794, 0
-0.01690469, 0.00868753, 0.00000000,  0, 22.08266592, 0
-0.01690478, 0.00868524, 0.00000000,  0, 22.10767508, 0
-0.01692220, 0.00868296, 0.00000000,  0, 22.13487101, 0
-0.01694775, 0.00868172, 0.00000000,  0, 22.16558504, 0
-0.01696715, 0.00868132, 0.00000000,  0, 22.19190192, 0
-0.01700574, 0.00868111, 0.00000000,  0, 22.22211003, 0
-0.01707971, 0.00867673, 0.00000000,  0, 22.24792290, 0
-0.01715651, 0.00866075, 0.00000000,  0, 22.27353406, 0
-0.01733778, 0.00861303, 0.00000000,  0, 22.30274105, 0
-0.01756991, 0.00855911, 0.00000000,  0, 22.32837296, 0
-0.01772582, 0.00853072, 0.00000000,  0, 22.35051513, 0
-0.01786997, 0.00850840, 0.00000000,  0, 22.37594008, 0
-0.01808147, 0.00848415, 0.00000000,  0, 22.40507793, 0
-0.01827519, 0.00846692, 0.00000000,  0, 22.43538308, 0
-0.01844285, 0.00846717, 0.00000000,  0, 22.46051002, 0
-0.01854741, 0.00846976, 0.00000000,  0, 22.48430300, 0
-0.01867538, 0.00847862, 0.00000000,  0, 22.50968409, 0
-0.01874951, 0.00848616, 0.00000000,  0, 22.53646207, 0
-0.01885065, 0.00848540, 0.00000000,  0, 22.56295896, 0
-0.01893811, 0.00845533, 0.00000000,  0, 22.58866596, 0
-0.01904568, 0.00840166, 0.00000000,  0, 22.61506295, 0
-0.01910683, 0.00835022, 0.00000000,  0, 22.64209104, 0
-0.01911380, 0.00832429, 0.00000000,  0, 22.66721511, 0
-0.01910217, 0.00829503, 0.00000000,  0, 22.69467497, 0
-0.01908925, 0.00826181, 0.00000000,  0, 22.72345304, 0
-0.01906091, 0.00824365, 0.00000000,  0, 22.74556708, 0
-0.01901725, 0.00822953, 0.00000000,  0, 22.76939797, 0
-0.01895262, 0.00819974, 0.00000000,  0, 22.79726911, 0
-0.01897389, 0.00811858, 0.00000000,  0, 22.82476807, 0
-0.01903506, 0.00801636, 0.00000000,  0, 22.85947299, 0
-0.01904812, 0.00794078, 0.00000000,  0, 22.88548899, 0
-0.01903588, 0.00790316, 0.00000000,  0, 22.91408110, 0
-0.01898678, 0.00787006, 0.00000000,  0, 22.94321489, 0
-0.01888325, 0.00787546, 0.00000000,  0, 22.97682500, 0
-0.01883859, 0.00788456, 0.00000000,  0, 23.00368190, 0
-0.01876155, 0.00790783, 0.00000000,  0, 23.03200912, 0
-0.01866029, 0.00794820, 0.00000000,  0, 23.06102991, 0
-0.01858555, 0.00798487, 0.00000000,  0, 23.08749890, 0
-0.01848178, 0.00805412, 0.00000000,  0, 23.11528802, 0
-0.01832999, 0.00816592, 0.00000000,  0, 23.15073109, 0
-0.01820141, 0.00824921, 0.00000000,  0, 23.18634605, 0
-0.01812646, 0.00830311, 0.00000000,  0, 23.21982694, 0
-0.01811625, 0.00831910, 0.00000000,  0, 23.24392295, 0
-0.01810735, 0.00833525, 0.00000000,  0, 23.27078605, 0
-0.01813027, 0.00834643, 0.00000000,  0, 23.29599309, 0
-0.01814821, 0.00836016, 0.00000000,  0, 23.32229996, 0
-0.01825626, 0.00832158, 0.00000000,  0, 23.35258698, 0
-0.01837747, 0.00827108, 0.00000000,  0, 23.38431311, 0
-0.01852352, 0.00820926, 0.00000000,  0, 23.41383195, 0
-0.01864682, 0.00816206, 0.00000000,  0, 23.44038200, 0
-0.01870284, 0.00814440, 0.00000000,  0, 23.46299005, 0
-0.01874894, 0.00814192, 0.00000000,  0, 23.48898005, 0
-0.01880943, 0.00812186, 0.00000000,  0, 23.52135205, 0
-0.01882406, 0.00812007, 0.00000000,  0, 23.54341102, 0
-0.01883431, 0.00813068, 0.00000000,  0, 23.56808805, 0
-0.01883936, 0.00814207, 0.00000000,  0, 23.58992696, 0
-0.01883738, 0.00817271, 0.00000000,  0, 23.61859107, 0
-0.01886562, 0.00818244, 0.00000000,  0, 23.64080501, 0
-0.01891603, 0.00817212, 0.00000000,  0, 23.66688204, 0
-0.01899466, 0.00815532, 0.00000000,  0, 23.69369292, 0
-0.01903216, 0.00816312, 0.00000000,  0, 23.72967792, 0
