-0.00000307, -0.00019955, 0.00000000,  0, 0.00025487, 0
-0.00001501, -0.00022552, 0.00000000,  0, 3.06005096, 0
-0.00002588, -0.00024911, 0.00000000,  0, 3.09328699, 0
-0.00003130, -0.00025064, 0.00000000,  0, 3.12309289, 0
-0.00003503, -0.00024625, 0.00000000,  0, 3.15599394, 0
-0.00003765, -0.00024304, 0.00000000,  0, 3.18867183, 0
-0.00003951, -0.00024118, 0.00000000,  0, 3.22162986, 0
-0.00004109, -0.00025830, 0.00000000,  0, 3.25643682, 0
-0.00004184, -0.00025266, 0.00000000,  0, 3.29042387, 0
-0.00003452, -0.00025509, 0.00000000,  0, 3.32135391, 0
-0.00001222, -0.00028869, 0.00000000,  0, 3.35714889, 0
0.00003081, -0.00032708, 0.00000000,  0, 3.40663481, 0
0.00008623, -0.00037213, 0.00000000,  0, 3.46292281, 0
0.00011684, -0.00039868, 0.00000000,  0, 3.49874401, 0
0.00013163, -0.00040656, 0.00000000,  0, 3.53573394, 0
0.00014246, -0.00040156, 0.00000000,  0, 3.56669688, 0
0.00016304, -0.00042111, 0.00000000,  0, 3.61005497, 0
0.00018543, -0.00047307, 0.00000000,  0, 3.65413094, 0
0.00019586, -0.00049424, 0.00000000,  0, 3.68231392, 0
0.00020326, -0.00050925, 0.00000000,  0, 3.71489096, 0
0.00019616, -0.00051987, 0.00000000,  0, 3.74692702, 0
0.00018804, -0.00053270, 0.00000000,  0, 3.78130984, 0
0.00018044, -0.00055671, 0.00000000,  0, 3.81591797, 0
0.00017661, -0.00056840, 0.00000000,  0, 3.84691095, 0
0.00017380, -0.00057662, 0.00000000,  0, 3.88239002, 0
0.00017180, -0.00058211, 0.00000000,  0, 3.91391087, 0
0.00016989, -0.00058690, 0.00000000,  0, 3.94634581, 0
0.00016888, -0.00058908, 0.00000000,  0, 3.97884488, 0
0.00018067, -0.00059048, 0.00000000,  0, 4.01269388, 0
0.00019172, -0.00059127, 0.00000000,  0, 4.04449296, 0
0.00019979, -0.00059170, 0.00000000,  0, 4.07720900, 0
0.00020679, -0.00057358, 0.00000000,  0, 4.10820699, 0
0.00021027, -0.00055067, 0.00000000,  0, 4.13965702, 0
0.00021264, -0.00053157, 0.00000000,  0, 4.16950989, 0
0.00021380, -0.00052188, 0.00000000,  0, 4.19824290, 0
0.00021508, -0.00051071, 0.00000000,  0, 4.22787380, 0
0.00021612, -0.00048330, 0.00000000,  0, 4.26110387, 0
0.00021656, -0.00046742, 0.00000000,  0, 4.29192996, 0
0.00019672, -0.00045158, 0.00000000,  0, 4.32546687, 0
0.00017160, -0.00042939, 0.00000000,  0, 4.35816193, 0
0.00015607, -0.00040950, 0.00000000,  0, 4.39904594, 0
0.00015758, -0.00038728, 0.00000000,  0, 4.42802596, 0
0.00013910, -0.00036850, 0.00000000,  0, 4.46105289, 0
0.00010872, -0.00035438, 0.00000000,  0, 4.49521589, 0
0.00008606, -0.00036031, 0.00000000,  0, 4.52635694, 0
0.00006160, -0.00036460, 0.00000000,  0, 4.55666780, 0
0.00004496, -0.00037252, 0.00000000,  0, 4.59003186, 0
0.00003280, -0.00038878, 0.00000000,  0, 4.62343884, 0
0.00002204, -0.00040321, 0.00000000,  0, 4.65759301, 0
0.00000457, -0.00041095, 0.00000000,  0, 4.69206882, 0
-0.00001086, -0.00043098, 0.00000000,  0, 4.72417092, 0
-0.00002214, -0.00044566, 0.00000000,  0, 4.75220990, 0
-0.00002999, -0.00045590, 0.00000000,  0, 4.78625989, 0
-0.00003544, -0.00046304, 0.00000000,  0, 4.81635690, 0
-0.00005078, -0.00046819, 0.00000000,  0, 4.84815693, 0
-0.00006539, -0.00045682, 0.00000000,  0, 4.87635684, 0
-0.00007607, -0.00044801, 0.00000000,  0, 4.90674686, 0
-0.00008353, -0.00044055, 0.00000000,  0, 4.93833399, 0
-0.00009004, -0.00041580, 0.00000000,  0, 4.97162580, 0
-0.00009404, -0.00040003, 0.00000000,  0, 5.01764488, 0
-0.00009644, -0.00037293, 0.00000000,  0, 5.05831099, 0
-0.00009758, -0.00035712, 0.00000000,  0, 5.08975601, 0
-0.00009828, -0.00033111, 0.00000000,  0, 5.12015986, 0
-0.00011295, -0.00029329, 0.00000000,  0, 5.15687990, 0
-0.00012448, -0.00027016, 0.00000000,  0, 5.18539786, 0
-0.00013285, -0.00025328, 0.00000000,  0, 5.21783185, 0
-0.00013682, -0.00024519, 0.00000000,  0, 5.24382401, 0
-0.00014236, -0.00022438, 0.00000000,  0, 5.27786589, 0
-0.00014507, -0.00021942, 0.00000000,  0, 5.30900288, 0
-0.00014690, -0.00021797, 0.00000000,  0, 5.33999801, 0
-0.00016407, -0.00022147, 0.00000000,  0, 5.38165283, 0
-0.00017570, -0.00024461, 0.00000000,  0, 5.41416502, 0
-0.00018387, -0.00026704, 0.00000000,  0, 5.44583702, 0
-0.00018952, -0.00028285, 0.00000000,  0, 5.47315693, 0
-0.00019353, -0.00029433, 0.00000000,  0, 5.50734901, 0
-0.00019618, -0.00031689, 0.00000000,  0, 5.53597689, 0
-0.00019804, -0.00032662, 0.00000000,  0, 5.56472588, 0
-0.00019931, -0.00032558, 0.00000000,  0, 5.59396482, 0
-0.00020008, -0.00032487, 0.00000000,  0, 5.62941194, 0
-0.00020054, -0.00032437, 0.00000000,  0, 5.66059184, 0
-0.00020077, -0.00032403, 0.00000000,  0, 5.69098687, 0
-0.00020086, -0.00032379, 0.00000000,  0, 5.72164989, 0
-0.00020081, -0.00033407, 0.00000000,  0, 5.75509691, 0
-0.00021093, -0.00033091, 0.00000000,  0, 5.78619003, 0
-0.00023739, -0.00034304, 0.00000000,  0, 5.81953597, 0
-0.00026500, -0.00035278, 0.00000000,  0, 5.84915280, 0
-0.00029278, -0.00037195, 0.00000000,  0, 5.87883997, 0
-0.00031173, -0.00038859, 0.00000000,  0, 5.90968990, 0
-0.00032536, -0.00041017, 0.00000000,  0, 5.94376087, 0
-0.00033974, -0.00044076, 0.00000000,  0, 5.98664188, 0
-0.00034343, -0.00043817, 0.00000000,  0, 6.01487184, 0
-0.00034737, -0.00041567, 0.00000000,  0, 6.04470301, 0
-0.00035015, -0.00038855, 0.00000000,  0, 6.07424784, 0
-0.00035398, -0.00036950, 0.00000000,  0, 6.10389900, 0
-0.00037658, -0.00035610, 0.00000000,  0, 6.13735104, 0
-0.00039242, -0.00035936, 0.00000000,  0, 6.17282200, 0
-0.00039699, -0.00036423, 0.00000000,  0, 6.20310283, 0
-0.00040007, -0.00035181, 0.00000000,  0, 6.23798490, 0
-0.00041475, -0.00030911, 0.00000000,  0, 6.27821493, 0
-0.00043135, -0.00027477, 0.00000000,  0, 6.31418180, 0
-0.00042520, -0.00025458, 0.00000000,  0, 6.34492397, 0
-0.00041951, -0.00022795, 0.00000000,  0, 6.37418890, 0
-0.00042681, -0.00020913, 0.00000000,  0, 6.40760303, 0
-0.00042048, -0.00020616, 0.00000000,  0, 6.43921781, 0
-0.00041574, -0.00019356, 0.00000000,  0, 6.47291803, 0
-0.00041227, -0.00018664, 0.00000000,  0, 6.50367284, 0
-0.00040973, -0.00019524, 0.00000000,  0, 6.53327799, 0
-0.00040778, -0.00020154, 0.00000000,  0, 6.56339884, 0
-0.00040592, -0.00020717, 0.00000000,  0, 6.59664488, 0
-0.00039138, -0.00021186, 0.00000000,  0, 6.62614989, 0
-0.00038254, -0.00022393, 0.00000000,  0, 6.65550399, 0
-0.00037271, -0.00023142, 0.00000000,  0, 6.68382502, 0
-0.00036539, -0.00022719, 0.00000000,  0, 6.71426988, 0
-0.00036030, -0.00022434, 0.00000000,  0, 6.74107003, 0
-0.00035654, -0.00022230, 0.00000000,  0, 6.77366281, 0
-0.00035380, -0.00022089, 0.00000000,  0, 6.80250883, 0
-0.00035187, -0.00021997, 0.00000000,  0, 6.83395696, 0
-0.00035041, -0.00021934, 0.00000000,  0, 6.86416483, 0
-0.00034932, -0.00021893, 0.00000000,  0, 6.89208889, 0
-0.00034850, -0.00021869, 0.00000000,  0, 6.92241383, 0
-0.00034786, -0.00020714, 0.00000000,  0, 6.95516682, 0
-0.00034337, -0.00019505, 0.00000000,  0, 6.98645687, 0
-0.00032858, -0.00018629, 0.00000000,  0, 7.01770687, 0
-0.00031522, -0.00017847, 0.00000000,  0, 7.05664682, 0
-0.00031159, -0.00017365, 0.00000000,  0, 7.09406686, 0
-0.00032140, -0.00017129, 0.00000000,  0, 7.12756586, 0
-0.00032837, -0.00016966, 0.00000000,  0, 7.15971804, 0
-0.00032624, -0.00017552, 0.00000000,  0, 7.19216800, 0
-0.00031581, -0.00018874, 0.00000000,  0, 7.22343397, 0
-0.00030675, -0.00020024, 0.00000000,  0, 7.26305699, 0
-0.00029978, -0.00023042, 0.00000000,  0, 7.30815482, 0
-0.00028560, -0.00024634, 0.00000000,  0, 7.35061097, 0
-0.00027209, -0.00026461, 0.00000000,  0, 7.38288403, 0
-0.00026215, -0.00026713, 0.00000000,  0, 7.41567683, 0
-0.00025330, -0.00025214, 0.00000000,  0, 7.45327687, 0
-0.00024874, -0.00024247, 0.00000000,  0, 7.48689604, 0
-0.00024569, -0.00023600, 0.00000000,  0, 7.51821089, 0
-0.00024350, -0.00022213, 0.00000000,  0, 7.54979300, 0
-0.00024156, -0.00020175, 0.00000000,  0, 7.58230901, 0
-0.00024057, -0.00020270, 0.00000000,  0, 7.61468387, 0
-0.00023992, -0.00020755, 0.00000000,  0, 7.64703488, 0
-0.00023945, -0.00021110, 0.00000000,  0, 7.67725682, 0
-0.00023914, -0.00021363, 0.00000000,  0, 7.70611596, 0
-0.00023893, -0.00021542, 0.00000000,  0, 7.73845792, 0
-0.00023879, -0.00022777, 0.00000000,  0, 7.77068400, 0
-0.00023028, -0.00025298, 0.00000000,  0, 7.80494404, 0
-0.00021739, -0.00027237, 0.00000000,  0, 7.83930302, 0
-0.00020391, -0.00027257, 0.00000000,  0, 7.88843894, 0
-0.00019875, -0.00027263, 0.00000000,  0, 7.92649794, 0
-0.00018602, -0.00029094, 0.00000000,  0, 7.95890903, 0
-0.00017050, -0.00030129, 0.00000000,  0, 7.99328089, 0
-0.00015987, -0.00030278, 0.00000000,  0, 8.02700591, 0
-0.00015025, -0.00029175, 0.00000000,  0, 8.05989885, 0
-0.00014550, -0.00028623, 0.00000000,  0, 8.09120798, 0
-0.00014345, -0.00029461, 0.00000000,  0, 8.12240100, 0
-0.00015621, -0.00029800, 0.00000000,  0, 8.15490389, 0
-0.00016547, -0.00029053, 0.00000000,  0, 8.18609691, 0
-0.00017486, -0.00027198, 0.00000000,  0, 8.21608591, 0
-0.00019421, -0.00025678, 0.00000000,  0, 8.24564695, 0
-0.00020810, -0.00024518, 0.00000000,  0, 8.27757597, 0
-0.00021763, -0.00022261, 0.00000000,  0, 8.30784893, 0
-0.00022458, -0.00020619, 0.00000000,  0, 8.34263301, 0
-0.00022947, -0.00019468, 0.00000000,  0, 8.37297797, 0
-0.00023293, -0.00018656, 0.00000000,  0, 8.40235901, 0
-0.00023544, -0.00018071, 0.00000000,  0, 8.43399882, 0
-0.00023722, -0.00016240, 0.00000000,  0, 8.46251893, 0
-0.00023882, -0.00015943, 0.00000000,  0, 8.49780798, 0
-0.00023960, -0.00017686, 0.00000000,  0, 8.52945495, 0
-0.00024017, -0.00018980, 0.00000000,  0, 8.56078982, 0
-0.00025449, -0.00018485, 0.00000000,  0, 8.59255886, 0
-0.00026605, -0.00017208, 0.00000000,  0, 8.62730694, 0
-0.00026944, -0.00015831, 0.00000000,  0, 8.65903902, 0
-0.00025787, -0.00016056, 0.00000000,  0, 8.68803191, 0
-0.00022691, -0.00016447, 0.00000000,  0, 8.73268795, 0
-0.00022936, -0.00015837, 0.00000000,  0, 8.77089882, 0
-0.00023244, -0.00014547, 0.00000000,  0, 8.80282402, 0
-0.00023455, -0.00012180, 0.00000000,  0, 8.83574200, 0
-0.00022674, -0.00010464, 0.00000000,  0, 8.86935997, 0
-0.00020133, -0.00009269, 0.00000000,  0, 8.90025592, 0
-0.00018171, -0.00008432, 0.00000000,  0, 8.92952681, 0
-0.00016383, -0.00007677, 0.00000000,  0, 8.96739697, 0
-0.00015488, -0.00007305, 0.00000000,  0, 9.00074887, 0
-0.00016233, -0.00007053, 0.00000000,  0, 9.03090787, 0
-0.00016942, -0.00006882, 0.00000000,  0, 9.06361103, 0
-0.00017590, -0.00006736, 0.00000000,  0, 9.09649801, 0
-0.00017917, -0.00006671, 0.00000000,  0, 9.12818789, 0
-0.00018151, -0.00006632, 0.00000000,  0, 9.15832400, 0
-0.00018318, -0.00006610, 0.00000000,  0, 9.19052196, 0
-0.00018441, -0.00006601, 0.00000000,  0, 9.22243094, 0
-0.00018964, -0.00005121, 0.00000000,  0, 9.25313187, 0
-0.00020462, -0.00004008, 0.00000000,  0, 9.28635883, 0
-0.00021350, -0.00001905, 0.00000000,  0, 9.31736898, 0
-0.00019151, 0.00000664, 0.00000000,  0, 9.36078000, 0
-0.00019030, 0.00000689, 0.00000000,  0, 9.39876103, 0
-0.00018926, -0.00000059, 0.00000000,  0, 9.43187404, 0
-0.00018287, -0.00001128, 0.00000000,  0, 9.47252703, 0
-0.00015858, -0.00002785, 0.00000000,  0, 9.50845098, 0
-0.00013676, -0.00003917, 0.00000000,  0, 9.54025888, 0
-0.00012096, -0.00004744, 0.00000000,  0, 9.57227588, 0
-0.00010698, -0.00005486, 0.00000000,  0, 9.60434103, 0
-0.00009651, -0.00003114, 0.00000000,  0, 9.65622902, 0
-0.00009266, -0.00001374, 0.00000000,  0, 9.68639493, 0
-0.00009000, -0.00001411, 0.00000000,  0, 9.71710682, 0
-0.00008836, -0.00001444, 0.00000000,  0, 9.75126600, 0
-0.00010231, -0.00001472, 0.00000000,  0, 9.78056598, 0
-0.00011250, -0.00001498, 0.00000000,  0, 9.81235194, 0
-0.00011979, -0.00003018, 0.00000000,  0, 9.84501386, 0
-0.00011423, -0.00006423, 0.00000000,  0, 9.88208389, 0
-0.00010322, -0.00008557, 0.00000000,  0, 9.91836691, 0
-0.00009775, -0.00009628, 0.00000000,  0, 9.94887686, 0
-0.00009390, -0.00009669, 0.00000000,  0, 9.98484683, 0
-0.00009076, -0.00010113, 0.00000000,  0, 10.01642799, 0
-0.00006912, -0.00012858, 0.00000000,  0, 10.05030704, 0
-0.00005545, -0.00016443, 0.00000000,  0, 10.09874797, 0
-0.00004664, -0.00018885, 0.00000000,  0, 10.13206291, 0
-0.00004233, -0.00018970, 0.00000000,  0, 10.16484785, 0
-0.00005701, -0.00018480, 0.00000000,  0, 10.20924401, 0
-0.00006739, -0.00018165, 0.00000000,  0, 10.24329281, 0
-0.00006081, -0.00018002, 0.00000000,  0, 10.28104496, 0
-0.00005043, -0.00017855, 0.00000000,  0, 10.32339382, 0
-0.00005571, -0.00016424, 0.00000000,  0, 10.36715198, 0
-0.00006440, -0.00014582, 0.00000000,  0, 10.39975691, 0
-0.00007075, -0.00012334, 0.00000000,  0, 10.43062091, 0
-0.00007518, -0.00010777, 0.00000000,  0, 10.46090102, 0
-0.00007840, -0.00009660, 0.00000000,  0, 10.49143100, 0
-0.00008073, -0.00008863, 0.00000000,  0, 10.52240896, 0
-0.00008237, -0.00008315, 0.00000000,  0, 10.55441189, 0
-0.00007334, -0.00008941, 0.00000000,  0, 10.58606291, 0
-0.00006462, -0.00009913, 0.00000000,  0, 10.61612701, 0
-0.00007098, -0.00010607, 0.00000000,  0, 10.64468002, 0
-0.00007561, -0.00011101, 0.00000000,  0, 10.67487884, 0
-0.00007879, -0.00009932, 0.00000000,  0, 10.70494699, 0
-0.00008116, -0.00009072, 0.00000000,  0, 10.73590088, 0
-0.00008286, -0.00007128, 0.00000000,  0, 10.76521182, 0
-0.00009059, -0.00005555, 0.00000000,  0, 10.79421496, 0
-0.00010518, -0.00004419, 0.00000000,  0, 10.82965684, 0
-0.00011563, -0.00003610, 0.00000000,  0, 10.85916686, 0
-0.00012302, -0.00003041, 0.00000000,  0, 10.88932991, 0
-0.00014005, -0.00002630, 0.00000000,  0, 10.92223787, 0
-0.00015954, -0.00002286, 0.00000000,  0, 10.95589399, 0
-0.00016923, -0.00003575, 0.00000000,  0, 10.99074602, 0
-0.00017618, -0.00004580, 0.00000000,  0, 11.02291489, 0
-0.00018114, -0.00005305, 0.00000000,  0, 11.05402589, 0
-0.00018548, -0.00005948, 0.00000000,  0, 11.08644795, 0
-0.00018760, -0.00005876, 0.00000000,  0, 11.11856699, 0
-0.00018913, -0.00004650, 0.00000000,  0, 11.15231490, 0
-0.00019018, -0.00003782, 0.00000000,  0, 11.18352890, 0
-0.00019087, -0.00003192, 0.00000000,  0, 11.21729684, 0
-0.00019549, -0.00002659, 0.00000000,  0, 11.25558686, 0
-0.00021041, -0.00002389, 0.00000000,  0, 11.28479004, 0
-0.00022344, -0.00002158, 0.00000000,  0, 11.32245803, 0
-0.00023004, -0.00002044, 0.00000000,  0, 11.35996103, 0
-0.00023579, -0.00001949, 0.00000000,  0, 11.39493990, 0
-0.00023862, -0.00002116, 0.00000000,  0, 11.42554188, 0
-0.00023398, -0.00004221, 0.00000000,  0, 11.45601201, 0
-0.00022164, -0.00006646, 0.00000000,  0, 11.48952484, 0
-0.00021315, -0.00008306, 0.00000000,  0, 11.51998091, 0
-0.00020638, -0.00009854, 0.00000000,  0, 11.55688286, 0
-0.00021736, -0.00010069, 0.00000000,  0, 11.58596492, 0
-0.00022290, -0.00009487, 0.00000000,  0, 11.61361384, 0
-0.00022920, -0.00009747, 0.00000000,  0, 11.64252996, 0
-0.00023462, -0.00010747, 0.00000000,  0, 11.67615986, 0
-0.00022150, -0.00011387, 0.00000000,  0, 11.71767783, 0
-0.00020123, -0.00011709, 0.00000000,  0, 11.75005889, 0
-0.00018206, -0.00011413, 0.00000000,  0, 11.78622484, 0
-0.00016562, -0.00009828, 0.00000000,  0, 11.82660103, 0
-0.00015518, -0.00008821, 0.00000000,  0, 11.85989499, 0
-0.00015009, -0.00008328, 0.00000000,  0, 11.89258790, 0
-0.00014638, -0.00007969, 0.00000000,  0, 11.92734194, 0
-0.00014383, -0.00006282, 0.00000000,  0, 11.95706201, 0
-0.00014202, -0.00005813, 0.00000000,  0, 11.98875499, 0
-0.00014072, -0.00006205, 0.00000000,  0, 12.01869583, 0
-0.00013985, -0.00006477, 0.00000000,  0, 12.04877281, 0
-0.00013922, -0.00006676, 0.00000000,  0, 12.08020687, 0
-0.00013116, -0.00007607, 0.00000000,  0, 12.11851883, 0
-0.00011762, -0.00009026, 0.00000000,  0, 12.14715195, 0
-0.00011374, -0.00010543, 0.00000000,  0, 12.17649293, 0
-0.00012102, -0.00012663, 0.00000000,  0, 12.20835400, 0
-0.00012839, -0.00015556, 0.00000000,  0, 12.24370193, 0
-0.00015163, -0.00018242, 0.00000000,  0, 12.27704787, 0
-0.00015985, -0.00018143, 0.00000000,  0, 12.30611300, 0
-0.00017135, -0.00017998, 0.00000000,  0, 12.34178495, 0
-0.00016316, -0.00017920, 0.00000000,  0, 12.37359285, 0
-0.00015588, -0.00017136, 0.00000000,  0, 12.40214682, 0
-0.00015058, -0.00015726, 0.00000000,  0, 12.43620181, 0
-0.00014599, -0.00014500, 0.00000000,  0, 12.47101688, 0
-0.00014307, -0.00013712, 0.00000000,  0, 12.51035881, 0
-0.00014203, -0.00012751, 0.00000000,  0, 12.53964591, 0
-0.00015646, -0.00010648, 0.00000000,  0, 12.57122898, 0
-0.00016662, -0.00010617, 0.00000000,  0, 12.60243201, 0
-0.00017373, -0.00009738, 0.00000000,  0, 12.63539195, 0
-0.00017124, -0.00008968, 0.00000000,  0, 12.66776586, 0
-0.00016132, -0.00008406, 0.00000000,  0, 12.69642782, 0
-0.00015446, -0.00008019, 0.00000000,  0, 12.72628498, 0
-0.00015840, -0.00007664, 0.00000000,  0, 12.76497293, 0
-0.00015207, -0.00007491, 0.00000000,  0, 12.79717994, 0
-0.00014753, -0.00008504, 0.00000000,  0, 12.82676983, 0
-0.00014440, -0.00008086, 0.00000000,  0, 12.86026502, 0
-0.00014215, -0.00007785, 0.00000000,  0, 12.89293289, 0
-0.00014051, -0.00007658, 0.00000000,  0, 12.92426395, 0
-0.00013939, -0.00009565, 0.00000000,  0, 12.95353889, 0
-0.00013857, -0.00011955, 0.00000000,  0, 12.98410201, 0
-0.00013802, -0.00013592, 0.00000000,  0, 13.01376581, 0
-0.00013754, -0.00013720, 0.00000000,  0, 13.05333090, 0
-0.00013731, -0.00013293, 0.00000000,  0, 13.08375597, 0
-0.00013715, -0.00014097, 0.00000000,  0, 13.11523390, 0
-0.00013705, -0.00015080, 0.00000000,  0, 13.14563990, 0
-0.00013696, -0.00015994, 0.00000000,  0, 13.18109703, 0
-0.00013692, -0.00016570, 0.00000000,  0, 13.22176099, 0
-0.00013691, -0.00017253, 0.00000000,  0, 13.25476789, 0
-0.00013691, -0.00018886, 0.00000000,  0, 13.28518486, 0
-0.00013692, -0.00020027, 0.00000000,  0, 13.31872392, 0
-0.00013693, -0.00019797, 0.00000000,  0, 13.35450602, 0
-0.00013695, -0.00019110, 0.00000000,  0, 13.38745284, 0
-0.00013696, -0.00018604, 0.00000000,  0, 13.42190695, 0
-0.00013698, -0.00018091, 0.00000000,  0, 13.45354581, 0
-0.00013700, -0.00016370, 0.00000000,  0, 13.48265791, 0
-0.00014806, -0.00015107, 0.00000000,  0, 13.51134300, 0
-0.00016009, -0.00014243, 0.00000000,  0, 13.54108882, 0
-0.00016879, -0.00013617, 0.00000000,  0, 13.56968498, 0
-0.00017496, -0.00013172, 0.00000000,  0, 13.60169291, 0
-0.00017345, -0.00012860, 0.00000000,  0, 13.63000083, 0
-0.00016268, -0.00012632, 0.00000000,  0, 13.65964603, 0
-0.00015512, -0.00012473, 0.00000000,  0, 13.69489884, 0
-0.00014968, -0.00012358, 0.00000000,  0, 13.72856188, 0
-0.00016147, -0.00010598, 0.00000000,  0, 13.76046181, 0
-0.00016986, -0.00009464, 0.00000000,  0, 13.79266596, 0
-0.00017565, -0.00008681, 0.00000000,  0, 13.82703590, 0
-0.00017979, -0.00008121, 0.00000000,  0, 13.86070800, 0
-0.00016729, -0.00007009, 0.00000000,  0, 13.89528298, 0
-0.00015831, -0.00005369, 0.00000000,  0, 13.92940688, 0
-0.00015202, -0.00004221, 0.00000000,  0, 13.95874190, 0
-0.00014758, -0.00003415, 0.00000000,  0, 13.99021697, 0
-0.00014435, -0.00002832, 0.00000000,  0, 14.02058482, 0
-0.00014156, -0.00001249, 0.00000000,  0, 14.05521393, 0
-0.00015402, 0.00000244, 0.00000000,  0, 14.08604884, 0
-0.00016434, 0.00001299, 0.00000000,  0, 14.11791182, 0
-0.00017172, 0.00002048, 0.00000000,  0, 14.15152693, 0
-0.00017680, 0.00002039, 0.00000000,  0, 14.18514490, 0
-0.00018048, 0.00001003, 0.00000000,  0, 14.21591592, 0
-0.00016965, 0.00000265, 0.00000000,  0, 14.24540687, 0
-0.00015996, -0.00000263, 0.00000000,  0, 14.27600789, 0
-0.00014572, -0.00002298, 0.00000000,  0, 14.30968094, 0
-0.00012723, -0.00003645, 0.00000000,  0, 14.34445691, 0
-0.00011905, -0.00002218, 0.00000000,  0, 14.37963390, 0
-0.00012407, 0.00000798, 0.00000000,  0, 14.41137481, 0
-0.00012353, 0.00002815, 0.00000000,  0, 14.44105792, 0
-0.00010300, 0.00002258, 0.00000000,  0, 14.47174501, 0
-0.00008150, 0.00002470, 0.00000000,  0, 14.50525594, 0
-0.00006676, 0.00003504, 0.00000000,  0, 14.53634286, 0
-0.00005609, 0.00006265, 0.00000000,  0, 14.56793785, 0
-0.00004875, 0.00008635, 0.00000000,  0, 14.59868288, 0
-0.00004359, 0.00010309, 0.00000000,  0, 14.63274693, 0
-0.00003906, 0.00011791, 0.00000000,  0, 14.66622901, 0
-0.00002505, 0.00012535, 0.00000000,  0, 14.69975281, 0
-0.00001176, 0.00013032, 0.00000000,  0, 14.73139000, 0
0.00000062, 0.00013486, 0.00000000,  0, 14.76945782, 0
0.00001387, 0.00013698, 0.00000000,  0, 14.80461502, 0
0.00003088, 0.00013878, 0.00000000,  0, 14.84105182, 0
0.00001311, 0.00013978, 0.00000000,  0, 14.87680793, 0
-0.00000355, 0.00014027, 0.00000000,  0, 14.91835093, 0
-0.00001605, 0.00014045, 0.00000000,  0, 14.97060490, 0
-0.00001104, 0.00014043, 0.00000000,  0, 15.00786996, 0
0.00000049, 0.00014029, 0.00000000,  0, 15.03980184, 0
0.00000630, 0.00014113, 0.00000000,  0, 15.06982684, 0
0.00001026, 0.00015599, 0.00000000,  0, 15.10067582, 0
0.00001385, 0.00017288, 0.00000000,  0, 15.14742899, 0
0.00001641, 0.00021141, 0.00000000,  0, 15.19438601, 0
0.00001754, 0.00024353, 0.00000000,  0, 15.24097300, 0
-0.00000015, 0.00025882, 0.00000000,  0, 15.28672194, 0
-0.00000995, 0.00025260, 0.00000000,  0, 15.31859493, 0
-0.00001685, 0.00023486, 0.00000000,  0, 15.35358787, 0
-0.00002542, 0.00021280, 0.00000000,  0, 15.40498781, 0
-0.00002800, 0.00021354, 0.00000000,  0, 15.43830800, 0
-0.00002986, 0.00022193, 0.00000000,  0, 15.47152185, 0
-0.00002578, 0.00022767, 0.00000000,  0, 15.50253582, 0
-0.00001268, 0.00023280, 0.00000000,  0, 15.53906584, 0
-0.00002226, 0.00023748, 0.00000000,  0, 15.58502388, 0
-0.00004645, 0.00025842, 0.00000000,  0, 15.62246895, 0
-0.00005815, 0.00026843, 0.00000000,  0, 15.65884900, 0
-0.00006890, 0.00027750, 0.00000000,  0, 15.69485593, 0
-0.00007424, 0.00028189, 0.00000000,  0, 15.72706985, 0
-0.00007811, 0.00028500, 0.00000000,  0, 15.75813890, 0
-0.00008549, 0.00028703, 0.00000000,  0, 15.79009891, 0
-0.00010574, 0.00028876, 0.00000000,  0, 15.82300282, 0
-0.00011590, 0.00028296, 0.00000000,  0, 15.85274291, 0
-0.00012317, 0.00026992, 0.00000000,  0, 15.88278198, 0
-0.00012668, 0.00026354, 0.00000000,  0, 15.91245699, 0
-0.00013061, 0.00025629, 0.00000000,  0, 15.94152188, 0
-0.00013420, 0.00026014, 0.00000000,  0, 15.97780895, 0
-0.00013592, 0.00024697, 0.00000000,  0, 16.01159883, 0
-0.00013713, 0.00022845, 0.00000000,  0, 16.04245996, 0
-0.00013794, 0.00022613, 0.00000000,  0, 16.06962800, 0
-0.00013849, 0.00020531, 0.00000000,  0, 16.09959388, 0
-0.00015159, 0.00019596, 0.00000000,  0, 16.13209891, 0
-0.00016680, 0.00019125, 0.00000000,  0, 16.16737199, 0
-0.00017424, 0.00018891, 0.00000000,  0, 16.19993091, 0
-0.00017117, 0.00017877, 0.00000000,  0, 16.23056698, 0
-0.00016180, 0.00016436, 0.00000000,  0, 16.26137900, 0
-0.00015342, 0.00015155, 0.00000000,  0, 16.29973388, 0
-0.00014928, 0.00014528, 0.00000000,  0, 16.33850193, 0
-0.00014542, 0.00013950, 0.00000000,  0, 16.37151289, 0
-0.00014349, 0.00013666, 0.00000000,  0, 16.40653682, 0
-0.00014206, 0.00013459, 0.00000000,  0, 16.43874788, 0
-0.00014104, 0.00013317, 0.00000000,  0, 16.46779895, 0
-0.00014029, 0.00013215, 0.00000000,  0, 16.50013494, 0
-0.00013959, 0.00010801, 0.00000000,  0, 16.53349400, 0
-0.00013921, 0.00008311, 0.00000000,  0, 16.56731391, 0
-0.00014286, 0.00005130, 0.00000000,  0, 16.59858990, 0
-0.00015890, 0.00001947, 0.00000000,  0, 16.63418293, 0
-0.00015299, -0.00000983, 0.00000000,  0, 16.66648793, 0
-0.00014866, -0.00003113, 0.00000000,  0, 16.70090389, 0
-0.00014481, -0.00003062, 0.00000000,  0, 16.73933697, 0
-0.00014230, -0.00002280, 0.00000000,  0, 16.78410792, 0
-0.00014038, -0.00000181, 0.00000000,  0, 16.83127499, 0
-0.00013912, -0.00001425, 0.00000000,  0, 16.88735795, 0
-0.00013815, -0.00002040, 0.00000000,  0, 16.94436002, 0
-0.00011846, -0.00005243, 0.00000000,  0, 16.98014903, 0
-0.00011161, -0.00006284, 0.00000000,  0, 17.01513982, 0
-0.00011914, -0.00007549, 0.00000000,  0, 17.04688883, 0
-0.00012458, -0.00009252, 0.00000000,  0, 17.07530284, 0
-0.00012831, -0.00008904, 0.00000000,  0, 17.10218382, 0
-0.00013104, -0.00009544, 0.00000000,  0, 17.13112187, 0
-0.00012173, -0.00010621, 0.00000000,  0, 17.16209388, 0
-0.00012504, -0.00011168, 0.00000000,  0, 17.19051003, 0
-0.00012862, -0.00011754, 0.00000000,  0, 17.21920586, 0
-0.00013125, -0.00012175, 0.00000000,  0, 17.24883199, 0
-0.00013306, -0.00010743, 0.00000000,  0, 17.27596402, 0
-0.00013438, -0.00008934, 0.00000000,  0, 17.31165600, 0
-0.00013532, -0.00008535, 0.00000000,  0, 17.34319687, 0
-0.00013613, -0.00009091, 0.00000000,  0, 17.37687182, 0
-0.00013913, -0.00008815, 0.00000000,  0, 17.41201997, 0
-0.00016052, -0.00008420, 0.00000000,  0, 17.44125390, 0
-0.00018458, -0.00008135, 0.00000000,  0, 17.47139502, 0
-0.00020103, -0.00007933, 0.00000000,  0, 17.50526595, 0
-0.00021635, -0.00007907, 0.00000000,  0, 17.53748488, 0
-0.00022390, -0.00009273, 0.00000000,  0, 17.57043982, 0
-0.00023072, -0.00010508, 0.00000000,  0, 17.60908389, 0
-0.00023404, -0.00011114, 0.00000000,  0, 17.64461493, 0
-0.00023939, -0.00011527, 0.00000000,  0, 17.67825198, 0
-0.00028049, -0.00010251, 0.00000000,  0, 17.72091484, 0
-0.00029424, -0.00009619, 0.00000000,  0, 17.75037193, 0
-0.00029897, -0.00009843, 0.00000000,  0, 17.78533888, 0
-0.00030416, -0.00009045, 0.00000000,  0, 17.81809592, 0
-0.00031612, -0.00008487, 0.00000000,  0, 17.84817600, 0
-0.00032444, -0.00008091, 0.00000000,  0, 17.88150501, 0
-0.00034081, -0.00007802, 0.00000000,  0, 17.90919590, 0
-0.00035719, -0.00007597, 0.00000000,  0, 17.94107795, 0
-0.00038530, -0.00006079, 0.00000000,  0, 17.97505784, 0
-0.00039854, -0.00004816, 0.00000000,  0, 18.00828481, 0
-0.00039822, -0.00003891, 0.00000000,  0, 18.03975487, 0
-0.00039777, -0.00001233, 0.00000000,  0, 18.08009195, 0
-0.00039742, 0.00001479, 0.00000000,  0, 18.11287403, 0
-0.00039708, 0.00003180, 0.00000000,  0, 18.14466691, 0
-0.00039663, 0.00003408, 0.00000000,  0, 18.17820001, 0
-0.00038765, 0.00003518, 0.00000000,  0, 18.20916080, 0
-0.00037386, 0.00002342, 0.00000000,  0, 18.24131083, 0
-0.00036447, -0.00000262, 0.00000000,  0, 18.27264786, 0
-0.00035576, -0.00002644, 0.00000000,  0, 18.31243491, 0
-0.00035127, -0.00003852, 0.00000000,  0, 18.34449792, 0
-0.00034797, -0.00004708, 0.00000000,  0, 18.37369084, 0
-0.00034569, -0.00004411, 0.00000000,  0, 18.40471601, 0
-0.00034397, -0.00005141, 0.00000000,  0, 18.43480587, 0
-0.00034270, -0.00005366, 0.00000000,  0, 18.46360993, 0
-0.00034176, -0.00004275, 0.00000000,  0, 18.49330997, 0
-0.00034103, -0.00003477, 0.00000000,  0, 18.52445292, 0
-0.00034048, -0.00002933, 0.00000000,  0, 18.55880189, 0
-0.00033990, -0.00002429, 0.00000000,  0, 18.60084391, 0
-0.00032681, -0.00002039, 0.00000000,  0, 18.65794992, 0
-0.00030867, -0.00002226, 0.00000000,  0, 18.70653987, 0
-0.00030374, -0.00000656, 0.00000000,  0, 18.73301792, 0
-0.00029819, 0.00002179, 0.00000000,  0, 18.76309681, 0
-0.00029946, 0.00006980, 0.00000000,  0, 18.80281496, 0
-0.00032838, 0.00011737, 0.00000000,  0, 18.84668398, 0
-0.00035151, 0.00014967, 0.00000000,  0, 18.88085604, 0
-0.00036285, 0.00017891, 0.00000000,  0, 18.91033292, 0
-0.00037091, 0.00018849, 0.00000000,  0, 18.94133592, 0
-0.00036119, 0.00019091, 0.00000000,  0, 18.97568202, 0
-0.00036305, 0.00019260, 0.00000000,  0, 19.00483584, 0
-0.00037083, 0.00019566, 0.00000000,  0, 19.03699684, 0
-0.00037626, 0.00021116, 0.00000000,  0, 19.07054687, 0
-0.00038018, 0.00022241, 0.00000000,  0, 19.10072994, 0
-0.00037427, 0.00022279, 0.00000000,  0, 19.13385081, 0
-0.00037622, 0.00022788, 0.00000000,  0, 19.16458988, 0
-0.00037993, 0.00023378, 0.00000000,  0, 19.19765592, 0
-0.00037184, 0.00023792, 0.00000000,  0, 19.23125601, 0
-0.00036102, 0.00024078, 0.00000000,  0, 19.26306295, 0
-0.00035041, 0.00024320, 0.00000000,  0, 19.29614782, 0
-0.00033053, 0.00024946, 0.00000000,  0, 19.32916903, 0
-0.00032495, 0.00026430, 0.00000000,  0, 19.35529685, 0
-0.00032764, 0.00028965, 0.00000000,  0, 19.38558602, 0
-0.00033001, 0.00031204, 0.00000000,  0, 19.41696191, 0
-0.00033122, 0.00033486, 0.00000000,  0, 19.45013785, 0
-0.00033202, 0.00035412, 0.00000000,  0, 19.48411083, 0
-0.00033259, 0.00036810, 0.00000000,  0, 19.51333690, 0
-0.00033297, 0.00037768, 0.00000000,  0, 19.54330301, 0
-0.00033330, 0.00038623, 0.00000000,  0, 19.57959795, 0
-0.00032835, 0.00039027, 0.00000000,  0, 19.61379886, 0
-0.00031437, 0.00039309, 0.00000000,  0, 19.64462900, 0
-0.00031828, 0.00039493, 0.00000000,  0, 19.67823982, 0
-0.00032277, 0.00040343, 0.00000000,  0, 19.70956182, 0
-0.00032681, 0.00042119, 0.00000000,  0, 19.74139285, 0
-0.00032885, 0.00043006, 0.00000000,  0, 19.77354193, 0
-0.00033883, 0.00043431, 0.00000000,  0, 19.80106902, 0
-0.00035286, 0.00043906, 0.00000000,  0, 19.83003187, 0
-0.00036543, 0.00044313, 0.00000000,  0, 19.86465788, 0
-0.00037153, 0.00044495, 0.00000000,  0, 19.90089703, 0
-0.00037590, 0.00044615, 0.00000000,  0, 19.93081093, 0
-0.00037245, 0.00044704, 0.00000000,  0, 19.96596789, 0
-0.00036078, 0.00044736, 0.00000000,  0, 20.00490499, 0
-0.00035062, 0.00043745, 0.00000000,  0, 20.03634381, 0
-0.00034553, 0.00042496, 0.00000000,  0, 20.07061887, 0
-0.00034188, 0.00042360, 0.00000000,  0, 20.10274887, 0
-0.00033921, 0.00043049, 0.00000000,  0, 20.13432193, 0
-0.00033739, 0.00043505, 0.00000000,  0, 20.16468883, 0
-0.00033605, 0.00042929, 0.00000000,  0, 20.19538999, 0
-0.00033509, 0.00041865, 0.00000000,  0, 20.22489691, 0
-0.00033440, 0.00041108, 0.00000000,  0, 20.25436783, 0
-0.00033390, 0.00040551, 0.00000000,  0, 20.28770685, 0
-0.00033337, 0.00038290, 0.00000000,  0, 20.33867502, 0
-0.00033240, 0.00034661, 0.00000000,  0, 20.37305403, 0
-0.00031739, 0.00032896, 0.00000000,  0, 20.40557289, 0
-0.00030352, 0.00031259, 0.00000000,  0, 20.44652891, 0
-0.00029665, 0.00030445, 0.00000000,  0, 20.47821689, 0
-0.00029177, 0.00031143, 0.00000000,  0, 20.50652885, 0
-0.00028840, 0.00032511, 0.00000000,  0, 20.53665495, 0
-0.00029644, 0.00034453, 0.00000000,  0, 20.56627798, 0
-0.00027815, 0.00034304, 0.00000000,  0, 20.61635184, 0
-0.00025663, 0.00034091, 0.00000000,  0, 20.67261386, 0
-0.00024431, 0.00033961, 0.00000000,  0, 20.72071981, 0
-0.00021602, 0.00033881, 0.00000000,  0, 20.77675796, 0
-0.00021953, 0.00034350, 0.00000000,  0, 20.82597494, 0
-0.00023807, 0.00035739, 0.00000000,  0, 20.85689282, 0
-0.00023874, 0.00036741, 0.00000000,  0, 20.88670683, 0
-0.00023652, 0.00037422, 0.00000000,  0, 20.91692901, 0
-0.00023493, 0.00037913, 0.00000000,  0, 20.94602799, 0
-0.00022993, 0.00039757, 0.00000000,  0, 20.97658300, 0
-0.00021493, 0.00041108, 0.00000000,  0, 21.00727391, 0
-0.00017765, 0.00039917, 0.00000000,  0, 21.04187799, 0
-0.00014639, 0.00038079, 0.00000000,  0, 21.07560396, 0
-0.00011025, 0.00036828, 0.00000000,  0, 21.11000991, 0
-0.00007655, 0.00036952, 0.00000000,  0, 21.14429188, 0
-0.00006000, 0.00037525, 0.00000000,  0, 21.17506385, 0
-0.00004809, 0.00037937, 0.00000000,  0, 21.20696998, 0
-0.00004001, 0.00037782, 0.00000000,  0, 21.23790789, 0
-0.00003430, 0.00036552, 0.00000000,  0, 21.26533794, 0
-0.00004340, 0.00035843, 0.00000000,  0, 21.29575396, 0
-0.00005237, 0.00036124, 0.00000000,  0, 21.32920790, 0
-0.00006951, 0.00035370, 0.00000000,  0, 21.35785389, 0
-0.00008681, 0.00034837, 0.00000000,  0, 21.39021087, 0
-0.00009150, 0.00034460, 0.00000000,  0, 21.42396593, 0
-0.00008707, 0.00034189, 0.00000000,  0, 21.45601201, 0
-0.00008326, 0.00033948, 0.00000000,  0, 21.48935580, 0
-0.00008144, 0.00033826, 0.00000000,  0, 21.52137184, 0
-0.00008021, 0.00032963, 0.00000000,  0, 21.55026793, 0
-0.00009151, 0.00032776, 0.00000000,  0, 21.58153200, 0
-0.00010294, 0.00032994, 0.00000000,  0, 21.61683297, 0
-0.00011138, 0.00033153, 0.00000000,  0, 21.64730191, 0
-0.00013035, 0.00034559, 0.00000000,  0, 21.67867994, 0
-0.00015070, 0.00035061, 0.00000000,  0, 21.71494293, 0
-0.00016053, 0.00035152, 0.00000000,  0, 21.74620390, 0
-0.00016773, 0.00036259, 0.00000000,  0, 21.78043103, 0
-0.00017279, 0.00037032, 0.00000000,  0, 21.81182289, 0
-0.00017741, 0.00037732, 0.00000000,  0, 21.84699988, 0
-0.00017969, 0.00038073, 0.00000000,  0, 21.88298583, 0
-0.00017861, 0.00038381, 0.00000000,  0, 21.91712499, 0
-0.00016504, 0.00038533, 0.00000000,  0, 21.95123291, 0
-0.00015927, 0.00036992, 0.00000000,  0, 21.98644686, 0
-0.00016466, 0.00036288, 0.00000000,  0, 22.01556897, 0
-0.00017084, 0.00035480, 0.00000000,  0, 22.04681182, 0
-0.00017632, 0.00034764, 0.00000000,  0, 22.07876492, 0
-0.00017912, 0.00033079, 0.00000000,  0, 22.11070681, 0
-0.00018107, 0.00029621, 0.00000000,  0, 22.14101100, 0
-0.00018249, 0.00027069, 0.00000000,  0, 22.17269087, 0
-0.00018349, 0.00024475, 0.00000000,  0, 22.20381403, 0
-0.00019017, 0.00022444, 0.00000000,  0, 22.23265600, 0
-0.00020437, 0.00020991, 0.00000000,  0, 22.26496887, 0
-0.00019992, 0.00018531, 0.00000000,  0, 22.29750490, 0
-0.00019631, 0.00016149, 0.00000000,  0, 22.33565998, 0
-0.00020845, 0.00015726, 0.00000000,  0, 22.36707687, 0
-0.00021720, 0.00016273, 0.00000000,  0, 22.39665604, 0
-0.00022313, 0.00016653, 0.00000000,  0, 22.42782593, 0
-0.00022746, 0.00016938, 0.00000000,  0, 22.45884800, 0
-0.00023051, 0.00017146, 0.00000000,  0, 22.49110794, 0
-0.00023262, 0.00017299, 0.00000000,  0, 22.51950788, 0
-0.00023414, 0.00017415, 0.00000000,  0, 22.55106592, 0
-0.00023517, 0.00018968, 0.00000000,  0, 22.58510590, 0
-0.00023589, 0.00020158, 0.00000000,  0, 22.61539602, 0
-0.00024306, 0.00021882, 0.00000000,  0, 22.64887500, 0
-0.00026076, 0.00024309, 0.00000000,  0, 22.68861890, 0
-0.00026035, 0.00024601, 0.00000000,  0, 22.72004390, 0
-0.00025348, 0.00024162, 0.00000000,  0, 22.75116801, 0
-0.00024882, 0.00023867, 0.00000000,  0, 22.78182602, 0
-0.00024538, 0.00022556, 0.00000000,  0, 22.81395602, 0
-0.00024300, 0.00019349, 0.00000000,  0, 22.84082890, 0
-0.00024127, 0.00014987, 0.00000000,  0, 22.87294483, 0
-0.00024040, 0.00012317, 0.00000000,  0, 22.90037394, 0
-0.00023938, 0.00008054, 0.00000000,  0, 22.93045998, 0
-0.00023847, 0.00003891, 0.00000000,  0, 22.96313691, 0
-0.00024893, 0.00001497, 0.00000000,  0, 22.99791288, 0
-0.00024539, -0.00000685, 0.00000000,  0, 23.02754283, 0
-0.00024281, -0.00001442, 0.00000000,  0, 23.06065202, 0
-0.00024103, -0.00001948, 0.00000000,  0, 23.09065199, 0
-0.00024868, -0.00002307, 0.00000000,  0, 23.12092900, 0
-0.00026357, -0.00001872, 0.00000000,  0, 23.16109681, 0
-0.00025908, -0.00001868, 0.00000000,  0, 23.19234681, 0
-0.00024758, -0.00002212, 0.00000000,  0, 23.22249699, 0
-0.00022838, -0.00002452, 0.00000000,  0, 23.25231290, 0
-0.00021497, -0.00002609, 0.00000000,  0, 23.28240299, 0
-0.00019891, -0.00002707, 0.00000000,  0, 23.31332994, 0
-0.00018940, -0.00002769, 0.00000000,  0, 23.34694695, 0
-0.00019630, -0.00002805, 0.00000000,  0, 23.37872195, 0
-0.00020775, -0.00004153, 0.00000000,  0, 23.40897894, 0
-0.00021580, -0.00005294, 0.00000000,  0, 23.44405484, 0
-0.00021080, -0.00006118, 0.00000000,  0, 23.47272086, 0
-0.00020262, -0.00006681, 0.00000000,  0, 23.50434184, 0
-0.00019670, -0.00007078, 0.00000000,  0, 23.53782582, 0
-0.00018481, -0.00008080, 0.00000000,  0, 23.57129288, 0
-0.00016768, -0.00009139, 0.00000000,  0, 23.59964585, 0
-0.00013392, -0.00010648, 0.00000000,  0, 23.63497186, 0
-0.00010867, -0.00012231, 0.00000000,  0, 23.66917491, 0
-0.00008335, -0.00014077, 0.00000000,  0, 23.70151687, 0
-0.00006605, -0.00015330, 0.00000000,  0, 23.73110390, 0
-0.00003541, -0.00016453, 0.00000000,  0, 23.76529598, 0
-0.00000813, -0.00017003, 0.00000000,  0, 23.79447389, 0
0.00001823, -0.00017379, 0.00000000,  0, 23.82582283, 0
0.00003648, -0.00017043, 0.00000000,  0, 23.85667086, 0
0.00004083, -0.00016681, 0.00000000,  0, 23.88453603, 0
0.00004628, -0.00017118, 0.00000000,  0, 23.91438699, 0
0.00005635, -0.00017202, 0.00000000,  0, 23.94433999, 0
0.00006326, -0.00015928, 0.00000000,  0, 23.97602201, 0
0.00007064, -0.00012599, 0.00000000,  0, 24.02138400, 0
0.00007319, -0.00011385, 0.00000000,  0, 24.05123281, 0
0.00007489, -0.00011756, 0.00000000,  0, 24.07982993, 0
0.00007660, -0.00012076, 0.00000000,  0, 24.11395288, 0
0.00009243, -0.00013766, 0.00000000,  0, 24.14459181, 0
0.00010380, -0.00014025, 0.00000000,  0, 24.17339683, 0
0.00010951, -0.00013602, 0.00000000,  0, 24.20332384, 0
0.00010026, -0.00013296, 0.00000000,  0, 24.23108292, 0
0.00009342, -0.00013065, 0.00000000,  0, 24.26396394, 0
0.00008864, -0.00012900, 0.00000000,  0, 24.29453492, 0
0.00008509, -0.00011891, 0.00000000,  0, 24.32446504, 0
0.00008109, -0.00007728, 0.00000000,  0, 24.37622380, 0
0.00007905, -0.00007486, 0.00000000,  0, 24.42057991, 0
0.00009632, -0.00009195, 0.00000000,  0, 24.45835686, 0
0.00011799, -0.00010271, 0.00000000,  0, 24.48939991, 0
0.00013603, -0.00012404, 0.00000000,  0, 24.51899886, 0
0.00014908, -0.00013952, 0.00000000,  0, 24.55019498, 0
0.00015800, -0.00015016, 0.00000000,  0, 24.57952380, 0
0.00016429, -0.00014999, 0.00000000,  0, 24.61055589, 0
0.00016874, -0.00015411, 0.00000000,  0, 24.63964987, 0
0.00017168, -0.00016035, 0.00000000,  0, 24.67017889, 0
0.00017428, -0.00018205, 0.00000000,  0, 24.71054888, 0
0.00017542, -0.00021054, 0.00000000,  0, 24.74502683, 0
0.00016395, -0.00023116, 0.00000000,  0, 24.77753401, 0
0.00014934, -0.00024906, 0.00000000,  0, 24.81016588, 0
0.00014191, -0.00024689, 0.00000000,  0, 24.84755182, 0
0.00012991, -0.00025645, 0.00000000,  0, 24.87675095, 0
0.00011218, -0.00025221, 0.00000000,  0, 24.90539885, 0
0.00009661, -0.00026138, 0.00000000,  0, 24.94464898, 0
0.00008885, -0.00025231, 0.00000000,  0, 24.97389388, 0
0.00008320, -0.00024425, 0.00000000,  0, 25.00751400, 0
0.00007901, -0.00023829, 0.00000000,  0, 25.03787088, 0
0.00006115, -0.00021918, 0.00000000,  0, 25.06965995, 0
0.00004801, -0.00020509, 0.00000000,  0, 25.10018301, 0
0.00002534, -0.00018170, 0.00000000,  0, 25.13019180, 0
0.00000048, -0.00016325, 0.00000000,  0, 25.15873790, 0
-0.00002641, -0.00014968, 0.00000000,  0, 25.19052386, 0
-0.00004884, -0.00013638, 0.00000000,  0, 25.22287798, 0
-0.00007663, -0.00011516, 0.00000000,  0, 25.25183082, 0
-0.00009662, -0.00008704, 0.00000000,  0, 25.28346682, 0
-0.00011419, -0.00005849, 0.00000000,  0, 25.32078695, 0
-0.00012281, -0.00002945, 0.00000000,  0, 25.34806585, 0
-0.00012893, 0.00000059, 0.00000000,  0, 25.38057995, 0
-0.00013320, 0.00002862, 0.00000000,  0, 25.41434789, 0
-0.00012553, 0.00004218, 0.00000000,  0, 25.45129204, 0
-0.00011533, 0.00005745, 0.00000000,  0, 25.48491192, 0
-0.00010784, 0.00007744, 0.00000000,  0, 25.51816797, 0
-0.00010112, 0.00011085, 0.00000000,  0, 25.55193996, 0
-0.00010792, 0.00014862, 0.00000000,  0, 25.58251786, 0
-0.00011488, 0.00017071, 0.00000000,  0, 25.61066389, 0
-0.00012278, 0.00019341, 0.00000000,  0, 25.63797998, 0
-0.00012823, 0.00019620, 0.00000000,  0, 25.66694188, 0
-0.00013291, 0.00019807, 0.00000000,  0, 25.69891000, 0
-0.00015061, 0.00019924, 0.00000000,  0, 25.72913289, 0
-0.00016344, 0.00019021, 0.00000000,  0, 25.76110792, 0
-0.00017236, 0.00017799, 0.00000000,  0, 25.79052782, 0
-0.00017861, 0.00016923, 0.00000000,  0, 25.82047796, 0
-0.00018415, 0.00016119, 0.00000000,  0, 25.85818386, 0
-0.00018759, 0.00016962, 0.00000000,  0, 25.89841104, 0
-0.00018922, 0.00017816, 0.00000000,  0, 25.93274999, 0
-0.00019057, 0.00018570, 0.00000000,  0, 25.96763182, 0
-0.00018059, 0.00018944, 0.00000000,  0, 25.99908900, 0
-0.00017220, 0.00018140, 0.00000000,  0, 26.02752686, 0
-0.00014312, 0.00016751, 0.00000000,  0, 26.05922198, 0
-0.00012597, 0.00016032, 0.00000000,  0, 26.08970881, 0
-0.00011433, 0.00015538, 0.00000000,  0, 26.12384796, 0
-0.00010579, 0.00015170, 0.00000000,  0, 26.15714288, 0
-0.00008701, 0.00013478, 0.00000000,  0, 26.18880486, 0
-0.00007119, 0.00010644, 0.00000000,  0, 26.21774602, 0
-0.00005704, 0.00007066, 0.00000000,  0, 26.25210190, 0
-0.00004030, 0.00006089, 0.00000000,  0, 26.28453588, 0
-0.00002003, 0.00005146, 0.00000000,  0, 26.31364393, 0
0.00000697, 0.00003201, 0.00000000,  0, 26.34884787, 0
0.00001494, 0.00002950, 0.00000000,  0, 26.37950587, 0
0.00001637, 0.00003173, 0.00000000,  0, 26.41194081, 0
0.00001764, 0.00004745, 0.00000000,  0, 26.44664097, 0
0.00001822, 0.00005990, 0.00000000,  0, 26.48097491, 0
0.00000732, 0.00008027, 0.00000000,  0, 26.51458597, 0
-0.00000765, 0.00011296, 0.00000000,  0, 26.54921985, 0
-0.00001523, 0.00013720, 0.00000000,  0, 26.57777286, 0
-0.00002061, 0.00015428, 0.00000000,  0, 26.60945797, 0
-0.00002457, 0.00016674, 0.00000000,  0, 26.64115000, 0
-0.00002726, 0.00017511, 0.00000000,  0, 26.67222691, 0
-0.00002924, 0.00018114, 0.00000000,  0, 26.70645285, 0
-0.00005617, 0.00017163, 0.00000000,  0, 26.76023388, 0
-0.00007583, 0.00016285, 0.00000000,  0, 26.79224396, 0
-0.00010863, 0.00014255, 0.00000000,  0, 26.82360792, 0
-0.00014129, 0.00012687, 0.00000000,  0, 26.85594702, 0
-0.00017229, 0.00011486, 0.00000000,  0, 26.88969588, 0
-0.00019365, 0.00009698, 0.00000000,  0, 26.92033482, 0
-0.00021298, 0.00009367, 0.00000000,  0, 26.95407391, 0
-0.00022258, 0.00009200, 0.00000000,  0, 26.98645401, 0
-0.00022894, 0.00009078, 0.00000000,  0, 27.01728988, 0
-0.00021849, 0.00008993, 0.00000000,  0, 27.04595590, 0
-0.00020094, 0.00008930, 0.00000000,  0, 27.07926297, 0
-0.00017195, 0.00007498, 0.00000000,  0, 27.11090994, 0
-0.00014724, 0.00005921, 0.00000000,  0, 27.14653182, 0
-0.00012418, 0.00003690, 0.00000000,  0, 27.17801094, 0
-0.00009677, 0.00002037, 0.00000000,  0, 27.21083689, 0
-0.00007796, 0.00000617, 0.00000000,  0, 27.23936796, 0
-0.00006461, -0.00001640, 0.00000000,  0, 27.27364993, 0
-0.00005261, -0.00003667, 0.00000000,  0, 27.30873704, 0
-0.00004650, -0.00004695, 0.00000000,  0, 27.34246397, 0
-0.00004226, -0.00005407, 0.00000000,  0, 27.37497687, 0
-0.00002601, -0.00007287, 0.00000000,  0, 27.40904903, 0
-0.00001630, -0.00008345, 0.00000000,  0, 27.43624592, 0
-0.00000997, -0.00009510, 0.00000000,  0, 27.46822786, 0
-0.00001642, -0.00010353, 0.00000000,  0, 27.49987698, 0
-0.00001512, -0.00009343, 0.00000000,  0, 27.53208590, 0
-0.00000452, -0.00008651, 0.00000000,  0, 27.56278491, 0
0.00000266, -0.00008174, 0.00000000,  0, 27.59481001, 0
0.00000785, -0.00007821, 0.00000000,  0, 27.63065100, 0
0.00001332, -0.00006297, 0.00000000,  0, 27.67355990, 0
0.00001187, -0.00002751, 0.00000000,  0, 27.72710586, 0
-0.00000128, -0.00000872, 0.00000000,  0, 27.76138186, 0
0.00000604, 0.00000200, 0.00000000,  0, 27.80610681, 0
0.00001000, 0.00000706, 0.00000000,  0, 27.84223390, 0
-0.00000120, -0.00000141, 0.00000000,  0, 27.87642384, 0
-0.00001895, 0.00000263, 0.00000000,  0, 27.91059089, 0
-0.00003891, 0.00001279, 0.00000000,  0, 27.94572687, 0
-0.00005279, 0.00001985, 0.00000000,  0, 27.97582483, 0
-0.00006547, 0.00001169, 0.00000000,  0, 28.01026082, 0
-0.00007180, 0.00001198, 0.00000000,  0, 28.04317999, 0
-0.00007636, 0.00001949, 0.00000000,  0, 28.07539201, 0
-0.00008037, 0.00002614, 0.00000000,  0, 28.11267185, 0
-0.00007834, 0.00002938, 0.00000000,  0, 28.14205003, 0
-0.00006410, 0.00003236, 0.00000000,  0, 28.18245387, 0
-0.00007072, 0.00004044, 0.00000000,  0, 28.21634197, 0
-0.00007552, 0.00005519, 0.00000000,  0, 28.24779582, 0
-0.00007881, 0.00006531, 0.00000000,  0, 28.27671003, 0
-0.00008863, 0.00007273, 0.00000000,  0, 28.31064582, 0
-0.00010345, 0.00007794, 0.00000000,  0, 28.34004593, 0
-0.00011370, 0.00007585, 0.00000000,  0, 28.37065983, 0
-0.00012113, 0.00006452, 0.00000000,  0, 28.40140080, 0
-0.00012631, 0.00005961, 0.00000000,  0, 28.42967701, 0
-0.00012997, 0.00006854, 0.00000000,  0, 28.46332884, 0
-0.00013258, 0.00007495, 0.00000000,  0, 28.49204183, 0
-0.00013433, 0.00007932, 0.00000000,  0, 28.52289701, 0
-0.00013558, 0.00009168, 0.00000000,  0, 28.55587101, 0
-0.00013643, 0.00010675, 0.00000000,  0, 28.58438802, 0
-0.00013699, 0.00011731, 0.00000000,  0, 28.61479902, 0
-0.00013737, 0.00011345, 0.00000000,  0, 28.64757395, 0
-0.00014140, 0.00010653, 0.00000000,  0, 28.67811584, 0
-0.00014621, 0.00008911, 0.00000000,  0, 28.71128392, 0
-0.00014374, 0.00008915, 0.00000000,  0, 28.74342990, 0
-0.00014191, 0.00008916, 0.00000000,  0, 28.77696490, 0
-0.00014021, 0.00010717, 0.00000000,  0, 28.81235194, 0
-0.00013933, 0.00013186, 0.00000000,  0, 28.84465694, 0
-0.00013869, 0.00016502, 0.00000000,  0, 28.87720990, 0
-0.00013820, 0.00018905, 0.00000000,  0, 28.91011500, 0
-0.00013774, 0.00020029, 0.00000000,  0, 28.94689703, 0
-0.00014002, 0.00021377, 0.00000000,  0, 28.97641802, 0
-0.00015459, 0.00023842, 0.00000000,  0, 29.01220393, 0
-0.00016507, 0.00025612, 0.00000000,  0, 29.04374599, 0
-0.00017420, 0.00027150, 0.00000000,  0, 29.07779002, 0
-0.00016506, 0.00026544, 0.00000000,  0, 29.10938191, 0
-0.00015679, 0.00025928, 0.00000000,  0, 29.13903904, 0
-0.00015070, 0.00026613, 0.00000000,  0, 29.17093492, 0
-0.00015090, 0.00029004, 0.00000000,  0, 29.20472193, 0
-0.00016213, 0.00030746, 0.00000000,  0, 29.23496699, 0
-0.00017005, 0.00031968, 0.00000000,  0, 29.26386786, 0
-0.00017556, 0.00032813, 0.00000000,  0, 29.29229593, 0
-0.00017958, 0.00034422, 0.00000000,  0, 29.32446003, 0
-0.00018301, 0.00036488, 0.00000000,  0, 29.36507988, 0
-0.00018472, 0.00037702, 0.00000000,  0, 29.39755082, 0
-0.00018587, 0.00039891, 0.00000000,  0, 29.42668295, 0
-0.00018667, 0.00041479, 0.00000000,  0, 29.45643187, 0
-0.00018719, 0.00042172, 0.00000000,  0, 29.48523092, 0
-0.00019530, 0.00041489, 0.00000000,  0, 29.51716781, 0
-0.00020873, 0.00040990, 0.00000000,  0, 29.54904699, 0
-0.00021794, 0.00040633, 0.00000000,  0, 29.57856202, 0
-0.00022465, 0.00040360, 0.00000000,  0, 29.60930490, 0
-0.00022928, 0.00040157, 0.00000000,  0, 29.64047790, 0
-0.00023338, 0.00039819, 0.00000000,  0, 29.67753100, 0
-0.00023535, 0.00038199, 0.00000000,  0, 29.71376085, 0
-0.00023306, 0.00036323, 0.00000000,  0, 29.75051403, 0
-0.00021574, 0.00034813, 0.00000000,  0, 29.78702188, 0
-0.00020721, 0.00034587, 0.00000000,  0, 29.81872892, 0
-0.00021243, 0.00034416, 0.00000000,  0, 29.85111785, 0
-0.00022022, 0.00034291, 0.00000000,  0, 29.87884903, 0
-0.00021744, 0.00033356, 0.00000000,  0, 29.90913486, 0
-0.00020832, 0.00031977, 0.00000000,  0, 29.94457793, 0
-0.00020014, 0.00030739, 0.00000000,  0, 29.98112583, 0
-0.00019494, 0.00030849, 0.00000000,  0, 30.02501988, 0
-0.00017851, 0.00031719, 0.00000000,  0, 30.05687094, 0
-0.00016517, 0.00032328, 0.00000000,  0, 30.08781481, 0
-0.00015538, 0.00032771, 0.00000000,  0, 30.12098503, 0
-0.00013362, 0.00031550, 0.00000000,  0, 30.15227485, 0
-0.00012646, 0.00030646, 0.00000000,  0, 30.18317699, 0
-0.00012855, 0.00030558, 0.00000000,  0, 30.21431184, 0
-0.00012930, 0.00031215, 0.00000000,  0, 30.24099493, 0
-0.00013017, 0.00031963, 0.00000000,  0, 30.27307296, 0
-0.00013850, 0.00032623, 0.00000000,  0, 30.30591583, 0
-0.00015198, 0.00032951, 0.00000000,  0, 30.33589292, 0
-0.00016148, 0.00032679, 0.00000000,  0, 30.37018394, 0
-0.00016822, 0.00031462, 0.00000000,  0, 30.39933586, 0
-0.00019013, 0.00030600, 0.00000000,  0, 30.43179798, 0
-0.00021908, 0.00030806, 0.00000000,  0, 30.46655798, 0
-0.00022862, 0.00031918, 0.00000000,  0, 30.49899292, 0
-0.00023032, 0.00032314, 0.00000000,  0, 30.52768898, 0
-0.00024087, 0.00032764, 0.00000000,  0, 30.55909801, 0
-0.00025850, 0.00033151, 0.00000000,  0, 30.59353185, 0
-0.00025540, 0.00033344, 0.00000000,  0, 30.62411785, 0
-0.00024970, 0.00033473, 0.00000000,  0, 30.65992093, 0
-0.00024552, 0.00033564, 0.00000000,  0, 30.69099402, 0
-0.00024175, 0.00035460, 0.00000000,  0, 30.72715688, 0
-0.00023878, 0.00036527, 0.00000000,  0, 30.75966692, 0
-0.00022249, 0.00037255, 0.00000000,  0, 30.79212999, 0
-0.00021057, 0.00037782, 0.00000000,  0, 30.82061601, 0
-0.00020221, 0.00038146, 0.00000000,  0, 30.85174704, 0
-0.00018863, 0.00038399, 0.00000000,  0, 30.88110185, 0
-0.00017085, 0.00038577, 0.00000000,  0, 30.91287899, 0
-0.00015866, 0.00038238, 0.00000000,  0, 30.94387102, 0
-0.00013365, 0.00035485, 0.00000000,  0, 30.97689891, 0
-0.00012421, 0.00034962, 0.00000000,  0, 31.01044798, 0
-0.00012578, 0.00035768, 0.00000000,  0, 31.04306102, 0
-0.00014173, 0.00036185, 0.00000000,  0, 31.07681799, 0
-0.00015652, 0.00035241, 0.00000000,  0, 31.11446786, 0
-0.00016387, 0.00034769, 0.00000000,  0, 31.14537096, 0
-0.00019223, 0.00034251, 0.00000000,  0, 31.18989396, 0
-0.00018951, 0.00032144, 0.00000000,  0, 31.23467088, 0
-0.00018691, 0.00030711, 0.00000000,  0, 31.27907395, 0
-0.00017996, 0.00029269, 0.00000000,  0, 31.31605983, 0
-0.00016525, 0.00027429, 0.00000000,  0, 31.34948301, 0
-0.00015491, 0.00026452, 0.00000000,  0, 31.38216591, 0
-0.00014761, 0.00026990, 0.00000000,  0, 31.41189098, 0
-0.00014234, 0.00027380, 0.00000000,  0, 31.44310498, 0
-0.00013875, 0.00028146, 0.00000000,  0, 31.47349095, 0
-0.00013615, 0.00029748, 0.00000000,  0, 31.50382185, 0
-0.00012101, 0.00029549, 0.00000000,  0, 31.53209686, 0
-0.00010828, 0.00029199, 0.00000000,  0, 31.56240201, 0
-0.00009893, 0.00028942, 0.00000000,  0, 31.59245491, 0
-0.00010772, 0.00028770, 0.00000000,  0, 31.62417102, 0
-0.00011434, 0.00028645, 0.00000000,  0, 31.65438890, 0
-0.00011907, 0.00028408, 0.00000000,  0, 31.68188596, 0
-0.00012240, 0.00027451, 0.00000000,  0, 31.71013689, 0
-0.00012483, 0.00027712, 0.00000000,  0, 31.73906493, 0
-0.00012655, 0.00027895, 0.00000000,  0, 31.76905704, 0
-0.00012779, 0.00028026, 0.00000000,  0, 31.80227494, 0
-0.00012871, 0.00028123, 0.00000000,  0, 31.83197594, 0
-0.00012935, 0.00028730, 0.00000000,  0, 31.86562896, 0
-0.00012983, 0.00030178, 0.00000000,  0, 31.89787984, 0
-0.00011655, 0.00029836, 0.00000000,  0, 31.92707396, 0
-0.00010530, 0.00030085, 0.00000000,  0, 31.96037984, 0
-0.00007948, 0.00031406, 0.00000000,  0, 31.99222589, 0
-0.00006310, 0.00032083, 0.00000000,  0, 32.02597785, 0
-0.00005174, 0.00031284, 0.00000000,  0, 32.05767894, 0
-0.00005099, 0.00030468, 0.00000000,  0, 32.09210300, 0
-0.00006092, 0.00029729, 0.00000000,  0, 32.12445593, 0
-0.00006598, 0.00029356, 0.00000000,  0, 32.15847993, 0
-0.00007057, 0.00030025, 0.00000000,  0, 32.19952393, 0
-0.00008512, 0.00030784, 0.00000000,  0, 32.23202300, 0
-0.00009180, 0.00031883, 0.00000000,  0, 32.26681781, 0
-0.00008811, 0.00032787, 0.00000000,  0, 32.30101490, 0
-0.00008548, 0.00033786, 0.00000000,  0, 32.33031201, 0
-0.00008360, 0.00033773, 0.00000000,  0, 32.36321783, 0
-0.00007714, 0.00033244, 0.00000000,  0, 32.39304900, 0
-0.00005309, 0.00030920, 0.00000000,  0, 32.42687488, 0
-0.00003002, 0.00027311, 0.00000000,  0, 32.45661092, 0
-0.00001384, 0.00024590, 0.00000000,  0, 32.48693085, 0
-0.00000198, 0.00022588, 0.00000000,  0, 32.51999998, 0
0.00002742, 0.00020869, 0.00000000,  0, 32.55268884, 0
0.00005604, 0.00020001, 0.00000000,  0, 32.58326101, 0
0.00008401, 0.00019224, 0.00000000,  0, 32.62298393, 0
0.00009351, 0.00018978, 0.00000000,  0, 32.65030098, 0
0.00008897, 0.00020206, 0.00000000,  0, 32.68268800, 0
0.00009464, 0.00020197, 0.00000000,  0, 32.71317482, 0
0.00010506, 0.00019548, 0.00000000,  0, 32.74023390, 0
0.00011219, 0.00019102, 0.00000000,  0, 32.76962590, 0
0.00011732, 0.00018780, 0.00000000,  0, 32.80107999, 0
0.00012075, 0.00018207, 0.00000000,  0, 32.83481383, 0
0.00013595, 0.00014926, 0.00000000,  0, 32.86657190, 0
0.00014898, 0.00012762, 0.00000000,  0, 32.90097594, 0
0.00015825, 0.00011213, 0.00000000,  0, 32.93033886, 0
0.00016453, 0.00010152, 0.00000000,  0, 32.95877695, 0
0.00016768, 0.00009614, 0.00000000,  0, 32.98659182, 0
0.00017207, 0.00008872, 0.00000000,  0, 33.01844883, 0
0.00016860, 0.00010007, 0.00000000,  0, 33.05221081, 0
0.00015595, 0.00010845, 0.00000000,  0, 33.08403492, 0
0.00014916, 0.00011438, 0.00000000,  0, 33.11317897, 0
0.00016417, 0.00011868, 0.00000000,  0, 33.14767790, 0
0.00018378, 0.00012187, 0.00000000,  0, 33.17756891, 0
0.00019695, 0.00012409, 0.00000000,  0, 33.20833087, 0
0.00020898, 0.00012622, 0.00000000,  0, 33.24629784, 0
0.00021476, 0.00013489, 0.00000000,  0, 33.27855396, 0
0.00021886, 0.00014911, 0.00000000,  0, 33.30920887, 0
0.00021660, 0.00014878, 0.00000000,  0, 33.33908582, 0
0.00020426, 0.00016836, 0.00000000,  0, 33.36924982, 0
0.00019555, 0.00019053, 0.00000000,  0, 33.40377593, 0
0.00018930, 0.00021943, 0.00000000,  0, 33.43436885, 0
0.00018352, 0.00024093, 0.00000000,  0, 33.46575594, 0
0.00018541, 0.00024026, 0.00000000,  0, 33.49516082, 0
0.00018493, 0.00025491, 0.00000000,  0, 33.52618694, 0
0.00016591, 0.00028086, 0.00000000,  0, 33.56457186, 0
0.00013333, 0.00031961, 0.00000000,  0, 33.60205889, 0
0.00010410, 0.00034223, 0.00000000,  0, 33.63014293, 0
0.00006433, 0.00037358, 0.00000000,  0, 33.66050196, 0
0.00004108, 0.00040387, 0.00000000,  0, 33.69067097, 0
0.00003273, 0.00041732, 0.00000000,  0, 33.72000980, 0
0.00002709, 0.00042632, 0.00000000,  0, 33.75278091, 0
0.00002299, 0.00043278, 0.00000000,  0, 33.78426600, 0
0.00000701, 0.00045036, 0.00000000,  0, 33.81554103, 0
-0.00000660, 0.00046501, 0.00000000,  0, 33.84942889, 0
-0.00001650, 0.00046516, 0.00000000,  0, 33.88135791, 0
-0.00002514, 0.00045868, 0.00000000,  0, 33.91832781, 0
-0.00003060, 0.00045438, 0.00000000,  0, 33.95305681, 0
-0.00003334, 0.00045209, 0.00000000,  0, 33.99313092, 0
-0.00003570, 0.00045903, 0.00000000,  0, 34.02877092, 0
-0.00005075, 0.00047065, 0.00000000,  0, 34.06264186, 0
-0.00006639, 0.00048091, 0.00000000,  0, 34.09608793, 0
-0.00006899, 0.00048582, 0.00000000,  0, 34.12846184, 0
-0.00005199, 0.00048115, 0.00000000,  0, 34.15714884, 0
-0.00004550, 0.00047061, 0.00000000,  0, 34.18882394, 0
-0.00004366, 0.00046314, 0.00000000,  0, 34.22455096, 0
-0.00004230, 0.00045771, 0.00000000,  0, 34.25576282, 0
-0.00005101, 0.00045289, 0.00000000,  0, 34.29206991, 0
-0.00006309, 0.00045035, 0.00000000,  0, 34.32470989, 0
-0.00007152, 0.00044851, 0.00000000,  0, 34.35402489, 0
-0.00006591, 0.00044712, 0.00000000,  0, 34.38745284, 0
-0.00005598, 0.00041629, 0.00000000,  0, 34.42568493, 0
-0.00005087, 0.00037971, 0.00000000,  0, 34.45663595, 0
-0.00004726, 0.00035199, 0.00000000,  0, 34.48996401, 0
-0.00004393, 0.00032666, 0.00000000,  0, 34.53118181, 0
-0.00004178, 0.00030687, 0.00000000,  0, 34.56350684, 0
-0.00004069, 0.00028462, 0.00000000,  0, 34.59658599, 0
-0.00003988, 0.00026736, 0.00000000,  0, 34.63344693, 0
-0.00003914, 0.00024502, 0.00000000,  0, 34.66672492, 0
-0.00003875, 0.00024078, 0.00000000,  0, 34.69770002, 0
-0.00003845, 0.00023777, 0.00000000,  0, 34.72953200, 0
-0.00003815, 0.00023512, 0.00000000,  0, 34.76603603, 0
-0.00003798, 0.00023381, 0.00000000,  0, 34.80243182, 0
-0.00003485, 0.00021507, 0.00000000,  0, 34.83435202, 0
-0.00001658, 0.00018211, 0.00000000,  0, 34.86770988, 0
-0.00000750, 0.00016583, 0.00000000,  0, 34.90395403, 0
-0.00001735, 0.00014830, 0.00000000,  0, 34.95056200, 0
-0.00002352, 0.00014182, 0.00000000,  0, 34.98499799, 0
-0.00002903, 0.00013614, 0.00000000,  0, 35.02004385, 0
-0.00003097, 0.00013418, 0.00000000,  0, 35.04840803, 0
-0.00003312, 0.00013207, 0.00000000,  0, 35.07805586, 0
-0.00003466, 0.00013064, 0.00000000,  0, 35.10787582, 0
-0.00003574, 0.00011830, 0.00000000,  0, 35.13706994, 0
-0.00003648, 0.00012098, 0.00000000,  0, 35.16468382, 0
-0.00003701, 0.00012299, 0.00000000,  0, 35.19910288, 0
-0.00005208, 0.00013918, 0.00000000,  0, 35.22951984, 0
-0.00006354, 0.00015153, 0.00000000,  0, 35.26064682, 0
-0.00007185, 0.00016056, 0.00000000,  0, 35.29278183, 0
-0.00007919, 0.00014964, 0.00000000,  0, 35.32513404, 0
-0.00008283, 0.00014398, 0.00000000,  0, 35.36185002, 0
-0.00008538, 0.00014749, 0.00000000,  0, 35.39428902, 0
-0.00008761, 0.00016070, 0.00000000,  0, 35.42728496, 0
-0.00008837, 0.00016536, 0.00000000,  0, 35.45608902, 0
-0.00010391, 0.00017206, 0.00000000,  0, 35.48968983, 0
-0.00012391, 0.00017545, 0.00000000,  0, 35.52211499, 0
-0.00015085, 0.00017856, 0.00000000,  0, 35.55863690, 0
-0.00016447, 0.00018017, 0.00000000,  0, 35.59311795, 0
-0.00017639, 0.00018165, 0.00000000,  0, 35.63325191, 0
-0.00018247, 0.00018306, 0.00000000,  0, 35.66330004, 0
-0.00019314, 0.00020495, 0.00000000,  0, 35.69163084, 0
-0.00020980, 0.00021894, 0.00000000,  0, 35.72330189, 0
-0.00022117, 0.00022397, 0.00000000,  0, 35.75475788, 0
-0.00022089, 0.00021919, 0.00000000,  0, 35.78564095, 0
-0.00021142, 0.00020576, 0.00000000,  0, 35.82338500, 0
-0.00020661, 0.00019907, 0.00000000,  0, 35.85606503, 0
-0.00020319, 0.00019444, 0.00000000,  0, 35.88943887, 0
-0.00020068, 0.00018272, 0.00000000,  0, 35.92031693, 0
-0.00019882, 0.00015346, 0.00000000,  0, 35.95134282, 0
-0.00019747, 0.00011624, 0.00000000,  0, 35.98301792, 0
-0.00019615, 0.00008228, 0.00000000,  0, 36.01609182, 0
-0.00019542, 0.00006526, 0.00000000,  0, 36.04694581, 0
-0.00019485, 0.00005328, 0.00000000,  0, 36.07771301, 0
-0.00019440, 0.00003936, 0.00000000,  0, 36.11006689, 0
-0.00019403, 0.00001955, 0.00000000,  0, 36.14352584, 0
-0.00019353, 0.00002089, 0.00000000,  0, 36.19121003, 0
-0.00017666, 0.00000034, 0.00000000,  0, 36.24295187, 0
-0.00016024, -0.00003495, 0.00000000,  0, 36.29872084, 0
-0.00015088, -0.00005328, 0.00000000,  0, 36.34646988, 0
-0.00014482, -0.00002928, 0.00000000,  0, 36.40323782, 0
-0.00014256, -0.00000856, 0.00000000,  0, 36.44813085, 0
-0.00014139, 0.00000209, 0.00000000,  0, 36.47501802, 0
-0.00014055, 0.00000960, 0.00000000,  0, 36.50277185, 0
-0.00014012, 0.00001345, 0.00000000,  0, 36.53060484, 0
-0.00014939, 0.00001787, 0.00000000,  0, 36.56283689, 0
-0.00016492, 0.00002190, 0.00000000,  0, 36.59460998, 0
-0.00017217, 0.00003597, 0.00000000,  0, 36.62499881, 0
-0.00015975, 0.00005299, 0.00000000,  0, 36.66868281, 0
-0.00015542, 0.00005893, 0.00000000,  0, 36.69677186, 0
-0.00014912, 0.00007553, 0.00000000,  0, 36.72735882, 0
-0.00014589, 0.00009414, 0.00000000,  0, 36.75842381, 0
-0.00013831, 0.00011600, 0.00000000,  0, 36.78869200, 0
-0.00012265, 0.00012184, 0.00000000,  0, 36.82158399, 0
-0.00010109, 0.00011958, 0.00000000,  0, 36.86489582, 0
-0.00007041, 0.00010351, 0.00000000,  0, 36.90927982, 0
-0.00005937, 0.00009303, 0.00000000,  0, 36.94092083, 0
-0.00005371, 0.00008006, 0.00000000,  0, 36.96926284, 0
-0.00004569, 0.00005990, 0.00000000,  0, 37.00109196, 0
-0.00004177, 0.00003605, 0.00000000,  0, 37.03418589, 0
-0.00002813, 0.00000789, 0.00000000,  0, 37.06392193, 0
-0.00001375, -0.00001671, 0.00000000,  0, 37.09438992, 0
-0.00000367, -0.00002570, 0.00000000,  0, 37.12698889, 0
0.00000363, -0.00002480, 0.00000000,  0, 37.16246986, 0
0.00000855, -0.00002411, 0.00000000,  0, 37.19050503, 0
0.00001210, -0.00002355, 0.00000000,  0, 37.22068286, 0
0.00001451, -0.00002309, 0.00000000,  0, 37.25136304, 0
0.00000927, -0.00002270, 0.00000000,  0, 37.28288198, 0
-0.00000322, -0.00002237, 0.00000000,  0, 37.31306481, 0
-0.00002361, -0.00002198, 0.00000000,  0, 37.34722900, 0
-0.00004449, -0.00001897, 0.00000000,  0, 37.37881804, 0
-0.00007205, -0.00000407, 0.00000000,  0, 37.41424990, 0
-0.00009208, 0.00000706, 0.00000000,  0, 37.44536281, 0
-0.00010566, 0.00002963, 0.00000000,  0, 37.47306395, 0
-0.00011559, 0.00005514, 0.00000000,  0, 37.50661898, 0
-0.00013138, 0.00008614, 0.00000000,  0, 37.54125190, 0
-0.00014943, 0.00010194, 0.00000000,  0, 37.57222390, 0
-0.00016617, 0.00011273, 0.00000000,  0, 37.60223794, 0
-0.00018942, 0.00012061, 0.00000000,  0, 37.63358188, 0
-0.00020571, 0.00012613, 0.00000000,  0, 37.66790485, 0
-0.00023212, 0.00014295, 0.00000000,  0, 37.70290494, 0
-0.00025112, 0.00015298, 0.00000000,  0, 37.73874187, 0
-0.00026472, 0.00013959, 0.00000000,  0, 37.77155399, 0
-0.00027671, 0.00012011, 0.00000000,  0, 37.80973196, 0
-0.00028935, 0.00010746, 0.00000000,  0, 37.84410787, 0
-0.00030699, 0.00010114, 0.00000000,  0, 37.87752104, 0
-0.00031937, 0.00008262, 0.00000000,  0, 37.91074800, 0
-0.00031774, 0.00005157, 0.00000000,  0, 37.94577885, 0
-0.00031135, 0.00003089, 0.00000000,  0, 37.97960281, 0
-0.00030659, 0.00001578, 0.00000000,  0, 38.01357889, 0
-0.00030312, 0.00000504, 0.00000000,  0, 38.04418898, 0
-0.00031003, -0.00000621, 0.00000000,  0, 38.09166694, 0
-0.00030428, -0.00001148, 0.00000000,  0, 38.13038802, 0
-0.00030132, -0.00001407, 0.00000000,  0, 38.16185093, 0
-0.00029917, -0.00001584, 0.00000000,  0, 38.19511890, 0
-0.00029713, -0.00002987, 0.00000000,  0, 38.23569703, 0
-0.00029574, -0.00004588, 0.00000000,  0, 38.27543283, 0
-0.00029476, -0.00005589, 0.00000000,  0, 38.31418586, 0
-0.00029419, -0.00005905, 0.00000000,  0, 38.34974098, 0
-0.00029361, -0.00004444, 0.00000000,  0, 38.38696194, 0
-0.00029305, -0.00003351, 0.00000000,  0, 38.43441987, 0
-0.00029277, -0.00002114, 0.00000000,  0, 38.46525002, 0
-0.00029252, -0.00001706, 0.00000000,  0, 38.49837184, 0
-0.00029230, -0.00001226, 0.00000000,  0, 38.53042889, 0
-0.00029202, 0.00000513, 0.00000000,  0, 38.56655693, 0
-0.00029183, 0.00002119, 0.00000000,  0, 38.60192680, 0
-0.00029160, 0.00006233, 0.00000000,  0, 38.63722086, 0
-0.00029143, 0.00008533, 0.00000000,  0, 38.67334390, 0
-0.00029127, 0.00009729, 0.00000000,  0, 38.70802188, 0
-0.00030223, 0.00010677, 0.00000000,  0, 38.74853182, 0
-0.00029788, 0.00011911, 0.00000000,  0, 38.78887391, 0
-0.00029510, 0.00012674, 0.00000000,  0, 38.82695389, 0
-0.00029072, 0.00011667, 0.00000000,  0, 38.85665703, 0
-0.00027058, 0.00010545, 0.00000000,  0, 38.89693904, 0
-0.00025786, 0.00009835, 0.00000000,  0, 38.93870783, 0
-0.00025000, 0.00009394, 0.00000000,  0, 38.97434092, 0
-0.00024600, 0.00008911, 0.00000000,  0, 39.00648284, 0
-0.00025000, 0.00007966, 0.00000000,  0, 39.03945184, 0
-0.00024878, 0.00008195, 0.00000000,  0, 39.07500196, 0
-0.00024502, 0.00008309, 0.00000000,  0, 39.11084390, 0
-0.00023406, 0.00008408, 0.00000000,  0, 39.14632702, 0
-0.00021890, 0.00008457, 0.00000000,  0, 39.18198490, 0
-0.00020557, 0.00007411, 0.00000000,  0, 39.22481298, 0
-0.00021825, 0.00005603, 0.00000000,  0, 39.27400088, 0
-0.00022724, 0.00004421, 0.00000000,  0, 39.32930303, 0
-0.00022984, 0.00005586, 0.00000000,  0, 39.36793995, 0
-0.00022964, 0.00006689, 0.00000000,  0, 39.40111399, 0
-0.00020316, 0.00007500, 0.00000000,  0, 39.45074296, 0
-0.00017611, 0.00007890, 0.00000000,  0, 39.49509597, 0
-0.00016202, 0.00008093, 0.00000000,  0, 39.53069687, 0
-0.00015239, 0.00009558, 0.00000000,  0, 39.56143188, 0
-0.00015504, 0.00012292, 0.00000000,  0, 39.59648991, 0
-0.00016286, 0.00011272, 0.00000000,  0, 39.63030601, 0
-0.00016858, 0.00010481, 0.00000000,  0, 39.66368985, 0
-0.00017371, 0.00011504, 0.00000000,  0, 39.69740701, 0
-0.00017637, 0.00012208, 0.00000000,  0, 39.72836185, 0
-0.00018324, 0.00012690, 0.00000000,  0, 39.76217198, 0
-0.00019885, 0.00013034, 0.00000000,  0, 39.79628301, 0
-0.00021529, 0.00013391, 0.00000000,  0, 39.84437394, 0
-0.00022314, 0.00013555, 0.00000000,  0, 39.88234687, 0
-0.00024718, 0.00013652, 0.00000000,  0, 39.92082095, 0
-0.00025958, 0.00013699, 0.00000000,  0, 39.95373082, 0
-0.00026825, 0.00014459, 0.00000000,  0, 39.98502398, 0
-0.00027605, 0.00015652, 0.00000000,  0, 40.02154803, 0
-0.00028001, 0.00015102, 0.00000000,  0, 40.05591393, 0
-0.00028271, 0.00014721, 0.00000000,  0, 40.08905387, 0
-0.00028458, 0.00014448, 0.00000000,  0, 40.12228489, 0
-0.00028624, 0.00014195, 0.00000000,  0, 40.16095901, 0
-0.00028743, 0.00013999, 0.00000000,  0, 40.20584702, 0
-0.00027490, 0.00013921, 0.00000000,  0, 40.24322391, 0
-0.00027276, 0.00015079, 0.00000000,  0, 40.27694201, 0
-0.00027758, 0.00015231, 0.00000000,  0, 40.31263781, 0
-0.00027854, 0.00016673, 0.00000000,  0, 40.34934902, 0
-0.00026607, 0.00018101, 0.00000000,  0, 40.38368988, 0
-0.00025705, 0.00019909, 0.00000000,  0, 40.41662097, 0
-0.00024913, 0.00019593, 0.00000000,  0, 40.44859982, 0
-0.00024517, 0.00019430, 0.00000000,  0, 40.48132586, 0
-0.00024235, 0.00019310, 0.00000000,  0, 40.51173592, 0
-0.00024030, 0.00019219, 0.00000000,  0, 40.54291391, 0
-0.00023889, 0.00019152, 0.00000000,  0, 40.57496190, 0
-0.00023787, 0.00019100, 0.00000000,  0, 40.60849285, 0
-0.00023714, 0.00019060, 0.00000000,  0, 40.63982797, 0
-0.00023663, 0.00019028, 0.00000000,  0, 40.66967487, 0
-0.00023617, 0.00018994, 0.00000000,  0, 40.70268393, 0
-0.00023601, 0.00018979, 0.00000000,  0, 40.73198390, 0
-0.00023577, 0.00018955, 0.00000000,  0, 40.76366687, 0
-0.00023569, 0.00018944, 0.00000000,  0, 40.79329491, 0
-0.00023558, 0.00018933, 0.00000000,  0, 40.82632184, 0
-0.00023552, 0.00020881, 0.00000000,  0, 40.85924387, 0
-0.00023547, 0.00024079, 0.00000000,  0, 40.89560890, 0
-0.00023544, 0.00025649, 0.00000000,  0, 40.93144202, 0
-0.00023543, 0.00027952, 0.00000000,  0, 40.96160889, 0
-0.00023542, 0.00029905, 0.00000000,  0, 40.99501681, 0
-0.00023541, 0.00030447, 0.00000000,  0, 41.02574897, 0
-0.00023540, 0.00030074, 0.00000000,  0, 41.06468797, 0
-0.00023540, 0.00030924, 0.00000000,  0, 41.09467101, 0
-0.00024927, 0.00033406, 0.00000000,  0, 41.12532687, 0
-0.00026064, 0.00035319, 0.00000000,  0, 41.15470099, 0
-0.00026844, 0.00036623, 0.00000000,  0, 41.18498898, 0
-0.00027391, 0.00037529, 0.00000000,  0, 41.22040391, 0
-0.00027788, 0.00038182, 0.00000000,  0, 41.24999404, 0
-0.00028059, 0.00040083, 0.00000000,  0, 41.28062797, 0
-0.00028304, 0.00041895, 0.00000000,  0, 41.31463599, 0
-0.00028422, 0.00042772, 0.00000000,  0, 41.34811187, 0
-0.00028506, 0.00043403, 0.00000000,  0, 41.37922788, 0
-0.00028175, 0.00041939, 0.00000000,  0, 41.41132092, 0
-0.00026783, 0.00039684, 0.00000000,  0, 41.44136500, 0
-0.00025677, 0.00037949, 0.00000000,  0, 41.47389793, 0
-0.00023499, 0.00035331, 0.00000000,  0, 41.50379992, 0
-0.00022917, 0.00034420, 0.00000000,  0, 41.53120685, 0
-0.00024464, 0.00034319, 0.00000000,  0, 41.56343699, 0
-0.00026052, 0.00033037, 0.00000000,  0, 41.59764600, 0
-0.00026223, 0.00031814, 0.00000000,  0, 41.62905884, 0
-0.00025575, 0.00031119, 0.00000000,  0, 41.65916491, 0
-0.00024929, 0.00030425, 0.00000000,  0, 41.69098902, 0
-0.00024481, 0.00029939, 0.00000000,  0, 41.72019982, 0
-0.00024071, 0.00030841, 0.00000000,  0, 41.76073384, 0
-0.00023812, 0.00030936, 0.00000000,  0, 41.79662299, 0
-0.00023686, 0.00030328, 0.00000000,  0, 41.83043504, 0
-0.00023330, 0.00028415, 0.00000000,  0, 41.87217498, 0
-0.00021803, 0.00026984, 0.00000000,  0, 41.90188503, 0
-0.00020428, 0.00025691, 0.00000000,  0, 41.93779492, 0
-0.00019739, 0.00025041, 0.00000000,  0, 41.97392297, 0
-0.00019136, 0.00024469, 0.00000000,  0, 42.00645494, 0
-0.00018831, 0.00024178, 0.00000000,  0, 42.03884697, 0
-0.00018624, 0.00023978, 0.00000000,  0, 42.07215691, 0
-0.00018476, 0.00023833, 0.00000000,  0, 42.10579991, 0
-0.00018350, 0.00022841, 0.00000000,  0, 42.14489794, 0
-0.00016632, 0.00021116, 0.00000000,  0, 42.17944098, 0
-0.00015521, 0.00020238, 0.00000000,  0, 42.21550298, 0
-0.00012625, 0.00017542, 0.00000000,  0, 42.25208902, 0
-0.00011161, 0.00016176, 0.00000000,  0, 42.28663898, 0
-0.00010132, 0.00015215, 0.00000000,  0, 42.32120299, 0
-0.00007668, 0.00013826, 0.00000000,  0, 42.35755491, 0
-0.00005036, 0.00010716, 0.00000000,  0, 42.41731095, 0
-0.00004269, 0.00009805, 0.00000000,  0, 42.45149493, 0
-0.00003459, 0.00008837, 0.00000000,  0, 42.49504185, 0
-0.00003544, 0.00008487, 0.00000000,  0, 42.52864790, 0
-0.00004815, 0.00008241, 0.00000000,  0, 42.56238985, 0
-0.00006919, 0.00008070, 0.00000000,  0, 42.59577394, 0
-0.00008212, 0.00007932, 0.00000000,  0, 42.63459396, 0
-0.00008141, 0.00007871, 0.00000000,  0, 42.66692996, 0
-0.00007853, 0.00007826, 0.00000000,  0, 42.70240092, 0
-0.00005969, 0.00006636, 0.00000000,  0, 42.73927999, 0
-0.00006384, 0.00005791, 0.00000000,  0, 42.76846981, 0
-0.00006985, 0.00005505, 0.00000000,  0, 42.80128884, 0
-0.00007297, 0.00006193, 0.00000000,  0, 42.83533192, 0
-0.00007521, 0.00006680, 0.00000000,  0, 42.86903501, 0
-0.00008240, 0.00007127, 0.00000000,  0, 42.90499997, 0
-0.00009923, 0.00007425, 0.00000000,  0, 42.94671893, 0
-0.00009179, 0.00006005, 0.00000000,  0, 42.99502492, 0
-0.00007795, 0.00005026, 0.00000000,  0, 43.02812600, 0
-0.00006406, 0.00004365, 0.00000000,  0, 43.05808401, 0
-0.00005403, 0.00003018, 0.00000000,  0, 43.09419799, 0
-0.00003849, 0.00000968, 0.00000000,  0, 43.13064790, 0
-0.00001603, -0.00000313, 0.00000000,  0, 43.16625190, 0
-0.00000474, -0.00000953, 0.00000000,  0, 43.20141387, 0
0.00000701, -0.00000315, 0.00000000,  0, 43.25030398, 0
-0.00000194, 0.00001618, 0.00000000,  0, 43.30659890, 0
-0.00001280, 0.00005532, 0.00000000,  0, 43.33863592, 0
-0.00001825, 0.00007884, 0.00000000,  0, 43.36993980, 0
-0.00001016, 0.00008384, 0.00000000,  0, 43.40315485, 0
-0.00000116, 0.00008380, 0.00000000,  0, 43.43316889, 0
0.00000531, 0.00008380, 0.00000000,  0, 43.46327782, 0
0.00000980, 0.00008382, 0.00000000,  0, 43.49556684, 0
0.00001292, 0.00008385, 0.00000000,  0, 43.52783990, 0
0.00001514, 0.00007253, 0.00000000,  0, 43.55770588, 0
0.00002069, 0.00004141, 0.00000000,  0, 43.58616590, 0
0.00003593, 0.00000742, 0.00000000,  0, 43.61630988, 0
0.00004671, -0.00001671, 0.00000000,  0, 43.64898300, 0
0.00005417, -0.00003349, 0.00000000,  0, 43.68074584, 0
0.00006089, -0.00004876, 0.00000000,  0, 43.71679688, 0
0.00006417, -0.00005630, 0.00000000,  0, 43.74685192, 0
0.00006642, -0.00006156, 0.00000000,  0, 43.77745104, 0
0.00006791, -0.00006515, 0.00000000,  0, 43.81131387, 0
0.00006894, -0.00006769, 0.00000000,  0, 43.84192491, 0
0.00006972, -0.00006080, 0.00000000,  0, 43.87641883, 0
0.00007005, -0.00004872, 0.00000000,  0, 43.91425490, 0
0.00007021, -0.00004026, 0.00000000,  0, 43.94673800, 0
0.00007025, -0.00005035, 0.00000000,  0, 43.99150181, 0
0.00005721, -0.00004379, 0.00000000,  0, 44.02446890, 0
0.00004563, -0.00004340, 0.00000000,  0, 44.05683804, 0
0.00003719, -0.00005189, 0.00000000,  0, 44.08886385, 0
0.00002975, -0.00004006, 0.00000000,  0, 44.12123895, 0
0.00002593, -0.00003378, 0.00000000,  0, 44.15111589, 0
0.00001670, -0.00002930, 0.00000000,  0, 44.18334985, 0
0.00000107, -0.00002602, 0.00000000,  0, 44.21310282, 0
-0.00000975, -0.00002372, 0.00000000,  0, 44.24395204, 0
-0.00002549, -0.00002199, 0.00000000,  0, 44.27332783, 0
-0.00004422, -0.00002016, 0.00000000,  0, 44.30517793, 0
-0.00005722, -0.00001003, 0.00000000,  0, 44.33986402, 0
-0.00007734, -0.00001237, 0.00000000,  0, 44.37078190, 0
-0.00009629, -0.00002807, 0.00000000,  0, 44.40015388, 0
-0.00010217, -0.00004050, 0.00000000,  0, 44.43119097, 0
-0.00009754, -0.00005162, 0.00000000,  0, 44.46660280, 0
-0.00009452, -0.00005514, 0.00000000,  0, 44.51174593, 0
-0.00007493, -0.00007322, 0.00000000,  0, 44.55649400, 0
-0.00006350, -0.00008797, 0.00000000,  0, 44.58950901, 0
-0.00005354, -0.00010069, 0.00000000,  0, 44.63047194, 0
-0.00004605, -0.00011013, 0.00000000,  0, 44.67819190, 0
-0.00004319, -0.00011364, 0.00000000,  0, 44.71566486, 0
-0.00004113, -0.00011612, 0.00000000,  0, 44.74723196, 0
-0.00003973, -0.00009850, 0.00000000,  0, 44.77903986, 0
-0.00005114, -0.00003527, 0.00000000,  0, 44.83224702, 0
-0.00006224, -0.00001412, 0.00000000,  0, 44.86157799, 0
-0.00007244, 0.00000535, 0.00000000,  0, 44.90431285, 0
-0.00007759, 0.00001522, 0.00000000,  0, 44.93688798, 0
-0.00007494, 0.00002389, 0.00000000,  0, 44.97392988, 0
-0.00006058, 0.00002943, 0.00000000,  0, 45.01906800, 0
-0.00005410, 0.00003293, 0.00000000,  0, 45.06386995, 0
-0.00006687, 0.00002282, 0.00000000,  0, 45.10314894, 0
-0.00007309, 0.00001230, 0.00000000,  0, 45.13463187, 0
-0.00008944, -0.00000151, 0.00000000,  0, 45.16884494, 0
-0.00008913, -0.00001268, 0.00000000,  0, 45.19863200, 0
-0.00008883, -0.00000704, 0.00000000,  0, 45.24022102, 0
-0.00008865, 0.00001731, 0.00000000,  0, 45.27447701, 0
-0.00008847, 0.00006339, 0.00000000,  0, 45.30857491, 0
-0.00008836, 0.00008689, 0.00000000,  0, 45.34052491, 0
-0.00008827, 0.00010329, 0.00000000,  0, 45.37799287, 0
-0.00008813, 0.00012117, 0.00000000,  0, 45.42532682, 0
-0.00008800, 0.00015797, 0.00000000,  0, 45.48112202, 0
-0.00008157, 0.00016571, 0.00000000,  0, 45.52572298, 0
-0.00006769, 0.00015898, 0.00000000,  0, 45.55901790, 0
-0.00005797, 0.00014042, 0.00000000,  0, 45.58815193, 0
-0.00004321, 0.00011782, 0.00000000,  0, 45.61908197, 0
-0.00002477, 0.00009367, 0.00000000,  0, 45.64906287, 0
-0.00000724, 0.00007705, 0.00000000,  0, 45.67959499, 0
0.00001626, 0.00006481, 0.00000000,  0, 45.71206284, 0
0.00003245, 0.00005635, 0.00000000,  0, 45.74269700, 0
0.00005116, 0.00005035, 0.00000000,  0, 45.77392888, 0
0.00007841, 0.00004490, 0.00000000,  0, 45.80624390, 0
0.00009204, 0.00003235, 0.00000000,  0, 45.84220600, 0
0.00010158, 0.00001508, 0.00000000,  0, 45.87181282, 0
0.00011521, -0.00000986, 0.00000000,  0, 45.90050483, 0
0.00013371, -0.00002804, 0.00000000,  0, 45.93478203, 0
0.00014621, -0.00004039, 0.00000000,  0, 45.96728587, 0
0.00015519, -0.00004930, 0.00000000,  0, 45.99613094, 0
0.00016152, -0.00005707, 0.00000000,  0, 46.02573299, 0
0.00016582, -0.00007624, 0.00000000,  0, 46.05717397, 0
0.00016887, -0.00009018, 0.00000000,  0, 46.08668303, 0
0.00016344, -0.00010264, 0.00000000,  0, 46.12070203, 0
0.00015136, -0.00012110, 0.00000000,  0, 46.15293097, 0
0.00014841, -0.00014242, 0.00000000,  0, 46.18625903, 0
0.00015630, -0.00016816, 0.00000000,  0, 46.21698189, 0
0.00016167, -0.00017143, 0.00000000,  0, 46.24775791, 0
0.00016541, -0.00017255, 0.00000000,  0, 46.27866983, 0
0.00016799, -0.00017326, 0.00000000,  0, 46.30841684, 0
0.00016969, -0.00017366, 0.00000000,  0, 46.34095502, 0
