0.00007278, -0.00011978, 0.00000000,  0, 0.01847386, 0
0.00013456, -0.00015039, 0.00000000,  0, 0.04002380, 0
0.00019633, -0.00018100, 0.00000000,  0, 0.05950880, 0
0.00025824, -0.00021167, 0.00000000,  0, 0.08082581, 0
0.00020559, 0.00004839, 0.00000000,  0, 0.10200381, 0
0.00014596, 0.00032678, 0.00000000,  0, 0.12141299, 0
0.00008632, 0.00060524, 0.00000000,  0, 0.14228392, 0
0.00005852, 0.00075778, 0.00000000,  0, 0.16236997, 0
0.00006630, 0.00076957, 0.00000000,  0, 0.18294096, 0
0.00010308, 0.00066659, 0.00000000,  0, 0.20485878, 0
0.00016301, 0.00047213, 0.00000000,  0, 0.22479296, 0
0.00028462, 0.00005505, 0.00000000,  0, 0.25394082, 0
0.00028218, 0.00001116, 0.00000000,  0, 0.27446485, 0
0.00028111, -0.00004728, 0.00000000,  0, 0.29608989, 0
0.00021742, 0.00006005, 0.00000000,  0, 0.31451201, 0
0.00011718, 0.00026744, 0.00000000,  0, 0.33383894, 0
0.00001672, 0.00047530, 0.00000000,  0, 0.35347700, 0
-0.00008305, 0.00068172, 0.00000000,  0, 0.37311983, 0
-0.00018334, 0.00088920, 0.00000000,  0, 0.39225793, 0
-0.00029215, 0.00107510, 0.00000000,  0, 0.42228198, 0
-0.00031347, 0.00104410, 0.00000000,  0, 0.44264388, 0
-0.00032676, 0.00095096, 0.00000000,  0, 0.46627283, 0
-0.00032356, 0.00070058, 0.00000000,  0, 0.49593997, 0
-0.00040211, 0.00079216, 0.00000000,  0, 0.51732087, 0
-0.00042787, 0.00080131, 0.00000000,  0, 0.53388190, 0
-0.00044942, 0.00067181, 0.00000000,  0, 0.55473089, 0
-0.00044267, 0.00058956, 0.00000000,  0, 0.57408500, 0
-0.00041131, 0.00037581, 0.00000000,  0, 0.59280181, 0
-0.00049068, 0.00047784, 0.00000000,  0, 0.61365080, 0
-0.00060978, 0.00063093, 0.00000000,  0, 0.64002895, 0
-0.00068890, 0.00073264, 0.00000000,  0, 0.66246200, 0
-0.00079397, 0.00090818, 0.00000000,  0, 0.68369699, 0
-0.00100004, 0.00131084, 0.00000000,  0, 0.70843387, 0
-0.00110026, 0.00147354, 0.00000000,  0, 0.72794890, 0
-0.00115025, 0.00155469, 0.00000000,  0, 0.74654388, 0
-0.00124253, 0.00175590, 0.00000000,  0, 0.76426888, 0
-0.00152062, 0.00236525, 0.00000000,  0, 0.78572893, 0
-0.00170695, 0.00277353, 0.00000000,  0, 0.80422878, 0
-0.00181799, 0.00300803, 0.00000000,  0, 0.82516193, 0
-0.00190900, 0.00319637, 0.00000000,  0, 0.84444380, 0
-0.00202200, 0.00352566, 0.00000000,  0, 0.86634898, 0
-0.00220874, 0.00413303, 0.00000000,  0, 0.89966679, 0
-0.00255293, 0.00525837, 0.00000000,  0, 0.93286395, 0
-0.00263614, 0.00559760, 0.00000000,  0, 0.95659399, 0
-0.00269503, 0.00587570, 0.00000000,  0, 0.97781801, 0
-0.00275394, 0.00615391, 0.00000000,  0, 0.99760795, 0
-0.00276208, 0.00630175, 0.00000000,  0, 1.01601195, 0
-0.00272145, 0.00632401, 0.00000000,  0, 1.03602386, 0
-0.00268080, 0.00634628, 0.00000000,  0, 1.05652499, 0
-0.00261312, 0.00630101, 0.00000000,  0, 1.08045292, 0
-0.00248392, 0.00610191, 0.00000000,  0, 1.09782481, 0
-0.00236583, 0.00593343, 0.00000000,  0, 1.11930799, 0
-0.00231867, 0.00596082, 0.00000000,  0, 1.14248300, 0
-0.00227150, 0.00598820, 0.00000000,  0, 1.16265297, 0
-0.00222435, 0.00601557, 0.00000000,  0, 1.17998695, 0
-0.00223422, 0.00620027, 0.00000000,  0, 1.19860101, 0
-0.00225104, 0.00640414, 0.00000000,  0, 1.21743679, 0
-0.00226790, 0.00660853, 0.00000000,  0, 1.23586988, 0
-0.00228478, 0.00681311, 0.00000000,  0, 1.25786090, 0
-0.00230173, 0.00701858, 0.00000000,  0, 1.27631593, 0
-0.00231020, 0.00712135, 0.00000000,  0, 1.29343200, 0
-0.00232709, 0.00732610, 0.00000000,  0, 1.31114483, 0
-0.00226372, 0.00728845, 0.00000000,  0, 1.33201385, 0
-0.00213324, 0.00704960, 0.00000000,  0, 1.35405278, 0
-0.00205182, 0.00694870, 0.00000000,  0, 1.37477493, 0
-0.00199333, 0.00691294, 0.00000000,  0, 1.39737082, 0
-0.00190553, 0.00685927, 0.00000000,  0, 1.42161298, 0
-0.00184657, 0.00682324, 0.00000000,  0, 1.44069290, 0
-0.00181727, 0.00680533, 0.00000000,  0, 1.45520687, 0
-0.00175865, 0.00676950, 0.00000000,  0, 1.47185278, 0
-0.00170018, 0.00673375, 0.00000000,  0, 1.49058700, 0
-0.00167090, 0.00671586, 0.00000000,  0, 1.50803399, 0
-0.00161208, 0.00667991, 0.00000000,  0, 1.52537489, 0
-0.00155343, 0.00664405, 0.00000000,  0, 1.54433179, 0
-0.00149459, 0.00660808, 0.00000000,  0, 1.56710196, 0
-0.00143600, 0.00657228, 0.00000000,  0, 1.58428693, 0
-0.00137742, 0.00653647, 0.00000000,  0, 1.60344887, 0
-0.00131888, 0.00650069, 0.00000000,  0, 1.62687397, 0
-0.00126022, 0.00646483, 0.00000000,  0, 1.65009093, 0
-0.00120158, 0.00642898, 0.00000000,  0, 1.67085600, 0
-0.00114097, 0.00639194, 0.00000000,  0, 1.69020486, 0
-0.00108230, 0.00635607, 0.00000000,  0, 1.70620489, 0
-0.00105304, 0.00633819, 0.00000000,  0, 1.72233796, 0
-0.00096525, 0.00628453, 0.00000000,  0, 1.74426079, 0
-0.00093600, 0.00626665, 0.00000000,  0, 1.76133394, 0
-0.00084810, 0.00621292, 0.00000000,  0, 1.78840590, 0
-0.00078930, 0.00617698, 0.00000000,  0, 1.81154299, 0
-0.00073068, 0.00614115, 0.00000000,  0, 1.83052588, 0
-0.00068715, 0.00606564, 0.00000000,  0, 1.84939194, 0
-0.00066284, 0.00594018, 0.00000000,  0, 1.87178278, 0
-0.00063844, 0.00581427, 0.00000000,  0, 1.89349699, 0
-0.00061403, 0.00568825, 0.00000000,  0, 1.91615391, 0
-0.00058969, 0.00556262, 0.00000000,  0, 1.93592596, 0
-0.00055316, 0.00537410, 0.00000000,  0, 1.96116090, 0
-0.00056806, 0.00535057, 0.00000000,  0, 1.98111582, 0
-0.00062438, 0.00543541, 0.00000000,  0, 1.99956393, 0
-0.00077138, 0.00569258, 0.00000000,  0, 2.03096199, 0
-0.00104336, 0.00621574, 0.00000000,  0, 2.06387591, 0
-0.00131189, 0.00672390, 0.00000000,  0, 2.09267092, 0
-0.00144612, 0.00692865, 0.00000000,  0, 2.11304379, 0
-0.00152595, 0.00706685, 0.00000000,  0, 2.13009286, 0
-0.00168563, 0.00734326, 0.00000000,  0, 2.15012383, 0
-0.00176939, 0.00739325, 0.00000000,  0, 2.16968298, 0
-0.00177717, 0.00721655, 0.00000000,  0, 2.19018483, 0
-0.00175845, 0.00695928, 0.00000000,  0, 2.20756698, 0
-0.00173984, 0.00670352, 0.00000000,  0, 2.22960687, 0
-0.00172123, 0.00644773, 0.00000000,  0, 2.25096893, 0
-0.00167707, 0.00611610, 0.00000000,  0, 2.27179790, 0
-0.00158020, 0.00562354, 0.00000000,  0, 2.29039979, 0
-0.00145260, 0.00504226, 0.00000000,  0, 2.31314087, 0
-0.00126176, 0.00417283, 0.00000000,  0, 2.33700299, 0
-0.00113438, 0.00359250, 0.00000000,  0, 2.35574079, 0
-0.00107092, 0.00330342, 0.00000000,  0, 2.37410498, 0
-0.00094379, 0.00272423, 0.00000000,  0, 2.39439201, 0
-0.00079135, 0.00196506, 0.00000000,  0, 2.41537786, 0
-0.00078469, 0.00184111, 0.00000000,  0, 2.43353295, 0
-0.00076470, 0.00146931, 0.00000000,  0, 2.45604897, 0
-0.00075137, 0.00122132, 0.00000000,  0, 2.47852182, 0
-0.00073799, 0.00097248, 0.00000000,  0, 2.50027990, 0
-0.00069973, 0.00056178, 0.00000000,  0, 2.52783990, 0
-0.00064586, 0.00022738, 0.00000000,  0, 2.55066180, 0
-0.00054054, -0.00031773, 0.00000000,  0, 2.57974482, 0
-0.00041219, -0.00090440, 0.00000000,  0, 2.60895491, 0
-0.00032686, -0.00129442, 0.00000000,  0, 2.63793397, 0
-0.00019269, -0.00188974, 0.00000000,  0, 2.66406393, 0
-0.00008836, -0.00231034, 0.00000000,  0, 2.68432379, 0
0.00002342, -0.00272855, 0.00000000,  0, 2.70473886, 0
0.00014191, -0.00314224, 0.00000000,  0, 2.72426701, 0
0.00026051, -0.00355631, 0.00000000,  0, 2.74920678, 0
0.00043859, -0.00417808, 0.00000000,  0, 2.77789187, 0
0.00055011, -0.00456462, 0.00000000,  0, 2.79544687, 0
0.00069491, -0.00504777, 0.00000000,  0, 2.82226801, 0
0.00077933, -0.00530341, 0.00000000,  0, 2.85123992, 0
0.00085654, -0.00550881, 0.00000000,  0, 2.87039685, 0
0.00095180, -0.00573677, 0.00000000,  0, 2.89292884, 0
0.00101070, -0.00587395, 0.00000000,  0, 2.91939282, 0
0.00101515, -0.00585545, 0.00000000,  0, 2.94954085, 0
0.00086327, -0.00538414, 0.00000000,  0, 2.97415590, 0
0.00054992, -0.00442565, 0.00000000,  0, 2.99731779, 0
0.00036134, -0.00384885, 0.00000000,  0, 3.01914692, 0
0.00017240, -0.00327097, 0.00000000,  0, 3.03891182, 0
-0.00005644, -0.00252994, 0.00000000,  0, 3.06519198, 0
-0.00038942, -0.00136642, 0.00000000,  0, 3.09420800, 0
-0.00061038, -0.00051682, 0.00000000,  0, 3.11777186, 0
-0.00068160, -0.00024068, 0.00000000,  0, 3.13611078, 0
-0.00079321, 0.00022248, 0.00000000,  0, 3.15590787, 0
-0.00088272, 0.00062154, 0.00000000,  0, 3.17407680, 0
-0.00097215, 0.00102020, 0.00000000,  0, 3.19361997, 0
-0.00103914, 0.00135765, 0.00000000,  0, 3.21066594, 0
-0.00106547, 0.00158184, 0.00000000,  0, 3.23439193, 0
-0.00108336, 0.00177913, 0.00000000,  0, 3.25768495, 0
-0.00106044, 0.00184587, 0.00000000,  0, 3.27627301, 0
-0.00102606, 0.00194599, 0.00000000,  0, 3.30053902, 0
-0.00101453, 0.00197956, 0.00000000,  0, 3.32043290, 0
-0.00092296, 0.00188025, 0.00000000,  0, 3.34873581, 0
-0.00083085, 0.00177921, 0.00000000,  0, 3.37200785, 0
-0.00085575, 0.00194237, 0.00000000,  0, 3.39527583, 0
-0.00086866, 0.00205735, 0.00000000,  0, 3.41473985, 0
-0.00091509, 0.00225637, 0.00000000,  0, 3.43667197, 0
-0.00097885, 0.00249500, 0.00000000,  0, 3.45680094, 0
-0.00099100, 0.00257931, 0.00000000,  0, 3.47561288, 0
-0.00097013, 0.00256486, 0.00000000,  0, 3.49648499, 0
-0.00094927, 0.00255041, 0.00000000,  0, 3.51552391, 0
-0.00092835, 0.00253592, 0.00000000,  0, 3.53713393, 0
-0.00090747, 0.00252146, 0.00000000,  0, 3.55760980, 0
-0.00088658, 0.00250699, 0.00000000,  0, 3.58029890, 0
-0.00089018, 0.00258596, 0.00000000,  0, 3.61034679, 0
-0.00099472, 0.00295619, 0.00000000,  0, 3.63888192, 0
-0.00101946, 0.00306195, 0.00000000,  0, 3.65627289, 0
-0.00103045, 0.00312458, 0.00000000,  0, 3.67666888, 0
-0.00104144, 0.00318724, 0.00000000,  0, 3.69685698, 0
-0.00104694, 0.00321859, 0.00000000,  0, 3.71237278, 0
-0.00105792, 0.00328114, 0.00000000,  0, 3.72849488, 0
-0.00106893, 0.00334390, 0.00000000,  0, 3.74762988, 0
-0.00107989, 0.00340636, 0.00000000,  0, 3.76936698, 0
-0.00108539, 0.00343771, 0.00000000,  0, 3.78769088, 0
-0.00106499, 0.00343108, 0.00000000,  0, 3.80885196, 0
-0.00103924, 0.00337703, 0.00000000,  0, 3.82640696, 0
-0.00094918, 0.00316357, 0.00000000,  0, 3.84877682, 0
-0.00082496, 0.00285680, 0.00000000,  0, 3.86650300, 0
-0.00070066, 0.00254972, 0.00000000,  0, 3.88508987, 0
-0.00056296, 0.00218190, 0.00000000,  0, 3.90229392, 0
-0.00041158, 0.00175211, 0.00000000,  0, 3.92393780, 0
-0.00024147, 0.00127574, 0.00000000,  0, 3.94469094, 0
-0.00006785, 0.00079293, 0.00000000,  0, 3.96832991, 0
0.00010886, 0.00029630, 0.00000000,  0, 3.98897791, 0
0.00028776, -0.00021068, 0.00000000,  0, 4.00562787, 0
0.00046439, -0.00072196, 0.00000000,  0, 4.02495885, 0
0.00063671, -0.00123727, 0.00000000,  0, 4.04342198, 0
0.00072416, -0.00149880, 0.00000000,  0, 4.06314993, 0
0.00089616, -0.00201315, 0.00000000,  0, 4.08317590, 0
0.00106831, -0.00252799, 0.00000000,  0, 4.10229683, 0
0.00122480, -0.00302117, 0.00000000,  0, 4.12153387, 0
0.00142240, -0.00370131, 0.00000000,  0, 4.14561796, 0
0.00154661, -0.00413907, 0.00000000,  0, 4.17063498, 0
0.00167115, -0.00457801, 0.00000000,  0, 4.18963480, 0
0.00176660, -0.00495898, 0.00000000,  0, 4.21228194, 0
0.00185283, -0.00532270, 0.00000000,  0, 4.23071289, 0
0.00193869, -0.00568482, 0.00000000,  0, 4.24922991, 0
0.00198177, -0.00586654, 0.00000000,  0, 4.26620197, 0
0.00208704, -0.00636418, 0.00000000,  0, 4.28722501, 0
0.00211139, -0.00659386, 0.00000000,  0, 4.30872488, 0
0.00211675, -0.00676498, 0.00000000,  0, 4.33058500, 0
0.00211291, -0.00691937, 0.00000000,  0, 4.35347795, 0
0.00207380, -0.00700936, 0.00000000,  0, 4.37286282, 0
0.00203250, -0.00709504, 0.00000000,  0, 4.39845800, 0
0.00195870, -0.00711081, 0.00000000,  0, 4.41877079, 0
0.00186930, -0.00707113, 0.00000000,  0, 4.43836093, 0
0.00176805, -0.00698935, 0.00000000,  0, 4.45532084, 0
0.00164978, -0.00687558, 0.00000000,  0, 4.47144485, 0
0.00152281, -0.00673422, 0.00000000,  0, 4.49396586, 0
0.00139171, -0.00657156, 0.00000000,  0, 4.51541781, 0
0.00125596, -0.00639010, 0.00000000,  0, 4.53628993, 0
0.00111891, -0.00619604, 0.00000000,  0, 4.55610394, 0
0.00097999, -0.00599159, 0.00000000,  0, 4.57983780, 0
0.00083912, -0.00577792, 0.00000000,  0, 4.59884381, 0
0.00069874, -0.00555814, 0.00000000,  0, 4.61883998, 0
0.00050049, -0.00522032, 0.00000000,  0, 4.64591289, 0
0.00036838, -0.00499520, 0.00000000,  0, 4.67150784, 0
0.00018782, -0.00466259, 0.00000000,  0, 4.69499397, 0
0.00008720, -0.00444817, 0.00000000,  0, 4.71783090, 0
-0.00001208, -0.00423410, 0.00000000,  0, 4.74131894, 0
-0.00015763, -0.00391497, 0.00000000,  0, 4.76836395, 0
-0.00023477, -0.00371575, 0.00000000,  0, 4.79417682, 0
-0.00035052, -0.00341683, 0.00000000,  0, 4.81561184, 0
-0.00038910, -0.00331718, 0.00000000,  0, 4.83546495, 0
-0.00055535, -0.00293011, 0.00000000,  0, 4.86166501, 0
-0.00066951, -0.00266614, 0.00000000,  0, 4.88209486, 0
-0.00077655, -0.00240970, 0.00000000,  0, 4.90478492, 0
-0.00087705, -0.00208544, 0.00000000,  0, 4.93178487, 0
-0.00097786, -0.00176019, 0.00000000,  0, 4.95832992, 0
-0.00101134, -0.00165217, 0.00000000,  0, 4.97593093, 0
-0.00110516, -0.00133449, 0.00000000,  0, 4.99674582, 0
-0.00126538, -0.00076549, 0.00000000,  0, 5.01791000, 0
-0.00150504, 0.00008564, 0.00000000,  0, 5.04560399, 0
-0.00174497, 0.00093772, 0.00000000,  0, 5.07523298, 0
-0.00194865, 0.00171254, 0.00000000,  0, 5.10383892, 0
-0.00199701, 0.00204444, 0.00000000,  0, 5.12177682, 0
-0.00199193, 0.00214927, 0.00000000,  0, 5.13931298, 0
-0.00198181, 0.00235795, 0.00000000,  0, 5.15746784, 0
-0.00198740, 0.00255713, 0.00000000,  0, 5.17959595, 0
-0.00200088, 0.00275437, 0.00000000,  0, 5.19818687, 0
-0.00201417, 0.00294879, 0.00000000,  0, 5.21828580, 0
-0.00202745, 0.00314305, 0.00000000,  0, 5.23572087, 0
-0.00203996, 0.00332770, 0.00000000,  0, 5.25502896, 0
-0.00202634, 0.00342617, 0.00000000,  0, 5.27948380, 0
-0.00189470, 0.00331210, 0.00000000,  0, 5.30864787, 0
-0.00181613, 0.00328270, 0.00000000,  0, 5.32730579, 0
-0.00178817, 0.00341724, 0.00000000,  0, 5.34846997, 0
-0.00179170, 0.00364052, 0.00000000,  0, 5.36710501, 0
-0.00182150, 0.00393565, 0.00000000,  0, 5.38794780, 0
-0.00179809, 0.00407873, 0.00000000,  0, 5.40887189, 0
-0.00177477, 0.00422125, 0.00000000,  0, 5.42798185, 0
-0.00175139, 0.00436408, 0.00000000,  0, 5.44795394, 0
-0.00172807, 0.00450662, 0.00000000,  0, 5.46905088, 0
-0.00170467, 0.00464960, 0.00000000,  0, 5.48900580, 0
-0.00166963, 0.00486376, 0.00000000,  0, 5.51788688, 0
-0.00166234, 0.00505162, 0.00000000,  0, 5.54343796, 0
-0.00169661, 0.00535364, 0.00000000,  0, 5.56012678, 0
-0.00168209, 0.00540412, 0.00000000,  0, 5.57662797, 0
-0.00165311, 0.00550485, 0.00000000,  0, 5.59562397, 0
-0.00158782, 0.00550355, 0.00000000,  0, 5.61321092, 0
-0.00148940, 0.00540877, 0.00000000,  0, 5.63245201, 0
-0.00139108, 0.00531410, 0.00000000,  0, 5.65412188, 0
-0.00128112, 0.00518544, 0.00000000,  0, 5.67296290, 0
-0.00112818, 0.00492676, 0.00000000,  0, 5.69317198, 0
-0.00098369, 0.00468911, 0.00000000,  0, 5.71347189, 0
-0.00093965, 0.00470265, 0.00000000,  0, 5.73597598, 0
-0.00089563, 0.00471570, 0.00000000,  0, 5.75930500, 0
-0.00073330, 0.00440930, 0.00000000,  0, 5.78760290, 0
-0.00059881, 0.00414157, 0.00000000,  0, 5.81555891, 0
-0.00056292, 0.00410721, 0.00000000,  0, 5.83993196, 0
-0.00052709, 0.00407290, 0.00000000,  0, 5.85995483, 0
-0.00049132, 0.00403864, 0.00000000,  0, 5.88097286, 0
-0.00045552, 0.00400437, 0.00000000,  0, 5.90268493, 0
-0.00041977, 0.00397014, 0.00000000,  0, 5.92160296, 0
-0.00038391, 0.00393581, 0.00000000,  0, 5.94214082, 0
-0.00034818, 0.00390160, 0.00000000,  0, 5.95894194, 0
-0.00031237, 0.00386731, 0.00000000,  0, 5.98201180, 0
-0.00025867, 0.00381590, 0.00000000,  0, 6.00760293, 0
-0.00022293, 0.00378168, 0.00000000,  0, 6.02803683, 0
-0.00016395, 0.00367991, 0.00000000,  0, 6.04855680, 0
-0.00006933, 0.00347609, 0.00000000,  0, 6.06900978, 0
0.00002357, 0.00327597, 0.00000000,  0, 6.09046197, 0
0.00010465, 0.00311479, 0.00000000,  0, 6.11041880, 0
0.00011525, 0.00318289, 0.00000000,  0, 6.12914896, 0
0.00016541, 0.00306922, 0.00000000,  0, 6.15129399, 0
0.00024711, 0.00281046, 0.00000000,  0, 6.17335987, 0
0.00035109, 0.00244942, 0.00000000,  0, 6.19344878, 0
0.00045889, 0.00207163, 0.00000000,  0, 6.21525383, 0
0.00056593, 0.00169648, 0.00000000,  0, 6.23589087, 0
0.00058944, 0.00154263, 0.00000000,  0, 6.25524998, 0
0.00057594, 0.00148692, 0.00000000,  0, 6.27684689, 0
0.00054418, 0.00143166, 0.00000000,  0, 6.29839396, 0
0.00036028, 0.00157527, 0.00000000,  0, 6.32045388, 0
0.00019068, 0.00179224, 0.00000000,  0, 6.34466386, 0
0.00007285, 0.00186196, 0.00000000,  0, 6.36707878, 0
-0.00001344, 0.00170808, 0.00000000,  0, 6.39750886, 0
-0.00001809, 0.00131932, 0.00000000,  0, 6.42338300, 0
-0.00001950, 0.00119019, 0.00000000,  0, 6.44201279, 0
0.00000634, 0.00084893, 0.00000000,  0, 6.46187401, 0
-0.00010348, 0.00080487, 0.00000000,  0, 6.48510695, 0
-0.00017675, 0.00077955, 0.00000000,  0, 6.51024389, 0
-0.00020451, 0.00051354, 0.00000000,  0, 6.53845596, 0
-0.00019792, 0.00026618, 0.00000000,  0, 6.55868697, 0
-0.00019136, 0.00001965, 0.00000000,  0, 6.57886600, 0
-0.00022884, -0.00010393, 0.00000000,  0, 6.59985781, 0
-0.00039901, 0.00002782, 0.00000000,  0, 6.62852979, 0
-0.00051267, 0.00011582, 0.00000000,  0, 6.64872098, 0
-0.00059066, 0.00011854, 0.00000000,  0, 6.67045498, 0
-0.00064670, 0.00006848, 0.00000000,  0, 6.69179296, 0
-0.00068318, -0.00003193, 0.00000000,  0, 6.71560884, 0
-0.00068315, -0.00021674, 0.00000000,  0, 6.73511696, 0
-0.00065054, -0.00047961, 0.00000000,  0, 6.75581384, 0
-0.00059948, -0.00078662, 0.00000000,  0, 6.77642894, 0
-0.00052284, -0.00124744, 0.00000000,  0, 6.79854989, 0
-0.00049507, -0.00141008, 0.00000000,  0, 6.81777787, 0
-0.00042222, -0.00175970, 0.00000000,  0, 6.83544493, 0
-0.00034983, -0.00210717, 0.00000000,  0, 6.85391879, 0
-0.00027748, -0.00245442, 0.00000000,  0, 6.87049985, 0
-0.00023620, -0.00263149, 0.00000000,  0, 6.88699293, 0
-0.00014412, -0.00298806, 0.00000000,  0, 6.90499997, 0
-0.00004165, -0.00334387, 0.00000000,  0, 6.92372680, 0
0.00006038, -0.00369813, 0.00000000,  0, 6.94699001, 0
0.00021331, -0.00422918, 0.00000000,  0, 6.97665095, 0
0.00031525, -0.00458313, 0.00000000,  0, 6.99927282, 0
0.00046835, -0.00511476, 0.00000000,  0, 7.02506399, 0
0.00062147, -0.00564647, 0.00000000,  0, 7.05332279, 0
0.00072346, -0.00600061, 0.00000000,  0, 7.08071589, 0
0.00087083, -0.00648384, 0.00000000,  0, 7.10423684, 0
0.00095269, -0.00669964, 0.00000000,  0, 7.12516785, 0
0.00101590, -0.00684230, 0.00000000,  0, 7.14535093, 0
0.00103812, -0.00688512, 0.00000000,  0, 7.16380000, 0
0.00105477, -0.00685473, 0.00000000,  0, 7.18473601, 0
0.00093388, -0.00639915, 0.00000000,  0, 7.20554996, 0
0.00082743, -0.00598469, 0.00000000,  0, 7.22799301, 0
0.00060493, -0.00518899, 0.00000000,  0, 7.25087285, 0
0.00041743, -0.00450398, 0.00000000,  0, 7.26938987, 0
0.00025615, -0.00390167, 0.00000000,  0, 7.29042888, 0
0.00002859, -0.00310379, 0.00000000,  0, 7.30860901, 0
-0.00024975, -0.00214744, 0.00000000,  0, 7.32883787, 0
-0.00051076, -0.00125065, 0.00000000,  0, 7.35076499, 0
-0.00069142, -0.00048330, 0.00000000,  0, 7.37286592, 0
-0.00083774, 0.00027454, 0.00000000,  0, 7.39045596, 0
-0.00103882, 0.00118649, 0.00000000,  0, 7.41372395, 0
-0.00134159, 0.00255962, 0.00000000,  0, 7.44023800, 0
-0.00148309, 0.00325732, 0.00000000,  0, 7.46156383, 0
-0.00160759, 0.00389392, 0.00000000,  0, 7.48249984, 0
-0.00168967, 0.00439048, 0.00000000,  0, 7.50387001, 0
-0.00177178, 0.00484299, 0.00000000,  0, 7.52276683, 0
-0.00183145, 0.00510949, 0.00000000,  0, 7.54080486, 0
-0.00201062, 0.00590965, 0.00000000,  0, 7.56193995, 0
-0.00207041, 0.00617667, 0.00000000,  0, 7.57948184, 0
-0.00222600, 0.00678198, 0.00000000,  0, 7.59632397, 0
-0.00239457, 0.00741378, 0.00000000,  0, 7.61485386, 0
-0.00256302, 0.00804511, 0.00000000,  0, 7.63361001, 0
-0.00264739, 0.00836135, 0.00000000,  0, 7.65066886, 0
-0.00281563, 0.00899190, 0.00000000,  0, 7.66930985, 0
-0.00298453, 0.00962490, 0.00000000,  0, 7.69127488, 0
-0.00308252, 0.01011379, 0.00000000,  0, 7.72171593, 0
-0.00312728, 0.01037888, 0.00000000,  0, 7.74023390, 0
-0.00316024, 0.01060673, 0.00000000,  0, 7.76036692, 0
-0.00309499, 0.01052362, 0.00000000,  0, 7.78300285, 0
-0.00294842, 0.01017195, 0.00000000,  0, 7.80558801, 0
-0.00271031, 0.00962625, 0.00000000,  0, 7.83781385, 0
-0.00262788, 0.00945838, 0.00000000,  0, 7.86360192, 0
-0.00241491, 0.00887364, 0.00000000,  0, 7.89711189, 0
-0.00196276, 0.00746679, 0.00000000,  0, 7.93096781, 0
-0.00159386, 0.00630024, 0.00000000,  0, 7.96434379, 0
-0.00122321, 0.00512818, 0.00000000,  0, 7.99213290, 0
-0.00094660, 0.00433926, 0.00000000,  0, 8.01283598, 0
-0.00065664, 0.00354609, 0.00000000,  0, 8.03451681, 0
-0.00036715, 0.00275420, 0.00000000,  0, 8.05667400, 0
0.00019923, 0.00117699, 0.00000000,  0, 8.09145284, 0
0.00058746, 0.00000466, 0.00000000,  0, 8.12085700, 0
0.00097373, -0.00116453, 0.00000000,  0, 8.15483189, 0
0.00118405, -0.00186693, 0.00000000,  0, 8.17966580, 0
0.00143357, -0.00280999, 0.00000000,  0, 8.20535588, 0
0.00164139, -0.00366899, 0.00000000,  0, 8.23587084, 0
0.00176016, -0.00420196, 0.00000000,  0, 8.25392699, 0
0.00182711, -0.00446637, 0.00000000,  0, 8.27000499, 0
0.00200606, -0.00497933, 0.00000000,  0, 8.28759193, 0
0.00218506, -0.00549242, 0.00000000,  0, 8.30820489, 0
0.00236409, -0.00600560, 0.00000000,  0, 8.32450390, 0
0.00242111, -0.00620485, 0.00000000,  0, 8.33916998, 0
0.00252509, -0.00654152, 0.00000000,  0, 8.36117482, 0
0.00262554, -0.00680185, 0.00000000,  0, 8.38425589, 0
0.00263503, -0.00689290, 0.00000000,  0, 8.40445399, 0
0.00248102, -0.00653844, 0.00000000,  0, 8.42145681, 0
0.00232616, -0.00618378, 0.00000000,  0, 8.44437289, 0
0.00213042, -0.00581082, 0.00000000,  0, 8.46368194, 0
0.00192480, -0.00545883, 0.00000000,  0, 8.48631787, 0
0.00169715, -0.00510757, 0.00000000,  0, 8.50629687, 0
0.00145594, -0.00476699, 0.00000000,  0, 8.52711082, 0
0.00111390, -0.00412412, 0.00000000,  0, 8.54724479, 0
0.00059867, -0.00312758, 0.00000000,  0, 8.57010698, 0
0.00029498, -0.00257319, 0.00000000,  0, 8.58936000, 0
0.00015848, -0.00232645, 0.00000000,  0, 8.60828781, 0
-0.00009449, -0.00186736, 0.00000000,  0, 8.62793684, 0
-0.00036202, -0.00132673, 0.00000000,  0, 8.64857578, 0
-0.00069431, -0.00057436, 0.00000000,  0, 8.67001390, 0
-0.00119241, 0.00055343, 0.00000000,  0, 8.69865799, 0
-0.00171768, 0.00176600, 0.00000000,  0, 8.73215389, 0
-0.00198786, 0.00244261, 0.00000000,  0, 8.75316882, 0
-0.00213782, 0.00284898, 0.00000000,  0, 8.77196789, 0
-0.00234560, 0.00345645, 0.00000000,  0, 8.79188991, 0
-0.00251089, 0.00404560, 0.00000000,  0, 8.81770301, 0
-0.00260527, 0.00440316, 0.00000000,  0, 8.83852792, 0
-0.00269980, 0.00476132, 0.00000000,  0, 8.85622382, 0
-0.00279407, 0.00511847, 0.00000000,  0, 8.87511897, 0
-0.00284126, 0.00529727, 0.00000000,  0, 8.89061499, 0
-0.00290432, 0.00558036, 0.00000000,  0, 8.91075778, 0
-0.00287756, 0.00565669, 0.00000000,  0, 8.93007684, 0
-0.00278797, 0.00560282, 0.00000000,  0, 8.95242190, 0
-0.00270751, 0.00557434, 0.00000000,  0, 8.96946597, 0
-0.00270210, 0.00576914, 0.00000000,  0, 8.98832488, 0
-0.00269720, 0.00597305, 0.00000000,  0, 9.00902987, 0
-0.00269228, 0.00617756, 0.00000000,  0, 9.02740598, 0
-0.00266584, 0.00621297, 0.00000000,  0, 9.04496098, 0
-0.00260983, 0.00627121, 0.00000000,  0, 9.06352186, 0
-0.00261728, 0.00648322, 0.00000000,  0, 9.08343697, 0
-0.00259410, 0.00656652, 0.00000000,  0, 9.10053802, 0
-0.00257086, 0.00665001, 0.00000000,  0, 9.11975980, 0
-0.00255925, 0.00669171, 0.00000000,  0, 9.13672686, 0
-0.00252445, 0.00681675, 0.00000000,  0, 9.15877700, 0
-0.00248504, 0.00678356, 0.00000000,  0, 9.17726088, 0
-0.00239066, 0.00667457, 0.00000000,  0, 9.19781280, 0
-0.00229576, 0.00656498, 0.00000000,  0, 9.21925092, 0
-0.00220114, 0.00645571, 0.00000000,  0, 9.23958778, 0
-0.00202576, 0.00621557, 0.00000000,  0, 9.26792693, 0
-0.00178484, 0.00582675, 0.00000000,  0, 9.29589796, 0
-0.00162441, 0.00556782, 0.00000000,  0, 9.31926584, 0
-0.00146405, 0.00530901, 0.00000000,  0, 9.33889484, 0
-0.00130361, 0.00505007, 0.00000000,  0, 9.35927701, 0
-0.00121374, 0.00495567, 0.00000000,  0, 9.38005996, 0
-0.00117431, 0.00497879, 0.00000000,  0, 9.39579892, 0
-0.00113471, 0.00500201, 0.00000000,  0, 9.41528487, 0
-0.00109515, 0.00502521, 0.00000000,  0, 9.43826079, 0
-0.00105463, 0.00504896, 0.00000000,  0, 9.45716786, 0
-0.00101516, 0.00507211, 0.00000000,  0, 9.47651386, 0
-0.00097566, 0.00509527, 0.00000000,  0, 9.50333381, 0
-0.00091658, 0.00512991, 0.00000000,  0, 9.53274298, 0
-0.00082177, 0.00514715, 0.00000000,  0, 9.56115079, 0
-0.00070916, 0.00515629, 0.00000000,  0, 9.59021688, 0
-0.00065825, 0.00522008, 0.00000000,  0, 9.61264491, 0
-0.00069995, 0.00559815, 0.00000000,  0, 9.64075089, 0
-0.00074160, 0.00597578, 0.00000000,  0, 9.67077184, 0
-0.00078320, 0.00635298, 0.00000000,  0, 9.69863701, 0
-0.00082477, 0.00672990, 0.00000000,  0, 9.73193789, 0
-0.00078801, 0.00681084, 0.00000000,  0, 9.76541781, 0
-0.00073893, 0.00684479, 0.00000000,  0, 9.79641390, 0
-0.00067355, 0.00689001, 0.00000000,  0, 9.83008289, 0
-0.00059285, 0.00675892, 0.00000000,  0, 9.86389899, 0
-0.00050134, 0.00647582, 0.00000000,  0, 9.88963079, 0
-0.00038693, 0.00607414, 0.00000000,  0, 9.90878987, 0
-0.00025750, 0.00559277, 0.00000000,  0, 9.92879200, 0
-0.00011274, 0.00503173, 0.00000000,  0, 9.95044994, 0
0.00004200, 0.00441801, 0.00000000,  0, 9.96806788, 0
0.00020252, 0.00377397, 0.00000000,  0, 9.99119401, 0
0.00044178, 0.00277945, 0.00000000,  0, 10.02249098, 0
0.00073596, 0.00140151, 0.00000000,  0, 10.05423379, 0
0.00094245, 0.00037958, 0.00000000,  0, 10.08811283, 0
0.00113319, -0.00062287, 0.00000000,  0, 10.12193394, 0
0.00129172, -0.00158210, 0.00000000,  0, 10.15040898, 0
0.00139735, -0.00222127, 0.00000000,  0, 10.17475390, 0
0.00136024, -0.00263398, 0.00000000,  0, 10.19585180, 0
0.00128513, -0.00278513, 0.00000000,  0, 10.21656179, 0
0.00120990, -0.00293652, 0.00000000,  0, 10.24059987, 0
0.00113479, -0.00308769, 0.00000000,  0, 10.25789881, 0
0.00109707, -0.00316358, 0.00000000,  0, 10.27325892, 0
0.00099557, -0.00322880, 0.00000000,  0, 10.29265881, 0
0.00078609, -0.00293675, 0.00000000,  0, 10.31120396, 0
0.00057576, -0.00264350, 0.00000000,  0, 10.33345079, 0
0.00036502, -0.00234969, 0.00000000,  0, 10.35089493, 0
0.00015501, -0.00205689, 0.00000000,  0, 10.37019396, 0
-0.00005472, -0.00176450, 0.00000000,  0, 10.39408398, 0
-0.00023025, -0.00151940, 0.00000000,  0, 10.41335893, 0
-0.00039389, -0.00129077, 0.00000000,  0, 10.43258500, 0
-0.00053833, -0.00109445, 0.00000000,  0, 10.45165086, 0
-0.00069990, -0.00089280, 0.00000000,  0, 10.48269582, 0
-0.00083583, -0.00073118, 0.00000000,  0, 10.51622295, 0
-0.00093577, -0.00062209, 0.00000000,  0, 10.54983878, 0
-0.00103560, -0.00051313, 0.00000000,  0, 10.57542682, 0
-0.00110223, -0.00044040, 0.00000000,  0, 10.59231496, 0
-0.00116877, -0.00036776, 0.00000000,  0, 10.61337495, 0
-0.00119044, -0.00034092, 0.00000000,  0, 10.63502789, 0
-0.00118657, -0.00035000, 0.00000000,  0, 10.65706491, 0
-0.00115778, -0.00038395, 0.00000000,  0, 10.67930698, 0
-0.00111027, -0.00044224, 0.00000000,  0, 10.70314193, 0
-0.00098989, -0.00060317, 0.00000000,  0, 10.73730993, 0
-0.00088870, -0.00074237, 0.00000000,  0, 10.76971483, 0
-0.00081258, -0.00084990, 0.00000000,  0, 10.78957891, 0
-0.00077258, -0.00090688, 0.00000000,  0, 10.80476999, 0
-0.00065004, -0.00108232, 0.00000000,  0, 10.83180785, 0
-0.00056590, -0.00120351, 0.00000000,  0, 10.85260081, 0
-0.00048070, -0.00132656, 0.00000000,  0, 10.87095284, 0
-0.00039324, -0.00145332, 0.00000000,  0, 10.89280081, 0
-0.00030413, -0.00158310, 0.00000000,  0, 10.91175079, 0
-0.00021303, -0.00171625, 0.00000000,  0, 10.93452001, 0
-0.00012041, -0.00185206, 0.00000000,  0, 10.95359778, 0
-0.00002676, -0.00198965, 0.00000000,  0, 10.97693682, 0
0.00016045, -0.00226472, 0.00000000,  0, 11.01042986, 0
0.00025395, -0.00240210, 0.00000000,  0, 11.03486586, 0
0.00033841, -0.00253127, 0.00000000,  0, 11.05449080, 0
0.00041619, -0.00265427, 0.00000000,  0, 11.07417393, 0
0.00048806, -0.00277174, 0.00000000,  0, 11.09578800, 0
0.00055843, -0.00288798, 0.00000000,  0, 11.11664987, 0
0.00062882, -0.00300423, 0.00000000,  0, 11.13661981, 0
0.00069061, -0.00311222, 0.00000000,  0, 11.15666080, 0
0.00078244, -0.00329704, 0.00000000,  0, 11.19263387, 0
0.00082520, -0.00338632, 0.00000000,  0, 11.22136497, 0
0.00088930, -0.00352016, 0.00000000,  0, 11.25042701, 0
0.00094331, -0.00363261, 0.00000000,  0, 11.27677083, 0
0.00095904, -0.00368661, 0.00000000,  0, 11.29707384, 0
0.00084783, -0.00335952, 0.00000000,  0, 11.31674099, 0
0.00063011, -0.00272001, 0.00000000,  0, 11.33672690, 0
0.00050674, -0.00235787, 0.00000000,  0, 11.35418892, 0
0.00014487, -0.00129562, 0.00000000,  0, 11.37709594, 0
-0.00006063, -0.00069226, 0.00000000,  0, 11.39576292, 0
-0.00015461, -0.00041629, 0.00000000,  0, 11.41493201, 0
-0.00034282, 0.00013635, 0.00000000,  0, 11.43441796, 0
-0.00053126, 0.00068970, 0.00000000,  0, 11.45466089, 0
-0.00067658, 0.00112484, 0.00000000,  0, 11.47282386, 0
-0.00077538, 0.00144640, 0.00000000,  0, 11.49486995, 0
-0.00083072, 0.00165678, 0.00000000,  0, 11.51361990, 0
-0.00085327, 0.00177283, 0.00000000,  0, 11.53205800, 0
-0.00084664, 0.00181356, 0.00000000,  0, 11.55434799, 0
-0.00082410, 0.00181682, 0.00000000,  0, 11.57172585, 0
-0.00079004, 0.00178768, 0.00000000,  0, 11.59507179, 0
-0.00069656, 0.00162648, 0.00000000,  0, 11.62848783, 0
-0.00054216, 0.00132884, 0.00000000,  0, 11.66227579, 0
-0.00040878, 0.00102426, 0.00000000,  0, 11.69641781, 0
-0.00044595, 0.00122172, 0.00000000,  0, 11.72523999, 0
-0.00043147, 0.00124528, 0.00000000,  0, 11.74713588, 0
-0.00039336, 0.00119665, 0.00000000,  0, 11.76704979, 0
-0.00034060, 0.00108578, 0.00000000,  0, 11.78667688, 0
-0.00026960, 0.00092789, 0.00000000,  0, 11.80474186, 0
-0.00019276, 0.00072979, 0.00000000,  0, 11.82349491, 0
-0.00015212, 0.00061549, 0.00000000,  0, 11.84178782, 0
-0.00022448, 0.00080150, 0.00000000,  0, 11.87490988, 0
-0.00038655, 0.00123919, 0.00000000,  0, 11.89647388, 0
-0.00068922, 0.00205881, 0.00000000,  0, 11.92785501, 0
-0.00112503, 0.00323051, 0.00000000,  0, 11.95556283, 0
-0.00123519, 0.00351731, 0.00000000,  0, 11.97357988, 0
-0.00147712, 0.00415881, 0.00000000,  0, 11.99014187, 0
-0.00189677, 0.00529929, 0.00000000,  0, 12.01664782, 0
-0.00209631, 0.00584891, 0.00000000,  0, 12.04299092, 0
-0.00227127, 0.00633376, 0.00000000,  0, 12.06321788, 0
-0.00247548, 0.00690484, 0.00000000,  0, 12.08327293, 0
-0.00269827, 0.00753120, 0.00000000,  0, 12.10188198, 0
-0.00293128, 0.00818764, 0.00000000,  0, 12.12432384, 0
-0.00318018, 0.00889082, 0.00000000,  0, 12.14128089, 0
-0.00342988, 0.00959629, 0.00000000,  0, 12.15838981, 0
-0.00355434, 0.00994792, 0.00000000,  0, 12.17345095, 0
-0.00370768, 0.01039281, 0.00000000,  0, 12.19429994, 0
-0.00381522, 0.01071389, 0.00000000,  0, 12.21293187, 0
-0.00392332, 0.01103664, 0.00000000,  0, 12.23463488, 0
-0.00403779, 0.01138664, 0.00000000,  0, 12.25574398, 0
-0.00416431, 0.01178662, 0.00000000,  0, 12.27846098, 0
-0.00435476, 0.01238871, 0.00000000,  0, 12.30668783, 0
-0.00447394, 0.01272128, 0.00000000,  0, 12.33657479, 0
-0.00457350, 0.01297911, 0.00000000,  0, 12.36508393, 0
-0.00467269, 0.01323600, 0.00000000,  0, 12.39337897, 0
-0.00473874, 0.01340707, 0.00000000,  0, 12.41654801, 0
-0.00480484, 0.01357826, 0.00000000,  0, 12.43813896, 0
-0.00487099, 0.01374957, 0.00000000,  0, 12.45689893, 0
-0.00493718, 0.01392100, 0.00000000,  0, 12.48054695, 0
-0.00503656, 0.01417837, 0.00000000,  0, 12.50431681, 0
-0.00510268, 0.01434961, 0.00000000,  0, 12.52508283, 0
-0.00520198, 0.01460678, 0.00000000,  0, 12.55588579, 0
-0.00519137, 0.01457165, 0.00000000,  0, 12.58898783, 0
-0.00511299, 0.01435857, 0.00000000,  0, 12.60709882, 0
-0.00503442, 0.01414500, 0.00000000,  0, 12.62565494, 0
-0.00496928, 0.01396789, 0.00000000,  0, 12.64330983, 0
-0.00493015, 0.01386153, 0.00000000,  0, 12.66155291, 0
-0.00485185, 0.01364868, 0.00000000,  0, 12.68262291, 0
-0.00473425, 0.01332900, 0.00000000,  0, 12.70697999, 0
-0.00465584, 0.01311583, 0.00000000,  0, 12.73101878, 0
-0.00457750, 0.01290286, 0.00000000,  0, 12.75357985, 0
-0.00445985, 0.01258304, 0.00000000,  0, 12.77452993, 0
-0.00438507, 0.01239519, 0.00000000,  0, 12.79733300, 0
-0.00430749, 0.01224791, 0.00000000,  0, 12.81750584, 0
-0.00412975, 0.01182178, 0.00000000,  0, 12.83640599, 0
-0.00395162, 0.01139469, 0.00000000,  0, 12.86340284, 0
-0.00365620, 0.01066864, 0.00000000,  0, 12.88988185, 0
-0.00339307, 0.00998665, 0.00000000,  0, 12.91028786, 0
-0.00313555, 0.00931918, 0.00000000,  0, 12.92902398, 0
-0.00300662, 0.00898501, 0.00000000,  0, 12.94494390, 0
-0.00274792, 0.00831451, 0.00000000,  0, 12.96245480, 0
-0.00248908, 0.00764362, 0.00000000,  0, 12.98096085, 0
-0.00222999, 0.00697210, 0.00000000,  0, 12.99842596, 0
-0.00210091, 0.00663754, 0.00000000,  0, 13.01388884, 0
-0.00184308, 0.00596928, 0.00000000,  0, 13.03874183, 0
-0.00143028, 0.00485883, 0.00000000,  0, 13.06697297, 0
-0.00115304, 0.00410931, 0.00000000,  0, 13.08793283, 0
-0.00073605, 0.00298196, 0.00000000,  0, 13.11644101, 0
-0.00034973, 0.00187139, 0.00000000,  0, 13.14735579, 0
0.00002406, 0.00076536, 0.00000000,  0, 13.17796588, 0
0.00027390, 0.00002609, 0.00000000,  0, 13.19847393, 0
0.00051544, -0.00069677, 0.00000000,  0, 13.21881080, 0
0.00080387, -0.00162284, 0.00000000,  0, 13.24299097, 0
0.00097520, -0.00218592, 0.00000000,  0, 13.26300693, 0
0.00106095, -0.00246777, 0.00000000,  0, 13.28119779, 0
0.00122871, -0.00291211, 0.00000000,  0, 13.29863286, 0
0.00139525, -0.00334206, 0.00000000,  0, 13.31708193, 0
0.00151598, -0.00368928, 0.00000000,  0, 13.33805990, 0
0.00158516, -0.00394926, 0.00000000,  0, 13.35944200, 0
0.00161709, -0.00413011, 0.00000000,  0, 13.38007379, 0
0.00163618, -0.00427887, 0.00000000,  0, 13.40137982, 0
0.00162998, -0.00439648, 0.00000000,  0, 13.42633295, 0
0.00154391, -0.00445160, 0.00000000,  0, 13.44979787, 0
0.00146747, -0.00446488, 0.00000000,  0, 13.47199488, 0
0.00139131, -0.00447811, 0.00000000,  0, 13.49364495, 0
0.00131517, -0.00449133, 0.00000000,  0, 13.51508379, 0
0.00123891, -0.00450458, 0.00000000,  0, 13.53520298, 0
0.00114946, -0.00452012, 0.00000000,  0, 13.55304599, 0
0.00107344, -0.00453332, 0.00000000,  0, 13.57377100, 0
0.00098290, -0.00451540, 0.00000000,  0, 13.59325790, 0
0.00086984, -0.00444988, 0.00000000,  0, 13.61754584, 0
0.00073993, -0.00434718, 0.00000000,  0, 13.63691688, 0
0.00059657, -0.00421604, 0.00000000,  0, 13.65630984, 0
0.00044492, -0.00406110, 0.00000000,  0, 13.67643690, 0
0.00029367, -0.00388666, 0.00000000,  0, 13.70006084, 0
0.00014386, -0.00369794, 0.00000000,  0, 13.71927285, 0
-0.00000573, -0.00349712, 0.00000000,  0, 13.74028182, 0
-0.00014388, -0.00328723, 0.00000000,  0, 13.76090097, 0
-0.00027371, -0.00306958, 0.00000000,  0, 13.77738881, 0
-0.00040426, -0.00284892, 0.00000000,  0, 13.79910994, 0
-0.00053372, -0.00263010, 0.00000000,  0, 13.81862688, 0
-0.00065249, -0.00241438, 0.00000000,  0, 13.84512997, 0
-0.00075640, -0.00220313, 0.00000000,  0, 13.86556387, 0
-0.00090244, -0.00188891, 0.00000000,  0, 13.89029980, 0
-0.00098179, -0.00169021, 0.00000000,  0, 13.91194797, 0
-0.00101377, -0.00159592, 0.00000000,  0, 13.92852497, 0
-0.00109224, -0.00132505, 0.00000000,  0, 13.94963789, 0
-0.00112379, -0.00116036, 0.00000000,  0, 13.97222781, 0
-0.00113918, -0.00100863, 0.00000000,  0, 13.99393392, 0
-0.00114046, -0.00086939, 0.00000000,  0, 14.01658583, 0
-0.00113543, -0.00073497, 0.00000000,  0, 14.04065084, 0
-0.00112789, -0.00053337, 0.00000000,  0, 14.06327391, 0
-0.00114250, -0.00041007, 0.00000000,  0, 14.08043194, 0
-0.00128407, 0.00031065, 0.00000000,  0, 14.10537982, 0
-0.00135147, 0.00073099, 0.00000000,  0, 14.12636089, 0
-0.00140199, 0.00110872, 0.00000000,  0, 14.14963293, 0
-0.00141421, 0.00152853, 0.00000000,  0, 14.17319584, 0
-0.00138069, 0.00171484, 0.00000000,  0, 14.19505692, 0
-0.00128777, 0.00186640, 0.00000000,  0, 14.22484684, 0
-0.00121618, 0.00193323, 0.00000000,  0, 14.25083494, 0
-0.00124863, 0.00232487, 0.00000000,  0, 14.27297187, 0
-0.00127868, 0.00284142, 0.00000000,  0, 14.29557085, 0
-0.00127131, 0.00308080, 0.00000000,  0, 14.31771183, 0
-0.00125816, 0.00329757, 0.00000000,  0, 14.34005880, 0
-0.00121961, 0.00340844, 0.00000000,  0, 14.36051083, 0
-0.00118027, 0.00351628, 0.00000000,  0, 14.37961984, 0
-0.00110578, 0.00351519, 0.00000000,  0, 14.40003085, 0
-0.00103225, 0.00351411, 0.00000000,  0, 14.42150378, 0
-0.00095867, 0.00351304, 0.00000000,  0, 14.44227982, 0
-0.00088511, 0.00351196, 0.00000000,  0, 14.46345496, 0
-0.00081150, 0.00351088, 0.00000000,  0, 14.48283195, 0
-0.00073798, 0.00350981, 0.00000000,  0, 14.50734782, 0
-0.00066425, 0.00350873, 0.00000000,  0, 14.52827787, 0
-0.00066787, 0.00380055, 0.00000000,  0, 14.55914593, 0
-0.00065469, 0.00395216, 0.00000000,  0, 14.58799696, 0
-0.00059938, 0.00395464, 0.00000000,  0, 14.61627483, 0
-0.00057559, 0.00402562, 0.00000000,  0, 14.64470482, 0
-0.00065687, 0.00431785, 0.00000000,  0, 14.67288184, 0
-0.00083432, 0.00489579, 0.00000000,  0, 14.69638085, 0
-0.00100517, 0.00541330, 0.00000000,  0, 14.71754479, 0
-0.00117616, 0.00593120, 0.00000000,  0, 14.73723698, 0
-0.00134684, 0.00644818, 0.00000000,  0, 14.76147580, 0
-0.00149689, 0.00690013, 0.00000000,  0, 14.78262591, 0
-0.00158712, 0.00716353, 0.00000000,  0, 14.80260992, 0
-0.00167716, 0.00742635, 0.00000000,  0, 14.82427788, 0
-0.00176956, 0.00769483, 0.00000000,  0, 14.84568691, 0
-0.00195947, 0.00819533, 0.00000000,  0, 14.86825895, 0
-0.00201655, 0.00832772, 0.00000000,  0, 14.88972282, 0
-0.00207364, 0.00846014, 0.00000000,  0, 14.90964079, 0
-0.00213097, 0.00859311, 0.00000000,  0, 14.92980289, 0
-0.00218959, 0.00872908, 0.00000000,  0, 14.94913387, 0
-0.00221832, 0.00879570, 0.00000000,  0, 14.96595883, 0
-0.00222539, 0.00878888, 0.00000000,  0, 14.98809195, 0
-0.00210956, 0.00842635, 0.00000000,  0, 15.01067781, 0
-0.00205906, 0.00827239, 0.00000000,  0, 15.03005385, 0
-0.00195850, 0.00796576, 0.00000000,  0, 15.04955196, 0
-0.00176719, 0.00739311, 0.00000000,  0, 15.07266998, 0
-0.00158504, 0.00685929, 0.00000000,  0, 15.09380484, 0
-0.00145949, 0.00647012, 0.00000000,  0, 15.11689281, 0
-0.00141598, 0.00634454, 0.00000000,  0, 15.14640594, 0
-0.00131234, 0.00603949, 0.00000000,  0, 15.17583394, 0
-0.00120583, 0.00572514, 0.00000000,  0, 15.20427895, 0
-0.00117061, 0.00562118, 0.00000000,  0, 15.22450995, 0
-0.00103994, 0.00521284, 0.00000000,  0, 15.24555397, 0
-0.00093047, 0.00485438, 0.00000000,  0, 15.27300501, 0
-0.00076653, 0.00431754, 0.00000000,  0, 15.29990101, 0
-0.00059771, 0.00375692, 0.00000000,  0, 15.32883596, 0
-0.00040464, 0.00307733, 0.00000000,  0, 15.35799885, 0
-0.00021158, 0.00239780, 0.00000000,  0, 15.38741994, 0
-0.00008282, 0.00194413, 0.00000000,  0, 15.41695881, 0
0.00005504, 0.00138420, 0.00000000,  0, 15.44671202, 0
0.00005402, 0.00117826, 0.00000000,  0, 15.47688293, 0
-0.00008017, 0.00133476, 0.00000000,  0, 15.50277686, 0
-0.00019094, 0.00149933, 0.00000000,  0, 15.52243996, 0
-0.00024698, 0.00158259, 0.00000000,  0, 15.53982687, 0
-0.00050432, 0.00209578, 0.00000000,  0, 15.56305695, 0
-0.00058222, 0.00224799, 0.00000000,  0, 15.57935596, 0
-0.00070470, 0.00246085, 0.00000000,  0, 15.59695196, 0
-0.00079093, 0.00257507, 0.00000000,  0, 15.61725187, 0
-0.00088206, 0.00269203, 0.00000000,  0, 15.63763499, 0
-0.00099761, 0.00281208, 0.00000000,  0, 15.65839601, 0
-0.00105984, 0.00281748, 0.00000000,  0, 15.67714596, 0
-0.00121534, 0.00312067, 0.00000000,  0, 15.69498086, 0
-0.00130910, 0.00327268, 0.00000000,  0, 15.71279097, 0
-0.00135367, 0.00334312, 0.00000000,  0, 15.73160982, 0
-0.00148775, 0.00355503, 0.00000000,  0, 15.75496197, 0
-0.00157691, 0.00369593, 0.00000000,  0, 15.77528191, 0
-0.00170531, 0.00397348, 0.00000000,  0, 15.79576397, 0
-0.00183393, 0.00429092, 0.00000000,  0, 15.81816483, 0
-0.00192031, 0.00450335, 0.00000000,  0, 15.84080195, 0
-0.00198956, 0.00468528, 0.00000000,  0, 15.86552882, 0
-0.00200280, 0.00473190, 0.00000000,  0, 15.88852596, 0
-0.00202754, 0.00481165, 0.00000000,  0, 15.90525198, 0
-0.00213017, 0.00516030, 0.00000000,  0, 15.92905498, 0
-0.00215103, 0.00526825, 0.00000000,  0, 15.95061779, 0
-0.00217193, 0.00537647, 0.00000000,  0, 15.96823001, 0
-0.00218237, 0.00543052, 0.00000000,  0, 15.98436594, 0
-0.00224872, 0.00571687, 0.00000000,  0, 16.00107789, 0
-0.00226879, 0.00590887, 0.00000000,  0, 16.01984787, 0
-0.00226773, 0.00597189, 0.00000000,  0, 16.03780699, 0
-0.00226454, 0.00616122, 0.00000000,  0, 16.05899501, 0
-0.00226348, 0.00621616, 0.00000000,  0, 16.07833290, 0
-0.00226145, 0.00625983, 0.00000000,  0, 16.09673786, 0
-0.00225941, 0.00630346, 0.00000000,  0, 16.11600780, 0
-0.00218919, 0.00619136, 0.00000000,  0, 16.13629079, 0
-0.00207021, 0.00594637, 0.00000000,  0, 16.15425682, 0
-0.00190873, 0.00560513, 0.00000000,  0, 16.17638087, 0
-0.00171392, 0.00517489, 0.00000000,  0, 16.19429183, 0
-0.00158488, 0.00492670, 0.00000000,  0, 16.21655989, 0
-0.00150289, 0.00481128, 0.00000000,  0, 16.23903179, 0
-0.00142147, 0.00469667, 0.00000000,  0, 16.26096702, 0
-0.00134016, 0.00458221, 0.00000000,  0, 16.28042984, 0
-0.00124888, 0.00444114, 0.00000000,  0, 16.30214095, 0
-0.00103274, 0.00401675, 0.00000000,  0, 16.32396197, 0
-0.00095817, 0.00386793, 0.00000000,  0, 16.34230399, 0
-0.00091545, 0.00385049, 0.00000000,  0, 16.35952783, 0
-0.00087275, 0.00383306, 0.00000000,  0, 16.38401890, 0
-0.00095887, 0.00419254, 0.00000000,  0, 16.40545797, 0
-0.00099077, 0.00432064, 0.00000000,  0, 16.42176199, 0
-0.00105449, 0.00457660, 0.00000000,  0, 16.44069600, 0
-0.00107785, 0.00469368, 0.00000000,  0, 16.46166396, 0
-0.00108758, 0.00478224, 0.00000000,  0, 16.48642182, 0
-0.00109408, 0.00484136, 0.00000000,  0, 16.51424479, 0
-0.00110055, 0.00490032, 0.00000000,  0, 16.53573990, 0
-0.00110706, 0.00495950, 0.00000000,  0, 16.55372787, 0
-0.00111359, 0.00501897, 0.00000000,  0, 16.57302094, 0
-0.00112009, 0.00507811, 0.00000000,  0, 16.58999681, 0
-0.00112658, 0.00513718, 0.00000000,  0, 16.60850978, 0
-0.00112983, 0.00516673, 0.00000000,  0, 16.62786078, 0
-0.00113957, 0.00525538, 0.00000000,  0, 16.65141702, 0
-0.00114607, 0.00531453, 0.00000000,  0, 16.67255783, 0
-0.00115260, 0.00537399, 0.00000000,  0, 16.69851279, 0
-0.00116238, 0.00546302, 0.00000000,  0, 16.72566986, 0
-0.00116888, 0.00552218, 0.00000000,  0, 16.74187398, 0
-0.00117213, 0.00555174, 0.00000000,  0, 16.75828195, 0
-0.00117861, 0.00561072, 0.00000000,  0, 16.77674794, 0
-0.00125675, 0.00589708, 0.00000000,  0, 16.79507494, 0
-0.00133744, 0.00619158, 0.00000000,  0, 16.81244588, 0
-0.00148481, 0.00663980, 0.00000000,  0, 16.83278680, 0
-0.00164468, 0.00711693, 0.00000000,  0, 16.85775590, 0
-0.00187476, 0.00780667, 0.00000000,  0, 16.88694096, 0
-0.00196462, 0.00812159, 0.00000000,  0, 16.91606998, 0
-0.00199317, 0.00822685, 0.00000000,  0, 16.94516683, 0
-0.00193493, 0.00805353, 0.00000000,  0, 16.97301888, 0
-0.00186442, 0.00784328, 0.00000000,  0, 16.99331880, 0
-0.00179390, 0.00763299, 0.00000000,  0, 17.01175380, 0
-0.00168781, 0.00731663, 0.00000000,  0, 17.04018784, 0
-0.00176840, 0.00734919, 0.00000000,  0, 17.06399894, 0
-0.00185350, 0.00738934, 0.00000000,  0, 17.08398080, 0
-0.00193890, 0.00742963, 0.00000000,  0, 17.10470486, 0
-0.00206652, 0.00748984, 0.00000000,  0, 17.13340497, 0
-0.00219407, 0.00755003, 0.00000000,  0, 17.16259384, 0
-0.00232166, 0.00761022, 0.00000000,  0, 17.19190478, 0
-0.00231245, 0.00737563, 0.00000000,  0, 17.21847987, 0
-0.00230316, 0.00721199, 0.00000000,  0, 17.24653292, 0
-0.00229383, 0.00704769, 0.00000000,  0, 17.26834893, 0
-0.00227989, 0.00680228, 0.00000000,  0, 17.29388690, 0
-0.00227152, 0.00660220, 0.00000000,  0, 17.31333399, 0
-0.00223132, 0.00630249, 0.00000000,  0, 17.33173394, 0
-0.00214990, 0.00592362, 0.00000000,  0, 17.35286283, 0
-0.00205421, 0.00551086, 0.00000000,  0, 17.37117290, 0
-0.00199009, 0.00526602, 0.00000000,  0, 17.39220190, 0
-0.00186185, 0.00477638, 0.00000000,  0, 17.41306591, 0
-0.00182647, 0.00444992, 0.00000000,  0, 17.44000196, 0
-0.00190182, 0.00455662, 0.00000000,  0, 17.46632695, 0
-0.00196332, 0.00458163, 0.00000000,  0, 17.49206495, 0
-0.00196806, 0.00450288, 0.00000000,  0, 17.51670980, 0
-0.00197518, 0.00438468, 0.00000000,  0, 17.54065681, 0
-0.00197755, 0.00434532, 0.00000000,  0, 17.55689001, 0
-0.00198227, 0.00426681, 0.00000000,  0, 17.57326293, 0
-0.00196688, 0.00414721, 0.00000000,  0, 17.59526682, 0
-0.00190585, 0.00393489, 0.00000000,  0, 17.61617994, 0
-0.00184459, 0.00372174, 0.00000000,  0, 17.63823581, 0
-0.00178139, 0.00350365, 0.00000000,  0, 17.65861297, 0
-0.00167955, 0.00318616, 0.00000000,  0, 17.67864299, 0
-0.00157786, 0.00286917, 0.00000000,  0, 17.69953179, 0
-0.00137401, 0.00227885, 0.00000000,  0, 17.72500300, 0
-0.00118270, 0.00168836, 0.00000000,  0, 17.75943184, 0
-0.00104550, 0.00118453, 0.00000000,  0, 17.78448701, 0
-0.00099385, 0.00100020, 0.00000000,  0, 17.80049491, 0
-0.00089058, 0.00063166, 0.00000000,  0, 17.82024693, 0
-0.00078371, 0.00026099, 0.00000000,  0, 17.84232187, 0
-0.00067116, -0.00011237, 0.00000000,  0, 17.86348081, 0
-0.00056172, -0.00047675, 0.00000000,  0, 17.88211584, 0
-0.00045500, -0.00082388, 0.00000000,  0, 17.90332890, 0
-0.00034959, -0.00115217, 0.00000000,  0, 17.92393279, 0
-0.00036576, -0.00107323, 0.00000000,  0, 17.94379091, 0
-0.00037869, -0.00100627, 0.00000000,  0, 17.96408486, 0
-0.00038845, -0.00095035, 0.00000000,  0, 17.98322082, 0
-0.00038952, -0.00091695, 0.00000000,  0, 18.00293994, 0
-0.00038654, -0.00089416, 0.00000000,  0, 18.02047682, 0
-0.00038356, -0.00087137, 0.00000000,  0, 18.04091692, 0
-0.00038052, -0.00084816, 0.00000000,  0, 18.06328797, 0
-0.00037604, -0.00081390, 0.00000000,  0, 18.09107399, 0
-0.00048845, -0.00045093, 0.00000000,  0, 18.11565590, 0
-0.00061572, -0.00004419, 0.00000000,  0, 18.13641596, 0
-0.00071359, 0.00027851, 0.00000000,  0, 18.15719199, 0
-0.00077686, 0.00052143, 0.00000000,  0, 18.17589593, 0
-0.00084870, 0.00083756, 0.00000000,  0, 18.20288086, 0
-0.00100881, 0.00135085, 0.00000000,  0, 18.22585893, 0
-0.00112910, 0.00176315, 0.00000000,  0, 18.25063682, 0
-0.00120326, 0.00205790, 0.00000000,  0, 18.27104402, 0
-0.00129868, 0.00245938, 0.00000000,  0, 18.29327679, 0
-0.00136208, 0.00272618, 0.00000000,  0, 18.31396890, 0
-0.00142539, 0.00299259, 0.00000000,  0, 18.34204578, 0
-0.00144613, 0.00315294, 0.00000000,  0, 18.36361289, 0
-0.00146328, 0.00329665, 0.00000000,  0, 18.38235593, 0
-0.00148058, 0.00344166, 0.00000000,  0, 18.40111399, 0
-0.00154176, 0.00375829, 0.00000000,  0, 18.41788197, 0
-0.00159455, 0.00405817, 0.00000000,  0, 18.43843389, 0
-0.00160729, 0.00422009, 0.00000000,  0, 18.46134400, 0
-0.00160378, 0.00432567, 0.00000000,  0, 18.48419189, 0
-0.00159854, 0.00448369, 0.00000000,  0, 18.50997496, 0
-0.00155800, 0.00447438, 0.00000000,  0, 18.52925992, 0
-0.00153504, 0.00446141, 0.00000000,  0, 18.54560184, 0
-0.00148908, 0.00443546, 0.00000000,  0, 18.56628084, 0
-0.00142009, 0.00439649, 0.00000000,  0, 18.59542584, 0
-0.00146110, 0.00466209, 0.00000000,  0, 18.62430191, 0
-0.00152243, 0.00493341, 0.00000000,  0, 18.64243698, 0
-0.00155301, 0.00506871, 0.00000000,  0, 18.65693784, 0
-0.00159698, 0.00532429, 0.00000000,  0, 18.68005896, 0
-0.00159929, 0.00537050, 0.00000000,  0, 18.69853187, 0
-0.00160391, 0.00546317, 0.00000000,  0, 18.71581888, 0
-0.00160834, 0.00555535, 0.00000000,  0, 18.73629689, 0
-0.00156880, 0.00549798, 0.00000000,  0, 18.75603199, 0
-0.00149703, 0.00533138, 0.00000000,  0, 18.77821398, 0
-0.00142288, 0.00515668, 0.00000000,  0, 18.79880786, 0
-0.00134857, 0.00498159, 0.00000000,  0, 18.82191896, 0
-0.00124617, 0.00472672, 0.00000000,  0, 18.84625983, 0
-0.00122062, 0.00458995, 0.00000000,  0, 18.86840582, 0
-0.00119507, 0.00445310, 0.00000000,  0, 18.89064479, 0
-0.00116950, 0.00431621, 0.00000000,  0, 18.91227078, 0
-0.00113125, 0.00411138, 0.00000000,  0, 18.93474293, 0
-0.00113376, 0.00405949, 0.00000000,  0, 18.96087384, 0
-0.00120763, 0.00420302, 0.00000000,  0, 18.99035978, 0
-0.00123330, 0.00421205, 0.00000000,  0, 19.01846600, 0
-0.00125897, 0.00422107, 0.00000000,  0, 19.04771686, 0
-0.00127612, 0.00422710, 0.00000000,  0, 19.06948781, 0
-0.00129325, 0.00423312, 0.00000000,  0, 19.08939290, 0
-0.00132561, 0.00429849, 0.00000000,  0, 19.11032200, 0
-0.00141456, 0.00458381, 0.00000000,  0, 19.13172579, 0
-0.00150553, 0.00487450, 0.00000000,  0, 19.15336680, 0
-0.00167164, 0.00536555, 0.00000000,  0, 19.17641282, 0
-0.00183827, 0.00585813, 0.00000000,  0, 19.19668484, 0
-0.00200434, 0.00634906, 0.00000000,  0, 19.21719885, 0
-0.00210693, 0.00666587, 0.00000000,  0, 19.23519087, 0
-0.00218318, 0.00691044, 0.00000000,  0, 19.25612783, 0
-0.00221379, 0.00703994, 0.00000000,  0, 19.27317286, 0
-0.00224874, 0.00718441, 0.00000000,  0, 19.29154086, 0
-0.00228967, 0.00731794, 0.00000000,  0, 19.30910397, 0
-0.00237154, 0.00758502, 0.00000000,  0, 19.32665086, 0
-0.00250110, 0.00800012, 0.00000000,  0, 19.34276295, 0
-0.00257067, 0.00822252, 0.00000000,  0, 19.35923696, 0
-0.00281009, 0.00897052, 0.00000000,  0, 19.38234496, 0
-0.00299410, 0.00953301, 0.00000000,  0, 19.40590382, 0
-0.00317920, 0.01009883, 0.00000000,  0, 19.42790389, 0
-0.00336334, 0.01066172, 0.00000000,  0, 19.44633484, 0
-0.00353183, 0.01116068, 0.00000000,  0, 19.46544695, 0
-0.00366537, 0.01151513, 0.00000000,  0, 19.48578596, 0
-0.00378640, 0.01182195, 0.00000000,  0, 19.50630379, 0
-0.00386423, 0.01195777, 0.00000000,  0, 19.52459598, 0
-0.00389068, 0.01196414, 0.00000000,  0, 19.54260182, 0
-0.00394351, 0.01197687, 0.00000000,  0, 19.56004381, 0
-0.00397717, 0.01192202, 0.00000000,  0, 19.57943797, 0
-0.00394055, 0.01167285, 0.00000000,  0, 19.59787583, 0
-0.00381135, 0.01120379, 0.00000000,  0, 19.61751699, 0
-0.00362566, 0.01059320, 0.00000000,  0, 19.64085078, 0
-0.00344698, 0.00996839, 0.00000000,  0, 19.66391683, 0
-0.00326797, 0.00934243, 0.00000000,  0, 19.68177700, 0
-0.00308891, 0.00871628, 0.00000000,  0, 19.70412278, 0
-0.00286085, 0.00796897, 0.00000000,  0, 19.72900581, 0
-0.00249249, 0.00677862, 0.00000000,  0, 19.74983978, 0
-0.00235675, 0.00634856, 0.00000000,  0, 19.76683879, 0
-0.00208504, 0.00548773, 0.00000000,  0, 19.78750086, 0
-0.00181301, 0.00462587, 0.00000000,  0, 19.80714989, 0
-0.00140540, 0.00333448, 0.00000000,  0, 19.83138800, 0
-0.00113913, 0.00248929, 0.00000000,  0, 19.84923887, 0
-0.00087058, 0.00163680, 0.00000000,  0, 19.87304688, 0
-0.00062365, 0.00084114, 0.00000000,  0, 19.89174294, 0
-0.00039702, 0.00011202, 0.00000000,  0, 19.91109490, 0
-0.00028029, -0.00029071, 0.00000000,  0, 19.93273592, 0
-0.00022835, -0.00050770, 0.00000000,  0, 19.95313978, 0
-0.00025209, -0.00049992, 0.00000000,  0, 19.97528291, 0
-0.00032880, -0.00032134, 0.00000000,  0, 19.99634695, 0
-0.00041774, -0.00011062, 0.00000000,  0, 20.02314091, 0
-0.00047770, 0.00003144, 0.00000000,  0, 20.04711485, 0
-0.00052286, 0.00014098, 0.00000000,  0, 20.06491995, 0
-0.00054758, 0.00020581, 0.00000000,  0, 20.08316398, 0
-0.00055537, 0.00022820, 0.00000000,  0, 20.10110283, 0
-0.00055819, 0.00024507, 0.00000000,  0, 20.12183189, 0
-0.00054305, 0.00022787, 0.00000000,  0, 20.14935398, 0
-0.00056294, 0.00031364, 0.00000000,  0, 20.16994882, 0
-0.00067268, 0.00067380, 0.00000000,  0, 20.19213200, 0
-0.00074855, 0.00093638, 0.00000000,  0, 20.21073985, 0
-0.00079931, 0.00112665, 0.00000000,  0, 20.22989392, 0
-0.00082901, 0.00125609, 0.00000000,  0, 20.24879289, 0
-0.00084276, 0.00133968, 0.00000000,  0, 20.27110195, 0
-0.00085527, 0.00141961, 0.00000000,  0, 20.28862786, 0
-0.00086779, 0.00149966, 0.00000000,  0, 20.30683780, 0
-0.00086301, 0.00154435, 0.00000000,  0, 20.32974982, 0
-0.00083966, 0.00155108, 0.00000000,  0, 20.35014701, 0
-0.00080057, 0.00152562, 0.00000000,  0, 20.36826682, 0
-0.00077786, 0.00150629, 0.00000000,  0, 20.38721395, 0
-0.00072169, 0.00144566, 0.00000000,  0, 20.40627098, 0
-0.00065690, 0.00136739, 0.00000000,  0, 20.42743683, 0
-0.00054869, 0.00122731, 0.00000000,  0, 20.45218682, 0
-0.00047012, 0.00112067, 0.00000000,  0, 20.47200179, 0
-0.00038717, 0.00100522, 0.00000000,  0, 20.49438500, 0
-0.00043072, 0.00125196, 0.00000000,  0, 20.51208782, 0
-0.00048510, 0.00152968, 0.00000000,  0, 20.53272200, 0
-0.00050925, 0.00172325, 0.00000000,  0, 20.55320978, 0
-0.00061849, 0.00216030, 0.00000000,  0, 20.57509184, 0
-0.00072615, 0.00257273, 0.00000000,  0, 20.59706092, 0
-0.00082105, 0.00293956, 0.00000000,  0, 20.61654687, 0
-0.00096337, 0.00345037, 0.00000000,  0, 20.63633180, 0
-0.00118918, 0.00420514, 0.00000000,  0, 20.65765190, 0
-0.00145826, 0.00507877, 0.00000000,  0, 20.67516780, 0
-0.00170866, 0.00589790, 0.00000000,  0, 20.69607282, 0
-0.00187471, 0.00646653, 0.00000000,  0, 20.71800900, 0
-0.00197200, 0.00681483, 0.00000000,  0, 20.74199700, 0
-0.00203187, 0.00707692, 0.00000000,  0, 20.76382494, 0
-0.00210792, 0.00734400, 0.00000000,  0, 20.78585601, 0
-0.00224445, 0.00778101, 0.00000000,  0, 20.80835390, 0
-0.00232788, 0.00805009, 0.00000000,  0, 20.82349992, 0
-0.00249510, 0.00858940, 0.00000000,  0, 20.84293580, 0
-0.00274555, 0.00939717, 0.00000000,  0, 20.86550283, 0
-0.00282893, 0.00966609, 0.00000000,  0, 20.88467288, 0
-0.00294519, 0.01004823, 0.00000000,  0, 20.90271878, 0
-0.00303321, 0.01033078, 0.00000000,  0, 20.92018986, 0
-0.00315944, 0.01071023, 0.00000000,  0, 20.93747401, 0
-0.00328614, 0.01109106, 0.00000000,  0, 20.95949578, 0
-0.00341260, 0.01147120, 0.00000000,  0, 20.98052382, 0
-0.00353898, 0.01185112, 0.00000000,  0, 20.99996686, 0
-0.00365611, 0.01220408, 0.00000000,  0, 21.02189398, 0
-0.00366820, 0.01225140, 0.00000000,  0, 21.04164100, 0
-0.00358727, 0.01204728, 0.00000000,  0, 21.05944586, 0
-0.00354315, 0.01193535, 0.00000000,  0, 21.07673979, 0
-0.00342760, 0.01163378, 0.00000000,  0, 21.09520698, 0
-0.00313550, 0.01084389, 0.00000000,  0, 21.12103581, 0
-0.00287636, 0.01013442, 0.00000000,  0, 21.14201999, 0
-0.00260145, 0.00938000, 0.00000000,  0, 21.16514587, 0
-0.00232699, 0.00862681, 0.00000000,  0, 21.18691397, 0
-0.00205269, 0.00787402, 0.00000000,  0, 21.20368600, 0
-0.00177175, 0.00709275, 0.00000000,  0, 21.22433686, 0
-0.00148126, 0.00626502, 0.00000000,  0, 21.24495101, 0
-0.00119254, 0.00543591, 0.00000000,  0, 21.26555586, 0
-0.00091329, 0.00458648, 0.00000000,  0, 21.28586483, 0
-0.00065138, 0.00373903, 0.00000000,  0, 21.30350280, 0
-0.00053173, 0.00332601, 0.00000000,  0, 21.32229781, 0
-0.00029547, 0.00250418, 0.00000000,  0, 21.34198999, 0
0.00005952, 0.00126929, 0.00000000,  0, 21.36475182, 0
0.00017769, 0.00085821, 0.00000000,  0, 21.38317585, 0
0.00041446, 0.00003459, 0.00000000,  0, 21.40312791, 0
0.00065101, -0.00078829, 0.00000000,  0, 21.42377901, 0
0.00100663, -0.00202534, 0.00000000,  0, 21.44901180, 0
0.00124345, -0.00284915, 0.00000000,  0, 21.46622491, 0
0.00136191, -0.00326124, 0.00000000,  0, 21.48296785, 0
0.00159852, -0.00408433, 0.00000000,  0, 21.50466084, 0
0.00183697, -0.00478842, 0.00000000,  0, 21.52430797, 0
0.00200293, -0.00530724, 0.00000000,  0, 21.54783797, 0
0.00211203, -0.00580249, 0.00000000,  0, 21.57152987, 0
0.00204461, -0.00593053, 0.00000000,  0, 21.59999084, 0
0.00184612, -0.00581384, 0.00000000,  0, 21.62866092, 0
0.00175247, -0.00572609, 0.00000000,  0, 21.64726186, 0
0.00153369, -0.00549415, 0.00000000,  0, 21.66714287, 0
0.00113670, -0.00502439, 0.00000000,  0, 21.68842196, 0
0.00084651, -0.00465643, 0.00000000,  0, 21.71695399, 0
0.00040135, -0.00407147, 0.00000000,  0, 21.74526882, 0
-0.00004330, -0.00347892, 0.00000000,  0, 21.77386594, 0
-0.00047256, -0.00285868, 0.00000000,  0, 21.80136085, 0
-0.00061331, -0.00265085, 0.00000000,  0, 21.81947088, 0
-0.00098439, -0.00202345, 0.00000000,  0, 21.84235501, 0
-0.00112226, -0.00177632, 0.00000000,  0, 21.85960793, 0
-0.00145526, -0.00097501, 0.00000000,  0, 21.87946081, 0
-0.00172859, -0.00026969, 0.00000000,  0, 21.89877796, 0
-0.00194765, 0.00035342, 0.00000000,  0, 21.92199183, 0
-0.00212153, 0.00090105, 0.00000000,  0, 21.94119692, 0
-0.00234517, 0.00166032, 0.00000000,  0, 21.96198678, 0
-0.00254690, 0.00240907, 0.00000000,  0, 21.97984195, 0
-0.00271705, 0.00309016, 0.00000000,  0, 22.00311494, 0
-0.00302651, 0.00431989, 0.00000000,  0, 22.02633286, 0
-0.00314113, 0.00477383, 0.00000000,  0, 22.04439187, 0
-0.00337052, 0.00568224, 0.00000000,  0, 22.06618381, 0
-0.00357842, 0.00654099, 0.00000000,  0, 22.08619785, 0
-0.00370291, 0.00716264, 0.00000000,  0, 22.10616684, 0
-0.00388970, 0.00809541, 0.00000000,  0, 22.13467979, 0
-0.00396774, 0.00875344, 0.00000000,  0, 22.15953279, 0
-0.00397792, 0.00908726, 0.00000000,  0, 22.18169498, 0
-0.00392327, 0.00934954, 0.00000000,  0, 22.19927597, 0
-0.00378317, 0.00941444, 0.00000000,  0, 22.22068095, 0
-0.00362159, 0.00942256, 0.00000000,  0, 22.24421597, 0
-0.00343277, 0.00932528, 0.00000000,  0, 22.26718783, 0
-0.00321722, 0.00913383, 0.00000000,  0, 22.28927398, 0
-0.00286149, 0.00871236, 0.00000000,  0, 22.31891990, 0
-0.00247235, 0.00811567, 0.00000000,  0, 22.34928989, 0
-0.00223594, 0.00787845, 0.00000000,  0, 22.37907791, 0
-0.00207833, 0.00772029, 0.00000000,  0, 22.40131593, 0
-0.00184153, 0.00748269, 0.00000000,  0, 22.42306590, 0
-0.00176261, 0.00740350, 0.00000000,  0, 22.44020581, 0
-0.00160488, 0.00724523, 0.00000000,  0, 22.46248078, 0
-0.00135414, 0.00691039, 0.00000000,  0, 22.48638701, 0
-0.00126553, 0.00676186, 0.00000000,  0, 22.50361800, 0
-0.00108793, 0.00646420, 0.00000000,  0, 22.52206588, 0
-0.00090990, 0.00616580, 0.00000000,  0, 22.54164290, 0
-0.00073250, 0.00586846, 0.00000000,  0, 22.55988693, 0
-0.00055540, 0.00557163, 0.00000000,  0, 22.58153296, 0
-0.00029782, 0.00501119, 0.00000000,  0, 22.60761094, 0
-0.00012794, 0.00462136, 0.00000000,  0, 22.62721586, 0
0.00002679, 0.00417763, 0.00000000,  0, 22.65286994, 0
0.00024220, 0.00346266, 0.00000000,  0, 22.68163896, 0
0.00037251, 0.00298238, 0.00000000,  0, 22.70670199, 0
0.00051837, 0.00224707, 0.00000000,  0, 22.73592281, 0
0.00064942, 0.00151029, 0.00000000,  0, 22.76404500, 0
0.00075497, 0.00080072, 0.00000000,  0, 22.79797292, 0
0.00078715, -0.00001290, 0.00000000,  0, 22.83159399, 0
0.00077217, -0.00055114, 0.00000000,  0, 22.86319494, 0
0.00076219, -0.00090957, 0.00000000,  0, 22.88510084, 0
0.00075217, -0.00126955, 0.00000000,  0, 22.90696478, 0
0.00074219, -0.00162819, 0.00000000,  0, 22.92676497, 0
0.00071718, -0.00194328, 0.00000000,  0, 22.94552898, 0
0.00066690, -0.00217723, 0.00000000,  0, 22.96573091, 0
0.00060331, -0.00236551, 0.00000000,  0, 22.99016690, 0
0.00053594, -0.00253968, 0.00000000,  0, 23.01185894, 0
0.00043033, -0.00258087, 0.00000000,  0, 23.02999187, 0
0.00019415, -0.00221783, 0.00000000,  0, 23.05177879, 0
-0.00016174, -0.00167079, 0.00000000,  0, 23.07460499, 0
-0.00028055, -0.00148818, 0.00000000,  0, 23.09305286, 0
-0.00051714, -0.00112451, 0.00000000,  0, 23.11332989, 0
-0.00073685, -0.00079258, 0.00000000,  0, 23.13271785, 0
-0.00093287, -0.00048821, 0.00000000,  0, 23.15294194, 0
-0.00121481, -0.00004474, 0.00000000,  0, 23.17964602, 0
-0.00137218, 0.00021826, 0.00000000,  0, 23.19678879, 0
-0.00150710, 0.00045742, 0.00000000,  0, 23.21895289, 0
-0.00161377, 0.00066746, 0.00000000,  0, 23.24055195, 0
-0.00169821, 0.00085417, 0.00000000,  0, 23.26115680, 0
-0.00178021, 0.00103859, 0.00000000,  0, 23.28169084, 0
-0.00184185, 0.00120189, 0.00000000,  0, 23.30584478, 0
-0.00189956, 0.00141953, 0.00000000,  0, 23.33010483, 0
-0.00203013, 0.00190806, 0.00000000,  0, 23.35046601, 0
-0.00201834, 0.00223074, 0.00000000,  0, 23.37170792, 0
-0.00198511, 0.00248481, 0.00000000,  0, 23.39207387, 0
-0.00195002, 0.00273243, 0.00000000,  0, 23.41186881, 0
-0.00191496, 0.00297986, 0.00000000,  0, 23.43424702, 0
-0.00187990, 0.00322736, 0.00000000,  0, 23.45623589, 0
-0.00180062, 0.00350585, 0.00000000,  0, 23.48393798, 0
-0.00189966, 0.00420749, 0.00000000,  0, 23.51187992, 0
-0.00195846, 0.00465127, 0.00000000,  0, 23.53431487, 0
-0.00198160, 0.00497266, 0.00000000,  0, 23.55316496, 0
-0.00200471, 0.00529346, 0.00000000,  0, 23.57335281, 0
-0.00201625, 0.00545372, 0.00000000,  0, 23.59017682, 0
-0.00205088, 0.00593460, 0.00000000,  0, 23.61443400, 0
-0.00207399, 0.00625545, 0.00000000,  0, 23.64124990, 0
-0.00207869, 0.00659813, 0.00000000,  0, 23.66481185, 0
-0.00215630, 0.00701126, 0.00000000,  0, 23.68505979, 0
-0.00222837, 0.00747537, 0.00000000,  0, 23.71660995, 0
-0.00228562, 0.00773639, 0.00000000,  0, 23.74526882, 0
-0.00230806, 0.00781924, 0.00000000,  0, 23.76405382, 0
-0.00237546, 0.00806799, 0.00000000,  0, 23.79217696, 0
-0.00235763, 0.00808099, 0.00000000,  0, 23.82001495, 0
-0.00233089, 0.00804672, 0.00000000,  0, 23.84381890, 0
-0.00227264, 0.00791506, 0.00000000,  0, 23.86432981, 0
-0.00228653, 0.00798304, 0.00000000,  0, 23.88677979, 0
-0.00227184, 0.00795011, 0.00000000,  0, 23.90556002, 0
-0.00219628, 0.00775144, 0.00000000,  0, 23.92614698, 0
-0.00224274, 0.00785592, 0.00000000,  0, 23.94909501, 0
-0.00220969, 0.00786815, 0.00000000,  0, 23.97831798, 0
-0.00222983, 0.00795365, 0.00000000,  0, 24.00737381, 0
-0.00224509, 0.00801225, 0.00000000,  0, 24.03643680, 0
-0.00239058, 0.00841558, 0.00000000,  0, 24.06403685, 0
-0.00252031, 0.00875891, 0.00000000,  0, 24.08128595, 0
-0.00255499, 0.00884758, 0.00000000,  0, 24.09686589, 0
-0.00257498, 0.00888923, 0.00000000,  0, 24.11299181, 0
-0.00263177, 0.00902263, 0.00000000,  0, 24.13258886, 0
-0.00268008, 0.00914083, 0.00000000,  0, 24.15082002, 0
-0.00283069, 0.00950926, 0.00000000,  0, 24.17793083, 0
-0.00292750, 0.00974608, 0.00000000,  0, 24.19894791, 0
-0.00302412, 0.00998244, 0.00000000,  0, 24.22198987, 0
-0.00310034, 0.01016594, 0.00000000,  0, 24.24762392, 0
-0.00315337, 0.01033924, 0.00000000,  0, 24.26889992, 0
-0.00318642, 0.01045423, 0.00000000,  0, 24.28707600, 0
-0.00318873, 0.01046985, 0.00000000,  0, 24.31170893, 0
-0.00316427, 0.01040879, 0.00000000,  0, 24.32974601, 0
-0.00308385, 0.01018740, 0.00000000,  0, 24.34788895, 0
-0.00296938, 0.00986846, 0.00000000,  0, 24.36955595, 0
-0.00286913, 0.00958989, 0.00000000,  0, 24.38887382, 0
-0.00284977, 0.00954084, 0.00000000,  0, 24.41479087, 0
-0.00279477, 0.00937318, 0.00000000,  0, 24.44823599, 0
-0.00277060, 0.00923987, 0.00000000,  0, 24.47721791, 0
-0.00268103, 0.00894622, 0.00000000,  0, 24.49782085, 0
-0.00247620, 0.00831215, 0.00000000,  0, 24.52120590, 0
-0.00231578, 0.00780291, 0.00000000,  0, 24.54117990, 0
-0.00215489, 0.00729218, 0.00000000,  0, 24.56198978, 0
-0.00199442, 0.00678277, 0.00000000,  0, 24.58475995, 0
-0.00183416, 0.00627406, 0.00000000,  0, 24.60470986, 0
-0.00184714, 0.00608994, 0.00000000,  0, 24.62604880, 0
-0.00187298, 0.00592891, 0.00000000,  0, 24.64927697, 0
-0.00186297, 0.00568309, 0.00000000,  0, 24.66901898, 0
-0.00181956, 0.00534720, 0.00000000,  0, 24.68982291, 0
-0.00174156, 0.00480252, 0.00000000,  0, 24.71514201, 0
-0.00170561, 0.00459878, 0.00000000,  0, 24.73664880, 0
-0.00157904, 0.00388787, 0.00000000,  0, 24.76197886, 0
-0.00149042, 0.00345072, 0.00000000,  0, 24.78470778, 0
-0.00140187, 0.00301396, 0.00000000,  0, 24.80569291, 0
-0.00142372, 0.00289551, 0.00000000,  0, 24.82494187, 0
-0.00147321, 0.00285624, 0.00000000,  0, 24.84276080, 0
-0.00152268, 0.00281699, 0.00000000,  0, 24.86272001, 0
-0.00154835, 0.00272892, 0.00000000,  0, 24.88569188, 0
-0.00156527, 0.00262298, 0.00000000,  0, 24.90624595, 0
-0.00156771, 0.00249338, 0.00000000,  0, 24.92904592, 0
-0.00155927, 0.00234569, 0.00000000,  0, 24.94739079, 0
-0.00154288, 0.00218536, 0.00000000,  0, 24.96810699, 0
-0.00150938, 0.00199698, 0.00000000,  0, 24.99060988, 0
-0.00144376, 0.00168931, 0.00000000,  0, 25.01409101, 0
-0.00140011, 0.00148460, 0.00000000,  0, 25.03656983, 0
-0.00134907, 0.00127360, 0.00000000,  0, 25.06054091, 0
-0.00128809, 0.00105438, 0.00000000,  0, 25.08245397, 0
-0.00119354, 0.00072858, 0.00000000,  0, 25.10443091, 0
-0.00113191, 0.00051377, 0.00000000,  0, 25.13063288, 0
-0.00107218, 0.00031003, 0.00000000,  0, 25.14640784, 0
-0.00101320, 0.00011014, 0.00000000,  0, 25.16788888, 0
-0.00098369, 0.00001010, 0.00000000,  0, 25.18494797, 0
-0.00092477, -0.00018963, 0.00000000,  0, 25.20473480, 0
-0.00086789, -0.00035862, 0.00000000,  0, 25.22564888, 0
-0.00078688, -0.00059573, 0.00000000,  0, 25.25169802, 0
-0.00074258, -0.00072506, 0.00000000,  0, 25.27213383, 0
-0.00072470, -0.00075743, 0.00000000,  0, 25.29145598, 0
-0.00080877, -0.00041581, 0.00000000,  0, 25.31097698, 0
-0.00089316, -0.00007288, 0.00000000,  0, 25.32924986, 0
-0.00097741, 0.00026946, 0.00000000,  0, 25.34894586, 0
-0.00112743, 0.00081309, 0.00000000,  0, 25.37860489, 0
-0.00135533, 0.00145653, 0.00000000,  0, 25.41064692, 0
-0.00150728, 0.00188552, 0.00000000,  0, 25.44078898, 0
-0.00170162, 0.00247312, 0.00000000,  0, 25.46490002, 0
-0.00180720, 0.00280302, 0.00000000,  0, 25.49101186, 0
-0.00188086, 0.00305520, 0.00000000,  0, 25.51116085, 0
-0.00191732, 0.00323215, 0.00000000,  0, 25.52811193, 0
-0.00195298, 0.00340687, 0.00000000,  0, 25.54461789, 0
-0.00197110, 0.00349564, 0.00000000,  0, 25.56375098, 0
-0.00210096, 0.00397685, 0.00000000,  0, 25.58572888, 0
-0.00224752, 0.00446979, 0.00000000,  0, 25.60887098, 0
-0.00246785, 0.00521087, 0.00000000,  0, 25.63603497, 0
-0.00261399, 0.00570238, 0.00000000,  0, 25.66144300, 0
-0.00276042, 0.00619491, 0.00000000,  0, 25.67874599, 0
-0.00283448, 0.00644401, 0.00000000,  0, 25.69614100, 0
-0.00309675, 0.00732716, 0.00000000,  0, 25.71710992, 0
-0.00323060, 0.00782911, 0.00000000,  0, 25.74282384, 0
-0.00333357, 0.00825069, 0.00000000,  0, 25.76284099, 0
-0.00338886, 0.00854508, 0.00000000,  0, 25.78340101, 0
-0.00340400, 0.00873261, 0.00000000,  0, 25.80329299, 0
-0.00341959, 0.00892559, 0.00000000,  0, 25.82408690, 0
-0.00341021, 0.00904728, 0.00000000,  0, 25.84295893, 0
-0.00334608, 0.00902025, 0.00000000,  0, 25.86155796, 0
-0.00331414, 0.00900679, 0.00000000,  0, 25.87841082, 0
-0.00330235, 0.00913388, 0.00000000,  0, 25.89846683, 0
-0.00332439, 0.00944237, 0.00000000,  0, 25.92196488, 0
-0.00333911, 0.00964838, 0.00000000,  0, 25.94362593, 0
-0.00326894, 0.00964803, 0.00000000,  0, 25.96472692, 0
-0.00316170, 0.00961881, 0.00000000,  0, 25.98447299, 0
-0.00306787, 0.00955876, 0.00000000,  0, 26.00500393, 0
-0.00297974, 0.00949018, 0.00000000,  0, 26.02781391, 0
-0.00289180, 0.00942175, 0.00000000,  0, 26.04447293, 0
-0.00280350, 0.00935304, 0.00000000,  0, 26.06546283, 0
-0.00275942, 0.00931875, 0.00000000,  0, 26.08369589, 0
-0.00267142, 0.00925027, 0.00000000,  0, 26.10161281, 0
-0.00258318, 0.00918161, 0.00000000,  0, 26.11986184, 0
-0.00251713, 0.00909185, 0.00000000,  0, 26.13798785, 0
-0.00245901, 0.00899474, 0.00000000,  0, 26.16238284, 0
-0.00237177, 0.00884898, 0.00000000,  0, 26.18716598, 0
-0.00231378, 0.00875210, 0.00000000,  0, 26.20946884, 0
-0.00226723, 0.00859398, 0.00000000,  0, 26.23223186, 0
-0.00222177, 0.00843144, 0.00000000,  0, 26.25619483, 0
-0.00217638, 0.00826915, 0.00000000,  0, 26.27612281, 0
-0.00213082, 0.00810623, 0.00000000,  0, 26.29677486, 0
-0.00208531, 0.00794351, 0.00000000,  0, 26.31501579, 0
-0.00205381, 0.00778235, 0.00000000,  0, 26.33227897, 0
-0.00203989, 0.00762319, 0.00000000,  0, 26.35156393, 0
-0.00205206, 0.00754038, 0.00000000,  0, 26.37647986, 0
-0.00211389, 0.00755126, 0.00000000,  0, 26.40305686, 0
-0.00206249, 0.00724913, 0.00000000,  0, 26.43054199, 0
-0.00210964, 0.00728373, 0.00000000,  0, 26.45843291, 0
-0.00225889, 0.00756436, 0.00000000,  0, 26.48642397, 0
-0.00232194, 0.00760187, 0.00000000,  0, 26.51217985, 0
-0.00236391, 0.00762685, 0.00000000,  0, 26.53368402, 0
-0.00240594, 0.00765186, 0.00000000,  0, 26.55567884, 0
-0.00242692, 0.00766434, 0.00000000,  0, 26.57191396, 0
-0.00246362, 0.00764561, 0.00000000,  0, 26.59519696, 0
-0.00244657, 0.00749241, 0.00000000,  0, 26.61714697, 0
-0.00245142, 0.00734034, 0.00000000,  0, 26.63831091, 0
-0.00245627, 0.00718822, 0.00000000,  0, 26.65688682, 0
-0.00246113, 0.00703605, 0.00000000,  0, 26.67865682, 0
-0.00246841, 0.00680769, 0.00000000,  0, 26.69985485, 0
-0.00247329, 0.00665486, 0.00000000,  0, 26.72066593, 0
-0.00247816, 0.00650211, 0.00000000,  0, 26.74315381, 0
-0.00247362, 0.00632818, 0.00000000,  0, 26.76417780, 0
-0.00241812, 0.00603500, 0.00000000,  0, 26.78649402, 0
-0.00232466, 0.00565298, 0.00000000,  0, 26.80455494, 0
-0.00223146, 0.00527206, 0.00000000,  0, 26.82851291, 0
-0.00210110, 0.00476711, 0.00000000,  0, 26.84993887, 0
-0.00198502, 0.00431831, 0.00000000,  0, 26.86848187, 0
-0.00186900, 0.00386971, 0.00000000,  0, 26.88878584, 0
-0.00178497, 0.00335270, 0.00000000,  0, 26.91895294, 0
-0.00173749, 0.00302413, 0.00000000,  0, 26.94280887, 0
-0.00168939, 0.00269480, 0.00000000,  0, 26.96577787, 0
-0.00161974, 0.00235118, 0.00000000,  0, 26.98292994, 0
-0.00153338, 0.00200846, 0.00000000,  0, 27.00029588, 0
-0.00144642, 0.00166427, 0.00000000,  0, 27.01956081, 0
-0.00135972, 0.00132111, 0.00000000,  0, 27.04023981, 0
-0.00127290, 0.00097750, 0.00000000,  0, 27.06039882, 0
-0.00118422, 0.00065541, 0.00000000,  0, 27.07901502, 0
-0.00114553, 0.00045081, 0.00000000,  0, 27.10039783, 0
-0.00114070, 0.00031681, 0.00000000,  0, 27.12840700, 0
-0.00124603, 0.00049852, 0.00000000,  0, 27.15540886, 0
-0.00133899, 0.00073387, 0.00000000,  0, 27.17412996, 0
-0.00139440, 0.00089102, 0.00000000,  0, 27.19783998, 0
-0.00152714, 0.00130651, 0.00000000,  0, 27.22117591, 0
-0.00164502, 0.00170348, 0.00000000,  0, 27.23943901, 0
-0.00175794, 0.00208710, 0.00000000,  0, 27.25806499, 0
-0.00178773, 0.00224523, 0.00000000,  0, 27.27604389, 0
-0.00175502, 0.00243862, 0.00000000,  0, 27.29500484, 0
-0.00170942, 0.00257508, 0.00000000,  0, 27.31478000, 0
-0.00166388, 0.00271138, 0.00000000,  0, 27.33757496, 0
-0.00161833, 0.00284768, 0.00000000,  0, 27.35589695, 0
-0.00157275, 0.00298407, 0.00000000,  0, 27.37867785, 0
-0.00151776, 0.00306984, 0.00000000,  0, 27.39662600, 0
-0.00142055, 0.00312120, 0.00000000,  0, 27.42316580, 0
-0.00135418, 0.00314673, 0.00000000,  0, 27.44536591, 0
-0.00128780, 0.00317226, 0.00000000,  0, 27.46424580, 0
-0.00122141, 0.00319779, 0.00000000,  0, 27.48332691, 0
-0.00115510, 0.00322329, 0.00000000,  0, 27.50381589, 0
-0.00114811, 0.00332737, 0.00000000,  0, 27.52080083, 0
-0.00120964, 0.00376987, 0.00000000,  0, 27.54063296, 0
-0.00147364, 0.00487316, 0.00000000,  0, 27.56884885, 0
-0.00180655, 0.00616996, 0.00000000,  0, 27.59691787, 0
-0.00203809, 0.00711556, 0.00000000,  0, 27.62528300, 0
-0.00219021, 0.00773837, 0.00000000,  0, 27.65324092, 0
-0.00236314, 0.00848772, 0.00000000,  0, 27.67658997, 0
-0.00239915, 0.00870956, 0.00000000,  0, 27.70004296, 0
-0.00247009, 0.00898165, 0.00000000,  0, 27.71837187, 0
-0.00257870, 0.00934073, 0.00000000,  0, 27.73827291, 0
-0.00265187, 0.00958025, 0.00000000,  0, 27.75857091, 0
-0.00266135, 0.00960490, 0.00000000,  0, 27.77862978, 0
-0.00264623, 0.00955026, 0.00000000,  0, 27.79547882, 0
-0.00271752, 0.00968673, 0.00000000,  0, 27.81977296, 0
-0.00285072, 0.00999791, 0.00000000,  0, 27.83872080, 0
-0.00290178, 0.01006029, 0.00000000,  0, 27.85954785, 0
-0.00301969, 0.01030233, 0.00000000,  0, 27.88378596, 0
-0.00314566, 0.01056594, 0.00000000,  0, 27.90401292, 0
-0.00327169, 0.01082965, 0.00000000,  0, 27.92191982, 0
-0.00339762, 0.01109317, 0.00000000,  0, 27.94006991, 0
-0.00355556, 0.01145505, 0.00000000,  0, 27.96067190, 0
-0.00372905, 0.01186463, 0.00000000,  0, 27.97908878, 0
-0.00384308, 0.01211974, 0.00000000,  0, 28.00078082, 0
-0.00387290, 0.01217665, 0.00000000,  0, 28.01814389, 0
-0.00393013, 0.01220457, 0.00000000,  0, 28.03579593, 0
-0.00390279, 0.01203863, 0.00000000,  0, 28.05740595, 0
-0.00373297, 0.01148643, 0.00000000,  0, 28.08085895, 0
-0.00355273, 0.01095918, 0.00000000,  0, 28.10122585, 0
-0.00337256, 0.01043213, 0.00000000,  0, 28.12154794, 0
-0.00315847, 0.00980066, 0.00000000,  0, 28.14191890, 0
-0.00291724, 0.00908552, 0.00000000,  0, 28.16497993, 0
-0.00267244, 0.00835930, 0.00000000,  0, 28.18869996, 0
-0.00230495, 0.00726912, 0.00000000,  0, 28.21714997, 0
-0.00205983, 0.00654197, 0.00000000,  0, 28.24283886, 0
-0.00181505, 0.00581583, 0.00000000,  0, 28.26326180, 0
-0.00146337, 0.00470713, 0.00000000,  0, 28.28620791, 0
-0.00122902, 0.00396729, 0.00000000,  0, 28.30748796, 0
-0.00099490, 0.00322818, 0.00000000,  0, 28.32494998, 0
-0.00087776, 0.00285835, 0.00000000,  0, 28.34396100, 0
-0.00066143, 0.00215783, 0.00000000,  0, 28.36409378, 0
-0.00045647, 0.00148174, 0.00000000,  0, 28.38482285, 0
-0.00025202, 0.00080734, 0.00000000,  0, 28.40445781, 0
0.00001165, -0.00010324, 0.00000000,  0, 28.42609000, 0
0.00007523, -0.00035176, 0.00000000,  0, 28.44456387, 0
0.00018917, -0.00081853, 0.00000000,  0, 28.46323299, 0
0.00033011, -0.00144726, 0.00000000,  0, 28.49184489, 0
0.00037834, -0.00186570, 0.00000000,  0, 28.52380395, 0
0.00036147, -0.00203113, 0.00000000,  0, 28.54196692, 0
0.00031848, -0.00212370, 0.00000000,  0, 28.56250381, 0
0.00025452, -0.00215877, 0.00000000,  0, 28.58595800, 0
0.00018641, -0.00218168, 0.00000000,  0, 28.60482788, 0
0.00006256, -0.00214238, 0.00000000,  0, 28.63205695, 0
-0.00003709, -0.00205765, 0.00000000,  0, 28.65467000, 0
-0.00014698, -0.00193837, 0.00000000,  0, 28.67380095, 0
-0.00026400, -0.00179475, 0.00000000,  0, 28.69439983, 0
-0.00038754, -0.00162895, 0.00000000,  0, 28.71279001, 0
-0.00051648, -0.00144575, 0.00000000,  0, 28.73188901, 0
-0.00064883, -0.00124988, 0.00000000,  0, 28.75156999, 0
-0.00071619, -0.00114799, 0.00000000,  0, 28.77004695, 0
-0.00085247, -0.00093784, 0.00000000,  0, 28.78965998, 0
-0.00099028, -0.00072301, 0.00000000,  0, 28.81195879, 0
-0.00137408, 0.00021202, 0.00000000,  0, 28.83563590, 0
-0.00162374, 0.00082080, 0.00000000,  0, 28.85421300, 0
-0.00173557, 0.00109009, 0.00000000,  0, 28.87255883, 0
-0.00193153, 0.00157471, 0.00000000,  0, 28.89203787, 0
-0.00208875, 0.00199065, 0.00000000,  0, 28.91301584, 0
-0.00221512, 0.00234816, 0.00000000,  0, 28.93169880, 0
-0.00230714, 0.00264999, 0.00000000,  0, 28.95176482, 0
-0.00249124, 0.00336403, 0.00000000,  0, 28.98077393, 0
-0.00266105, 0.00415081, 0.00000000,  0, 29.00999999, 0
-0.00283937, 0.00488820, 0.00000000,  0, 29.03053379, 0
-0.00301311, 0.00561285, 0.00000000,  0, 29.05033278, 0
-0.00311978, 0.00615680, 0.00000000,  0, 29.07246089, 0
-0.00322605, 0.00669880, 0.00000000,  0, 29.09465289, 0
-0.00327136, 0.00707348, 0.00000000,  0, 29.11314392, 0
-0.00331087, 0.00743259, 0.00000000,  0, 29.13414097, 0
-0.00330610, 0.00766739, 0.00000000,  0, 29.15679789, 0
-0.00328233, 0.00784850, 0.00000000,  0, 29.17723989, 0
-0.00324663, 0.00812055, 0.00000000,  0, 29.19845796, 0
-0.00320625, 0.00813152, 0.00000000,  0, 29.21513391, 0
-0.00312248, 0.00814214, 0.00000000,  0, 29.23765397, 0
-0.00303852, 0.00815278, 0.00000000,  0, 29.25553584, 0
-0.00297421, 0.00821361, 0.00000000,  0, 29.27617979, 0
-0.00299457, 0.00849061, 0.00000000,  0, 29.29926991, 0
-0.00302510, 0.00890588, 0.00000000,  0, 29.32025290, 0
-0.00305177, 0.00918799, 0.00000000,  0, 29.34341288, 0
-0.00308872, 0.00947825, 0.00000000,  0, 29.36622095, 0
-0.00314382, 0.00981377, 0.00000000,  0, 29.39053297, 0
-0.00331563, 0.01053939, 0.00000000,  0, 29.41922092, 0
-0.00343020, 0.01102328, 0.00000000,  0, 29.43805099, 0
-0.00366604, 0.01188606, 0.00000000,  0, 29.47110391, 0
-0.00384108, 0.01249911, 0.00000000,  0, 29.49040699, 0
-0.00401863, 0.01312092, 0.00000000,  0, 29.50879002, 0
-0.00413624, 0.01360892, 0.00000000,  0, 29.53423285, 0
-0.00417668, 0.01383333, 0.00000000,  0, 29.55958796, 0
-0.00415689, 0.01382028, 0.00000000,  0, 29.58067894, 0
-0.00410693, 0.01378734, 0.00000000,  0, 29.60127783, 0
-0.00392078, 0.01333495, 0.00000000,  0, 29.62360787, 0
-0.00374215, 0.01285533, 0.00000000,  0, 29.64530087, 0
-0.00356347, 0.01237557, 0.00000000,  0, 29.67107582, 0
-0.00329441, 0.01165316, 0.00000000,  0, 29.70008278, 0
-0.00298903, 0.01078717, 0.00000000,  0, 29.72930598, 0
-0.00277348, 0.01016289, 0.00000000,  0, 29.75503588, 0
-0.00265071, 0.00980391, 0.00000000,  0, 29.77396393, 0
-0.00254681, 0.00949887, 0.00000000,  0, 29.79492593, 0
-0.00247334, 0.00919451, 0.00000000,  0, 29.81440878, 0
-0.00239868, 0.00882273, 0.00000000,  0, 29.83525085, 0
-0.00229864, 0.00833905, 0.00000000,  0, 29.85586596, 0
-0.00212766, 0.00752688, 0.00000000,  0, 29.87846589, 0
-0.00207063, 0.00725596, 0.00000000,  0, 29.89692378, 0
-0.00195651, 0.00671386, 0.00000000,  0, 29.91587400, 0
-0.00184255, 0.00617253, 0.00000000,  0, 29.93784690, 0
-0.00172893, 0.00562985, 0.00000000,  0, 29.95598388, 0
-0.00161826, 0.00506700, 0.00000000,  0, 29.97590780, 0
-0.00164757, 0.00483589, 0.00000000,  0, 30.00030279, 0
-0.00166881, 0.00468627, 0.00000000,  0, 30.02279687, 0
-0.00169002, 0.00453685, 0.00000000,  0, 30.04399586, 0
-0.00170659, 0.00437837, 0.00000000,  0, 30.06676388, 0
-0.00170131, 0.00417469, 0.00000000,  0, 30.08607292, 0
-0.00169603, 0.00397147, 0.00000000,  0, 30.10541701, 0
-0.00169075, 0.00376832, 0.00000000,  0, 30.12391901, 0
-0.00168547, 0.00356466, 0.00000000,  0, 30.14447188, 0
-0.00167257, 0.00333696, 0.00000000,  0, 30.16402888, 0
-0.00164469, 0.00308549, 0.00000000,  0, 30.18672180, 0
-0.00161101, 0.00282592, 0.00000000,  0, 30.20557380, 0
-0.00156938, 0.00256251, 0.00000000,  0, 30.22484088, 0
-0.00152087, 0.00229260, 0.00000000,  0, 30.24455285, 0
-0.00152191, 0.00218719, 0.00000000,  0, 30.26521397, 0
-0.00156241, 0.00226623, 0.00000000,  0, 30.28316379, 0
-0.00162003, 0.00236080, 0.00000000,  0, 30.29936099, 0
-0.00167238, 0.00244103, 0.00000000,  0, 30.32040000, 0
-0.00172467, 0.00252118, 0.00000000,  0, 30.33714294, 0
-0.00176425, 0.00257289, 0.00000000,  0, 30.35577798, 0
-0.00179413, 0.00260294, 0.00000000,  0, 30.37911987, 0
-0.00183892, 0.00264798, 0.00000000,  0, 30.40610981, 0
-0.00186873, 0.00267796, 0.00000000,  0, 30.42610288, 0
-0.00194083, 0.00281373, 0.00000000,  0, 30.45970678, 0
-0.00208259, 0.00321460, 0.00000000,  0, 30.47950983, 0
-0.00222440, 0.00361560, 0.00000000,  0, 30.50383282, 0
-0.00247378, 0.00433406, 0.00000000,  0, 30.53215694, 0
-0.00267867, 0.00494890, 0.00000000,  0, 30.55504584, 0
-0.00282509, 0.00541283, 0.00000000,  0, 30.57098198, 0
-0.00291506, 0.00573877, 0.00000000,  0, 30.59464002, 0
-0.00300486, 0.00606409, 0.00000000,  0, 30.61419082, 0
-0.00309459, 0.00638917, 0.00000000,  0, 30.63364100, 0
-0.00318455, 0.00671506, 0.00000000,  0, 30.65769601, 0
-0.00334004, 0.00726846, 0.00000000,  0, 30.68049979, 0
-0.00344094, 0.00773230, 0.00000000,  0, 30.70452380, 0
-0.00345118, 0.00796233, 0.00000000,  0, 30.73847198, 0
-0.00346483, 0.00826919, 0.00000000,  0, 30.77273488, 0
-0.00347510, 0.00850002, 0.00000000,  0, 30.80441380, 0
-0.00342124, 0.00849461, 0.00000000,  0, 30.82509279, 0
-0.00337582, 0.00844340, 0.00000000,  0, 30.84194589, 0
-0.00329080, 0.00836423, 0.00000000,  0, 30.86227584, 0
-0.00328874, 0.00854585, 0.00000000,  0, 30.88453078, 0
-0.00326447, 0.00856340, 0.00000000,  0, 30.90662289, 0
-0.00318891, 0.00844377, 0.00000000,  0, 30.92879987, 0
-0.00301251, 0.00807221, 0.00000000,  0, 30.95524883, 0
-0.00294720, 0.00792847, 0.00000000,  0, 30.97434092, 0
-0.00283007, 0.00774083, 0.00000000,  0, 31.00284600, 0
-0.00278432, 0.00777446, 0.00000000,  0, 31.03419995, 0
-0.00265254, 0.00754316, 0.00000000,  0, 31.05760098, 0
-0.00258422, 0.00743657, 0.00000000,  0, 31.07898784, 0
-0.00258328, 0.00747584, 0.00000000,  0, 31.09567595, 0
-0.00253568, 0.00742023, 0.00000000,  0, 31.11616182, 0
-0.00244922, 0.00724989, 0.00000000,  0, 31.13344288, 0
-0.00237806, 0.00707406, 0.00000000,  0, 31.14976597, 0
-0.00232336, 0.00691500, 0.00000000,  0, 31.16928482, 0
-0.00229521, 0.00683346, 0.00000000,  0, 31.18786192, 0
-0.00219855, 0.00656884, 0.00000000,  0, 31.20587301, 0
-0.00220130, 0.00660720, 0.00000000,  0, 31.22735786, 0
-0.00221743, 0.00670135, 0.00000000,  0, 31.25623178, 0
-0.00223350, 0.00679523, 0.00000000,  0, 31.28506184, 0
-0.00224424, 0.00685791, 0.00000000,  0, 31.30710101, 0
-0.00225498, 0.00692068, 0.00000000,  0, 31.32872295, 0
-0.00227107, 0.00701462, 0.00000000,  0, 31.35293794, 0
-0.00228182, 0.00707737, 0.00000000,  0, 31.37572193, 0
-0.00229260, 0.00714033, 0.00000000,  0, 31.39626288, 0
-0.00230872, 0.00723449, 0.00000000,  0, 31.42308688, 0
-0.00231945, 0.00729715, 0.00000000,  0, 31.44652081, 0
-0.00233018, 0.00735981, 0.00000000,  0, 31.46876884, 0
-0.00234092, 0.00742252, 0.00000000,  0, 31.49091697, 0
-0.00235703, 0.00751656, 0.00000000,  0, 31.51899385, 0
-0.00237312, 0.00761056, 0.00000000,  0, 31.54817200, 0
-0.00238920, 0.00770445, 0.00000000,  0, 31.57639480, 0
-0.00240532, 0.00779859, 0.00000000,  0, 31.60534883, 0
-0.00241604, 0.00786121, 0.00000000,  0, 31.63233280, 0
-0.00242677, 0.00792387, 0.00000000,  0, 31.65329695, 0
-0.00243753, 0.00798668, 0.00000000,  0, 31.67354393, 0
-0.00244832, 0.00804968, 0.00000000,  0, 31.69531178, 0
-0.00246048, 0.00811827, 0.00000000,  0, 31.71787190, 0
-0.00258254, 0.00849745, 0.00000000,  0, 31.74059582, 0
-0.00258957, 0.00854736, 0.00000000,  0, 31.76313591, 0
-0.00256002, 0.00849087, 0.00000000,  0, 31.78558683, 0
-0.00256735, 0.00843527, 0.00000000,  0, 31.80784392, 0
-0.00257829, 0.00835233, 0.00000000,  0, 31.83042598, 0
-0.00258560, 0.00829689, 0.00000000,  0, 31.85096693, 0
-0.00259298, 0.00824101, 0.00000000,  0, 31.87396789, 0
-0.00260027, 0.00818573, 0.00000000,  0, 31.89806700, 0
-0.00260758, 0.00813032, 0.00000000,  0, 31.91788483, 0
-0.00261489, 0.00807485, 0.00000000,  0, 31.94050884, 0
-0.00262221, 0.00801936, 0.00000000,  0, 31.96020794, 0
-0.00267997, 0.00810784, 0.00000000,  0, 31.98662496, 0
-0.00280165, 0.00843075, 0.00000000,  0, 32.01395297, 0
-0.00294952, 0.00884167, 0.00000000,  0, 32.03440094, 0
-0.00309955, 0.00925883, 0.00000000,  0, 32.05629301, 0
-0.00329023, 0.00970657, 0.00000000,  0, 32.07893991, 0
-0.00367497, 0.01071036, 0.00000000,  0, 32.10112596, 0
-0.00392981, 0.01141453, 0.00000000,  0, 32.12274384, 0
-0.00418428, 0.01211770, 0.00000000,  0, 32.14458799, 0
-0.00443900, 0.01282153, 0.00000000,  0, 32.16684389, 0
-0.00472100, 0.01360076, 0.00000000,  0, 32.18812585, 0
-0.00497641, 0.01430648, 0.00000000,  0, 32.20954299, 0
-0.00523075, 0.01500927, 0.00000000,  0, 32.23091102, 0
-0.00548527, 0.01571258, 0.00000000,  0, 32.25329995, 0
-0.00574065, 0.01641824, 0.00000000,  0, 32.27377486, 0
-0.00612323, 0.01747536, 0.00000000,  0, 32.30296779, 0
-0.00643134, 0.01844097, 0.00000000,  0, 32.33039999, 0
-0.00660311, 0.01905345, 0.00000000,  0, 32.35772085, 0
-0.00661739, 0.01919199, 0.00000000,  0, 32.38598585, 0
-0.00649604, 0.01901182, 0.00000000,  0, 32.40917683, 0
-0.00635502, 0.01872861, 0.00000000,  0, 32.43044686, 0
-0.00621434, 0.01844607, 0.00000000,  0, 32.45486593, 0
-0.00600393, 0.01802350, 0.00000000,  0, 32.48195791, 0
-0.00586348, 0.01774143, 0.00000000,  0, 32.50240493, 0
-0.00572295, 0.01745920, 0.00000000,  0, 32.52395701, 0
-0.00559144, 0.01725844, 0.00000000,  0, 32.54731989, 0
-0.00545991, 0.01705888, 0.00000000,  0, 32.57036591, 0
-0.00522854, 0.01665769, 0.00000000,  0, 32.59419894, 0
-0.00496866, 0.01607402, 0.00000000,  0, 32.61566281, 0
-0.00463818, 0.01527801, 0.00000000,  0, 32.63633490, 0
-0.00430718, 0.01448075, 0.00000000,  0, 32.65879798, 0
-0.00397622, 0.01368357, 0.00000000,  0, 32.67782092, 0
-0.00363837, 0.01286981, 0.00000000,  0, 32.69748497, 0
-0.00327514, 0.01192627, 0.00000000,  0, 32.71766686, 0
-0.00290806, 0.01096695, 0.00000000,  0, 32.73856783, 0
-0.00254053, 0.01000645, 0.00000000,  0, 32.76078081, 0
-0.00198793, 0.00856228, 0.00000000,  0, 32.78810096, 0
-0.00162166, 0.00760507, 0.00000000,  0, 32.81302381, 0
-0.00112639, 0.00618945, 0.00000000,  0, 32.83960295, 0
-0.00081103, 0.00526999, 0.00000000,  0, 32.86215997, 0
-0.00052167, 0.00439388, 0.00000000,  0, 32.88394284, 0
-0.00023277, 0.00351917, 0.00000000,  0, 32.90591979, 0
0.00016166, 0.00227804, 0.00000000,  0, 32.92795897, 0
0.00035908, 0.00157160, 0.00000000,  0, 32.95056891, 0
0.00042708, 0.00107996, 0.00000000,  0, 32.98127198, 0
0.00039333, 0.00085865, 0.00000000,  0, 33.01001787, 0
0.00038207, 0.00078479, 0.00000000,  0, 33.02914786, 0
0.00034176, 0.00065827, 0.00000000,  0, 33.04689789, 0
0.00027857, 0.00056480, 0.00000000,  0, 33.06512380, 0
0.00019800, 0.00050214, 0.00000000,  0, 33.08233595, 0
0.00015313, 0.00047716, 0.00000000,  0, 33.09997702, 0
-0.00000243, 0.00044152, 0.00000000,  0, 33.12104893, 0
-0.00011679, 0.00043530, 0.00000000,  0, 33.14144683, 0
-0.00023762, 0.00044080, 0.00000000,  0, 33.16604185, 0
-0.00042990, 0.00046732, 0.00000000,  0, 33.19333696, 0
-0.00049587, 0.00047879, 0.00000000,  0, 33.21087885, 0
-0.00062028, 0.00050805, 0.00000000,  0, 33.22893381, 0
-0.00073890, 0.00054181, 0.00000000,  0, 33.25071788, 0
-0.00085702, 0.00057597, 0.00000000,  0, 33.27297878, 0
-0.00103431, 0.00062723, 0.00000000,  0, 33.29735589, 0
-0.00114284, 0.00065955, 0.00000000,  0, 33.32172680, 0
-0.00117046, 0.00067608, 0.00000000,  0, 33.34156394, 0
-0.00127743, 0.00088488, 0.00000000,  0, 33.36484981, 0
-0.00149013, 0.00142111, 0.00000000,  0, 33.38744998, 0
-0.00179848, 0.00223787, 0.00000000,  0, 33.41160083, 0
-0.00214816, 0.00319670, 0.00000000,  0, 33.43435192, 0
-0.00244965, 0.00400795, 0.00000000,  0, 33.45419288, 0
-0.00273832, 0.00478755, 0.00000000,  0, 33.47379780, 0
-0.00294642, 0.00539553, 0.00000000,  0, 33.49730992, 0
-0.00315390, 0.00600166, 0.00000000,  0, 33.51701283, 0
-0.00333575, 0.00662302, 0.00000000,  0, 33.54494691, 0
-0.00339326, 0.00689381, 0.00000000,  0, 33.56716681, 0
-0.00343652, 0.00713134, 0.00000000,  0, 33.58813882, 0
-0.00338991, 0.00721910, 0.00000000,  0, 33.61129594, 0
-0.00332819, 0.00719935, 0.00000000,  0, 33.63494492, 0
-0.00326645, 0.00717960, 0.00000000,  0, 33.65610981, 0
-0.00317368, 0.00714992, 0.00000000,  0, 33.68607783, 0
-0.00308113, 0.00712031, 0.00000000,  0, 33.71526790, 0
-0.00298835, 0.00709063, 0.00000000,  0, 33.74485493, 0
-0.00297593, 0.00721208, 0.00000000,  0, 33.76673079, 0
-0.00301363, 0.00747665, 0.00000000,  0, 33.78394699, 0
-0.00305157, 0.00774289, 0.00000000,  0, 33.80472589, 0
-0.00310243, 0.00806011, 0.00000000,  0, 33.83284497, 0
-0.00328431, 0.00889848, 0.00000000,  0, 33.86193800, 0
-0.00351064, 0.00976587, 0.00000000,  0, 33.89162588, 0
-0.00372912, 0.01057083, 0.00000000,  0, 33.91880989, 0
-0.00384988, 0.01113114, 0.00000000,  0, 33.94589901, 0
-0.00390616, 0.01153040, 0.00000000,  0, 33.97851491, 0
-0.00393476, 0.01177362, 0.00000000,  0, 33.99826980, 0
-0.00387193, 0.01177121, 0.00000000,  0, 34.02463078, 0
-0.00360864, 0.01137851, 0.00000000,  0, 34.05803990, 0
-0.00341112, 0.01108390, 0.00000000,  0, 34.09111190, 0
-0.00317199, 0.01067195, 0.00000000,  0, 34.12469101, 0
-0.00303511, 0.01044737, 0.00000000,  0, 34.14997602, 0
-0.00299204, 0.01038675, 0.00000000,  0, 34.17155290, 0
-0.00282913, 0.01005838, 0.00000000,  0, 34.20042896, 0
-0.00261779, 0.00959292, 0.00000000,  0, 34.22928691, 0
-0.00235787, 0.00899063, 0.00000000,  0, 34.25688100, 0
-0.00223443, 0.00861747, 0.00000000,  0, 34.27750778, 0
-0.00209119, 0.00817339, 0.00000000,  0, 34.29457498, 0
-0.00193752, 0.00770256, 0.00000000,  0, 34.31835198, 0
-0.00184236, 0.00733748, 0.00000000,  0, 34.34642386, 0
-0.00180782, 0.00712537, 0.00000000,  0, 34.37566900, 0
-0.00177372, 0.00695209, 0.00000000,  0, 34.40453792, 0
-0.00168171, 0.00657516, 0.00000000,  0, 34.43314385, 0
-0.00158768, 0.00619024, 0.00000000,  0, 34.46174383, 0
