0.00071831, 0.00045376, 0.00000000,  0, 0.00074506, 1
0.00085239, 0.00045487, 0.00000000,  0, 8.03385901, 1
0.00099623, 0.00042343, 0.00000000,  0, 8.06386304, 1
0.00115558, 0.00036514, 0.00000000,  0, 8.09538102, 1
0.00128477, 0.00027854, 0.00000000,  0, 8.12548399, 1
0.00139982, 0.00016129, 0.00000000,  0, 8.15463209, 1
0.00150050, 0.00004013, 0.00000000,  0, 8.19287801, 1
0.00160494, -0.00014680, 0.00000000,  0, 8.23051214, 1
0.00165324, -0.00028774, 0.00000000,  0, 8.26304698, 1
0.00170211, -0.00044532, 0.00000000,  0, 8.29522300, 1
0.00167905, -0.00079875, 0.00000000,  0, 8.33996296, 1
0.00147403, -0.00126706, 0.00000000,  0, 8.39365911, 1
0.00122033, -0.00167717, 0.00000000,  0, 8.43665314, 1
0.00101129, -0.00201511, 0.00000000,  0, 8.46929812, 1
0.00071335, -0.00248332, 0.00000000,  0, 8.50134301, 1
0.00049865, -0.00284467, 0.00000000,  0, 8.53235602, 1
0.00037419, -0.00306089, 0.00000000,  0, 8.56150603, 1
0.00022176, -0.00334432, 0.00000000,  0, 8.59113598, 1
0.00006777, -0.00371216, 0.00000000,  0, 8.62767506, 1
0.00001266, -0.00397395, 0.00000000,  0, 8.65535998, 1
-0.00001507, -0.00413437, 0.00000000,  0, 8.68867803, 1
-0.00008155, -0.00439577, 0.00000000,  0, 8.72113204, 1
-0.00015112, -0.00456105, 0.00000000,  0, 8.75552106, 1
-0.00023977, -0.00476658, 0.00000000,  0, 8.78853297, 1
-0.00033076, -0.00489980, 0.00000000,  0, 8.82007694, 1
-0.00044887, -0.00503863, 0.00000000,  0, 8.85236716, 1
-0.00057160, -0.00520752, 0.00000000,  0, 8.88643193, 1
-0.00077458, -0.00546417, 0.00000000,  0, 8.92215610, 1
-0.00092402, -0.00563843, 0.00000000,  0, 8.95441699, 1
-0.00104372, -0.00578645, 0.00000000,  0, 8.98745394, 1
-0.00116424, -0.00589359, 0.00000000,  0, 9.01847410, 1
-0.00134112, -0.00590437, 0.00000000,  0, 9.04988599, 1
-0.00143927, -0.00585194, 0.00000000,  0, 9.08240700, 1
-0.00149337, -0.00576630, 0.00000000,  0, 9.12155914, 1
-0.00147691, -0.00572601, 0.00000000,  0, 9.15167093, 1
-0.00145797, -0.00567232, 0.00000000,  0, 9.18325114, 1
-0.00144245, -0.00565573, 0.00000000,  0, 9.21507716, 1
-0.00142630, -0.00565289, 0.00000000,  0, 9.24580503, 1
-0.00141088, -0.00565410, 0.00000000,  0, 9.27792811, 1
-0.00140921, -0.00569459, 0.00000000,  0, 9.30838799, 1
-0.00141194, -0.00576529, 0.00000000,  0, 9.34100103, 1
-0.00143395, -0.00586654, 0.00000000,  0, 9.37128615, 1
-0.00147747, -0.00598636, 0.00000000,  0, 9.40697312, 1
-0.00152104, -0.00609379, 0.00000000,  0, 9.44756007, 1
-0.00153768, -0.00613702, 0.00000000,  0, 9.47965908, 1
-0.00155124, -0.00617708, 0.00000000,  0, 9.51419401, 1
-0.00151131, -0.00627042, 0.00000000,  0, 9.55087805, 1
-0.00147455, -0.00634285, 0.00000000,  0, 9.58183813, 1
-0.00142486, -0.00643357, 0.00000000,  0, 9.61435103, 1
-0.00136911, -0.00653868, 0.00000000,  0, 9.64684200, 1
-0.00129290, -0.00667340, 0.00000000,  0, 9.67695117, 1
-0.00120055, -0.00685248, 0.00000000,  0, 9.70685506, 1
-0.00106025, -0.00707818, 0.00000000,  0, 9.74554300, 1
-0.00086367, -0.00730496, 0.00000000,  0, 9.79906011, 1
-0.00070433, -0.00746468, 0.00000000,  0, 9.83960509, 1
-0.00061431, -0.00753810, 0.00000000,  0, 9.87012506, 1
-0.00052389, -0.00759436, 0.00000000,  0, 9.89959097, 1
-0.00042380, -0.00766118, 0.00000000,  0, 9.93379402, 1
-0.00031202, -0.00785227, 0.00000000,  0, 9.98049617, 1
-0.00027316, -0.00800491, 0.00000000,  0, 10.02206898, 1
-0.00023262, -0.00810656, 0.00000000,  0, 10.05203700, 1
-0.00019834, -0.00818367, 0.00000000,  0, 10.08299303, 1
-0.00018275, -0.00821711, 0.00000000,  0, 10.11274815, 1
-0.00016335, -0.00825273, 0.00000000,  0, 10.14141011, 1
-0.00014342, -0.00829945, 0.00000000,  0, 10.17456794, 1
-0.00013499, -0.00837638, 0.00000000,  0, 10.20406795, 1
-0.00013843, -0.00848392, 0.00000000,  0, 10.23772216, 1
-0.00014738, -0.00858567, 0.00000000,  0, 10.26851416, 1
-0.00015424, -0.00868643, 0.00000000,  0, 10.29975200, 1
-0.00017121, -0.00877180, 0.00000000,  0, 10.32880807, 1
-0.00020006, -0.00882937, 0.00000000,  0, 10.36089802, 1
-0.00024417, -0.00887479, 0.00000000,  0, 10.39265895, 1
-0.00030547, -0.00889824, 0.00000000,  0, 10.42920113, 1
-0.00033242, -0.00890231, 0.00000000,  0, 10.46625304, 1
-0.00034798, -0.00890850, 0.00000000,  0, 10.49539399, 1
-0.00035165, -0.00892162, 0.00000000,  0, 10.52487516, 1
-0.00035489, -0.00891167, 0.00000000,  0, 10.55279613, 1
-0.00035215, -0.00886591, 0.00000000,  0, 10.58319712, 1
-0.00032340, -0.00879076, 0.00000000,  0, 10.61765313, 1
-0.00031614, -0.00874897, 0.00000000,  0, 10.65049314, 1
-0.00031310, -0.00872346, 0.00000000,  0, 10.69141507, 1
-0.00031193, -0.00865508, 0.00000000,  0, 10.73473310, 1
-0.00029087, -0.00862826, 0.00000000,  0, 10.76433706, 1
-0.00026381, -0.00860355, 0.00000000,  0, 10.79683805, 1
-0.00025130, -0.00856725, 0.00000000,  0, 10.83373809, 1
-0.00024477, -0.00852528, 0.00000000,  0, 10.86668515, 1
-0.00024310, -0.00847940, 0.00000000,  0, 10.90084100, 1
-0.00024258, -0.00843146, 0.00000000,  0, 10.93537807, 1
-0.00024266, -0.00835742, 0.00000000,  0, 10.96903110, 1
-0.00024286, -0.00830890, 0.00000000,  0, 10.99844503, 1
-0.00024321, -0.00826486, 0.00000000,  0, 11.02702594, 1
-0.00024372, -0.00824809, 0.00000000,  0, 11.06137395, 1
-0.00023715, -0.00825188, 0.00000000,  0, 11.09080100, 1
-0.00022658, -0.00826824, 0.00000000,  0, 11.12437606, 1
-0.00021631, -0.00827559, 0.00000000,  0, 11.15674210, 1
-0.00018529, -0.00831024, 0.00000000,  0, 11.18673897, 1
-0.00015078, -0.00835767, 0.00000000,  0, 11.22013712, 1
-0.00010637, -0.00839983, 0.00000000,  0, 11.25277615, 1
-0.00004771, -0.00840564, 0.00000000,  0, 11.28684497, 1
-0.00002007, -0.00840360, 0.00000000,  0, 11.31654906, 1
0.00000858, -0.00841192, 0.00000000,  0, 11.34644699, 1
0.00002600, -0.00841134, 0.00000000,  0, 11.38134503, 1
0.00003377, -0.00842732, 0.00000000,  0, 11.41214705, 1
0.00005707, -0.00849849, 0.00000000,  0, 11.44815302, 1
0.00008556, -0.00860631, 0.00000000,  0, 11.47978115, 1
0.00010757, -0.00869980, 0.00000000,  0, 11.51362514, 1
0.00012118, -0.00876427, 0.00000000,  0, 11.54252815, 1
0.00014239, -0.00881789, 0.00000000,  0, 11.57582307, 1
0.00020524, -0.00889700, 0.00000000,  0, 11.60988307, 1
0.00023898, -0.00892246, 0.00000000,  0, 11.64010215, 1
0.00027487, -0.00896054, 0.00000000,  0, 11.67542696, 1
0.00033214, -0.00902900, 0.00000000,  0, 11.70417404, 1
0.00044428, -0.00917408, 0.00000000,  0, 11.74131393, 1
0.00052164, -0.00926568, 0.00000000,  0, 11.78097010, 1
0.00058491, -0.00929119, 0.00000000,  0, 11.81750894, 1
0.00060003, -0.00927455, 0.00000000,  0, 11.84925294, 1
0.00060695, -0.00926560, 0.00000000,  0, 11.88132501, 1
0.00057750, -0.00918870, 0.00000000,  0, 11.91440606, 1
0.00058263, -0.00914895, 0.00000000,  0, 11.94689512, 1
0.00062634, -0.00913451, 0.00000000,  0, 11.98747706, 1
0.00066488, -0.00910830, 0.00000000,  0, 12.03262305, 1
0.00072344, -0.00909798, 0.00000000,  0, 12.06745505, 1
0.00075549, -0.00908538, 0.00000000,  0, 12.09942317, 1
0.00078203, -0.00907505, 0.00000000,  0, 12.13054204, 1
0.00079655, -0.00905628, 0.00000000,  0, 12.16758895, 1
0.00078771, -0.00903351, 0.00000000,  0, 12.19911599, 1
0.00078216, -0.00900036, 0.00000000,  0, 12.23204803, 1
0.00077880, -0.00897130, 0.00000000,  0, 12.26413894, 1
0.00077643, -0.00893211, 0.00000000,  0, 12.29594612, 1
0.00077468, -0.00887341, 0.00000000,  0, 12.32596207, 1
0.00077322, -0.00882883, 0.00000000,  0, 12.35841393, 1
0.00076554, -0.00878480, 0.00000000,  0, 12.38862014, 1
0.00075609, -0.00875647, 0.00000000,  0, 12.42017603, 1
0.00077256, -0.00874110, 0.00000000,  0, 12.45365310, 1
0.00081375, -0.00873003, 0.00000000,  0, 12.48457003, 1
0.00086534, -0.00871852, 0.00000000,  0, 12.51743913, 1
0.00090318, -0.00869648, 0.00000000,  0, 12.54996514, 1
0.00092014, -0.00867166, 0.00000000,  0, 12.58040404, 1
0.00092755, -0.00864458, 0.00000000,  0, 12.60935712, 1
0.00093038, -0.00859707, 0.00000000,  0, 12.64195609, 1
0.00093846, -0.00856483, 0.00000000,  0, 12.67341399, 1
0.00094909, -0.00851221, 0.00000000,  0, 12.70568705, 1
0.00093841, -0.00849894, 0.00000000,  0, 12.73914003, 1
0.00093200, -0.00848266, 0.00000000,  0, 12.77283812, 1
0.00092874, -0.00846394, 0.00000000,  0, 12.80340910, 1
0.00095273, -0.00845575, 0.00000000,  0, 12.83625507, 1
0.00100049, -0.00845211, 0.00000000,  0, 12.86782002, 1
0.00104987, -0.00845109, 0.00000000,  0, 12.89947796, 1
0.00108624, -0.00845859, 0.00000000,  0, 12.92966700, 1
0.00114183, -0.00849635, 0.00000000,  0, 12.96351314, 1
0.00120779, -0.00858683, 0.00000000,  0, 12.99212813, 1
0.00130595, -0.00870805, 0.00000000,  0, 13.02487898, 1
0.00140037, -0.00883771, 0.00000000,  0, 13.05669594, 1
0.00150698, -0.00899475, 0.00000000,  0, 13.08586216, 1
0.00164407, -0.00919250, 0.00000000,  0, 13.11551404, 1
0.00183504, -0.00944118, 0.00000000,  0, 13.14766002, 1
0.00199702, -0.00969823, 0.00000000,  0, 13.18199706, 1
0.00216198, -0.00996921, 0.00000000,  0, 13.21260810, 1
0.00234631, -0.01025400, 0.00000000,  0, 13.24322510, 1
0.00258909, -0.01063494, 0.00000000,  0, 13.27770400, 1
0.00273131, -0.01088499, 0.00000000,  0, 13.30925608, 1
0.00281466, -0.01109122, 0.00000000,  0, 13.33930206, 1
0.00285979, -0.01128325, 0.00000000,  0, 13.36848712, 1
0.00290357, -0.01146133, 0.00000000,  0, 13.40426016, 1
0.00297953, -0.01165395, 0.00000000,  0, 13.44007301, 1
0.00299412, -0.01177169, 0.00000000,  0, 13.47353601, 1
0.00291201, -0.01183675, 0.00000000,  0, 13.51014209, 1
0.00279015, -0.01185577, 0.00000000,  0, 13.53888702, 1
0.00270686, -0.01186281, 0.00000000,  0, 13.56529713, 1
0.00255263, -0.01186129, 0.00000000,  0, 13.60260606, 1
0.00246028, -0.01185257, 0.00000000,  0, 13.63339901, 1
0.00238686, -0.01184531, 0.00000000,  0, 13.66614413, 1
0.00232640, -0.01185579, 0.00000000,  0, 13.69591212, 1
0.00228055, -0.01187942, 0.00000000,  0, 13.72886896, 1
0.00225839, -0.01189559, 0.00000000,  0, 13.76140404, 1
0.00227616, -0.01190466, 0.00000000,  0, 13.79357910, 1
0.00230994, -0.01191731, 0.00000000,  0, 13.82772017, 1
0.00234945, -0.01192281, 0.00000000,  0, 13.85909104, 1
0.00241837, -0.01193113, 0.00000000,  0, 13.88959813, 1
0.00250695, -0.01194938, 0.00000000,  0, 13.92329812, 1
0.00265991, -0.01201212, 0.00000000,  0, 13.95502114, 1
0.00277498, -0.01207284, 0.00000000,  0, 13.98897195, 1
0.00290843, -0.01212964, 0.00000000,  0, 14.02907014, 1
0.00295473, -0.01216706, 0.00000000,  0, 14.06139112, 1
0.00301001, -0.01220537, 0.00000000,  0, 14.09027004, 1
0.00306108, -0.01225096, 0.00000000,  0, 14.12152600, 1
0.00313564, -0.01230561, 0.00000000,  0, 14.15448093, 1
0.00323601, -0.01238111, 0.00000000,  0, 14.19135404, 1
0.00331533, -0.01241828, 0.00000000,  0, 14.22667313, 1
0.00345781, -0.01245539, 0.00000000,  0, 14.26097703, 1
0.00356525, -0.01246925, 0.00000000,  0, 14.29264998, 1
0.00365061, -0.01246261, 0.00000000,  0, 14.32370400, 1
0.00368629, -0.01242540, 0.00000000,  0, 14.35645199, 1
0.00370129, -0.01236922, 0.00000000,  0, 14.38701010, 1
0.00370641, -0.01231121, 0.00000000,  0, 14.41803503, 1
0.00370495, -0.01223309, 0.00000000,  0, 14.44827914, 1
0.00369883, -0.01216349, 0.00000000,  0, 14.47979307, 1
0.00370022, -0.01211153, 0.00000000,  0, 14.50965905, 1
0.00372072, -0.01203802, 0.00000000,  0, 14.55025601, 1
0.00373534, -0.01195540, 0.00000000,  0, 14.58745313, 1
0.00373821, -0.01189221, 0.00000000,  0, 14.61995912, 1
0.00373828, -0.01182336, 0.00000000,  0, 14.64985108, 1
0.00373663, -0.01174310, 0.00000000,  0, 14.68687916, 1
0.00373491, -0.01167574, 0.00000000,  0, 14.72026014, 1
0.00373308, -0.01160537, 0.00000000,  0, 14.75489902, 1
0.00373125, -0.01154771, 0.00000000,  0, 14.78553510, 1
0.00375649, -0.01144445, 0.00000000,  0, 14.81767797, 1
0.00379636, -0.01136367, 0.00000000,  0, 14.85150003, 1
0.00384364, -0.01127856, 0.00000000,  0, 14.88425398, 1
0.00387491, -0.01118812, 0.00000000,  0, 14.91604805, 1
0.00391781, -0.01110770, 0.00000000,  0, 14.94626498, 1
0.00393977, -0.01103324, 0.00000000,  0, 14.97732115, 1
0.00394933, -0.01098311, 0.00000000,  0, 15.00366616, 1
0.00394033, -0.01094840, 0.00000000,  0, 15.03762507, 1
0.00393265, -0.01091431, 0.00000000,  0, 15.06997514, 1
0.00394798, -0.01086765, 0.00000000,  0, 15.10088515, 1
0.00399346, -0.01079787, 0.00000000,  0, 15.13261914, 1
0.00404202, -0.01075599, 0.00000000,  0, 15.16692114, 1
0.00410165, -0.01071535, 0.00000000,  0, 15.19896913, 1
0.00417856, -0.01067438, 0.00000000,  0, 15.24048710, 1
0.00421578, -0.01067847, 0.00000000,  0, 15.27525616, 1
0.00425809, -0.01066746, 0.00000000,  0, 15.30871010, 1
0.00430719, -0.01066541, 0.00000000,  0, 15.34729505, 1
0.00434423, -0.01066648, 0.00000000,  0, 15.37524915, 1
0.00439112, -0.01067987, 0.00000000,  0, 15.40736914, 1
0.00441664, -0.01070380, 0.00000000,  0, 15.44172096, 1
0.00444965, -0.01073355, 0.00000000,  0, 15.47092915, 1
0.00447670, -0.01079174, 0.00000000,  0, 15.50740600, 1
0.00449783, -0.01086481, 0.00000000,  0, 15.53770208, 1
0.00452371, -0.01093648, 0.00000000,  0, 15.56954098, 1
0.00453901, -0.01101156, 0.00000000,  0, 15.60587502, 1
0.00454251, -0.01104979, 0.00000000,  0, 15.63691807, 1
0.00454320, -0.01109384, 0.00000000,  0, 15.66976094, 1
0.00454265, -0.01113043, 0.00000000,  0, 15.70358515, 1
0.00454109, -0.01115126, 0.00000000,  0, 15.73470402, 1
0.00453204, -0.01115613, 0.00000000,  0, 15.76401901, 1
0.00450116, -0.01115961, 0.00000000,  0, 15.79429412, 1
0.00447705, -0.01116126, 0.00000000,  0, 15.83010912, 1
0.00446909, -0.01116158, 0.00000000,  0, 15.86002898, 1
0.00446483, -0.01116157, 0.00000000,  0, 15.89088917, 1
0.00446235, -0.01117884, 0.00000000,  0, 15.92141414, 1
0.00446074, -0.01121257, 0.00000000,  0, 15.95502305, 1
0.00445956, -0.01123696, 0.00000000,  0, 15.98634911, 1
0.00444273, -0.01127652, 0.00000000,  0, 16.01821303, 1
0.00442004, -0.01133648, 0.00000000,  0, 16.05237412, 1
0.00440067, -0.01136805, 0.00000000,  0, 16.08234406, 1
0.00439145, -0.01140385, 0.00000000,  0, 16.11440516, 1
0.00437544, -0.01144047, 0.00000000,  0, 16.14679003, 1
0.00434299, -0.01146388, 0.00000000,  0, 16.17863607, 1
0.00432393, -0.01149529, 0.00000000,  0, 16.20712996, 1
0.00431572, -0.01154168, 0.00000000,  0, 16.23831511, 1
0.00431942, -0.01159895, 0.00000000,  0, 16.26608896, 1
0.00432651, -0.01165412, 0.00000000,  0, 16.29700994, 1
0.00434227, -0.01169770, 0.00000000,  0, 16.32643914, 1
0.00438757, -0.01169480, 0.00000000,  0, 16.35706210, 1
0.00443140, -0.01168776, 0.00000000,  0, 16.38721895, 1
0.00445259, -0.01168475, 0.00000000,  0, 16.41604209, 1
0.00448534, -0.01168087, 0.00000000,  0, 16.44686604, 1
0.00450691, -0.01166414, 0.00000000,  0, 16.48202896, 1
0.00451682, -0.01161729, 0.00000000,  0, 16.51305103, 1
0.00453093, -0.01157773, 0.00000000,  0, 16.54487395, 1
0.00455677, -0.01153936, 0.00000000,  0, 16.57690096, 1
0.00462741, -0.01151716, 0.00000000,  0, 16.61295700, 1
0.00469222, -0.01151839, 0.00000000,  0, 16.64450598, 1
0.00476111, -0.01155485, 0.00000000,  0, 16.67446208, 1
0.00483185, -0.01160948, 0.00000000,  0, 16.70822001, 1
0.00490363, -0.01167474, 0.00000000,  0, 16.73720312, 1
0.00497021, -0.01173413, 0.00000000,  0, 16.76685905, 1
0.00499090, -0.01176359, 0.00000000,  0, 16.79758906, 1
0.00503047, -0.01178999, 0.00000000,  0, 16.83977199, 1
0.00508540, -0.01183351, 0.00000000,  0, 16.87027597, 1
0.00515662, -0.01189271, 0.00000000,  0, 16.90476799, 1
0.00523091, -0.01194220, 0.00000000,  0, 16.94536400, 1
0.00527801, -0.01198302, 0.00000000,  0, 16.98987699, 1
0.00528468, -0.01202200, 0.00000000,  0, 17.02849317, 1
0.00530523, -0.01203528, 0.00000000,  0, 17.07191300, 1
0.00534999, -0.01206101, 0.00000000,  0, 17.10989714, 1
0.00541215, -0.01211691, 0.00000000,  0, 17.14096713, 1
0.00547899, -0.01217967, 0.00000000,  0, 17.17183495, 1
0.00554143, -0.01221867, 0.00000000,  0, 17.20620894, 1
0.00557205, -0.01223596, 0.00000000,  0, 17.23588896, 1
0.00558338, -0.01224135, 0.00000000,  0, 17.26668406, 1
0.00556094, -0.01221096, 0.00000000,  0, 17.30673909, 1
0.00555132, -0.01217103, 0.00000000,  0, 17.33841896, 1
0.00553976, -0.01213800, 0.00000000,  0, 17.36833715, 1
0.00552246, -0.01209324, 0.00000000,  0, 17.40266705, 1
0.00552017, -0.01204918, 0.00000000,  0, 17.43889594, 1
0.00553180, -0.01198156, 0.00000000,  0, 17.47523308, 1
0.00552023, -0.01191765, 0.00000000,  0, 17.50871515, 1
0.00547949, -0.01186445, 0.00000000,  0, 17.54010296, 1
0.00548818, -0.01184443, 0.00000000,  0, 17.57879210, 1
0.00553939, -0.01184758, 0.00000000,  0, 17.60995412, 1
0.00561623, -0.01187073, 0.00000000,  0, 17.64157009, 1
0.00573456, -0.01192220, 0.00000000,  0, 17.67512608, 1
0.00597213, -0.01200486, 0.00000000,  0, 17.71677494, 1
0.00616964, -0.01207231, 0.00000000,  0, 17.74701500, 1
0.00632999, -0.01216441, 0.00000000,  0, 17.77820516, 1
0.00647809, -0.01228727, 0.00000000,  0, 17.81302905, 1
0.00656605, -0.01239527, 0.00000000,  0, 17.84888601, 1
0.00667481, -0.01253666, 0.00000000,  0, 17.88423300, 1
0.00673445, -0.01265158, 0.00000000,  0, 17.91840005, 1
0.00679917, -0.01278157, 0.00000000,  0, 17.95362711, 1
0.00680885, -0.01287040, 0.00000000,  0, 17.98586011, 1
0.00676220, -0.01294958, 0.00000000,  0, 18.01849699, 1
0.00669835, -0.01303131, 0.00000000,  0, 18.04859304, 1
0.00665068, -0.01313355, 0.00000000,  0, 18.08207202, 1
0.00664427, -0.01324778, 0.00000000,  0, 18.11264110, 1
0.00663489, -0.01337253, 0.00000000,  0, 18.14379001, 1
0.00661347, -0.01348821, 0.00000000,  0, 18.17437911, 1
0.00654428, -0.01361591, 0.00000000,  0, 18.20656514, 1
0.00649507, -0.01370157, 0.00000000,  0, 18.23875213, 1
0.00647897, -0.01378765, 0.00000000,  0, 18.27287817, 1
0.00649411, -0.01392064, 0.00000000,  0, 18.31210208, 1
0.00645857, -0.01409673, 0.00000000,  0, 18.35583901, 1
0.00641113, -0.01427428, 0.00000000,  0, 18.38811111, 1
0.00638537, -0.01440688, 0.00000000,  0, 18.41809797, 1
0.00634922, -0.01453671, 0.00000000,  0, 18.44988513, 1
0.00630321, -0.01464968, 0.00000000,  0, 18.48163795, 1
0.00622889, -0.01473349, 0.00000000,  0, 18.50966907, 1
0.00614564, -0.01479886, 0.00000000,  0, 18.54162097, 1
0.00604456, -0.01487559, 0.00000000,  0, 18.58017015, 1
0.00587189, -0.01489313, 0.00000000,  0, 18.63238597, 1
0.00580258, -0.01489359, 0.00000000,  0, 18.66637015, 1
0.00575789, -0.01488866, 0.00000000,  0, 18.69792914, 1
0.00565917, -0.01485559, 0.00000000,  0, 18.74134517, 1
0.00553681, -0.01486267, 0.00000000,  0, 18.77205205, 1
0.00540048, -0.01490246, 0.00000000,  0, 18.80180502, 1
0.00523267, -0.01496946, 0.00000000,  0, 18.83176398, 1
0.00507248, -0.01503849, 0.00000000,  0, 18.86165094, 1
0.00490632, -0.01511835, 0.00000000,  0, 18.89608812, 1
0.00483857, -0.01515109, 0.00000000,  0, 18.92520308, 1
0.00475316, -0.01521344, 0.00000000,  0, 18.95555806, 1
0.00465100, -0.01526269, 0.00000000,  0, 18.98978400, 1
0.00459038, -0.01527640, 0.00000000,  0, 19.02447009, 1
0.00454201, -0.01527480, 0.00000000,  0, 19.05608106, 1
0.00450777, -0.01526712, 0.00000000,  0, 19.09379697, 1
0.00448351, -0.01524626, 0.00000000,  0, 19.13138604, 1
0.00447764, -0.01521554, 0.00000000,  0, 19.16392493, 1
0.00449254, -0.01518989, 0.00000000,  0, 19.19816995, 1
0.00452083, -0.01513360, 0.00000000,  0, 19.23271012, 1
0.00458237, -0.01507310, 0.00000000,  0, 19.26430011, 1
0.00464276, -0.01501548, 0.00000000,  0, 19.29654408, 1
0.00468020, -0.01495074, 0.00000000,  0, 19.33096099, 1
0.00454989, -0.01487317, 0.00000000,  0, 19.36471105, 1
0.00452132, -0.01481729, 0.00000000,  0, 19.39820313, 1
0.00453929, -0.01474041, 0.00000000,  0, 19.43329096, 1
0.00469503, -0.01463799, 0.00000000,  0, 19.47175694, 1
0.00491475, -0.01456294, 0.00000000,  0, 19.50509715, 1
0.00511187, -0.01452667, 0.00000000,  0, 19.53772116, 1
0.00534462, -0.01450869, 0.00000000,  0, 19.56894398, 1
0.00563744, -0.01450070, 0.00000000,  0, 19.59945798, 1
0.00596475, -0.01449729, 0.00000000,  0, 19.62928510, 1
0.00630441, -0.01449603, 0.00000000,  0, 19.66109896, 1
0.00665642, -0.01449580, 0.00000000,  0, 19.69181204, 1
0.00697054, -0.01451336, 0.00000000,  0, 19.72320294, 1
0.00724532, -0.01453926, 0.00000000,  0, 19.75468397, 1
0.00750422, -0.01456554, 0.00000000,  0, 19.78716993, 1
0.00775131, -0.01458119, 0.00000000,  0, 19.81837010, 1
0.00816911, -0.01455009, 0.00000000,  0, 19.86307812, 1
0.00848136, -0.01452240, 0.00000000,  0, 19.90039301, 1
0.00871592, -0.01448155, 0.00000000,  0, 19.93611407, 1
0.00893029, -0.01445977, 0.00000000,  0, 19.97030497, 1
0.00919720, -0.01440077, 0.00000000,  0, 20.00332999, 1
0.00937923, -0.01433914, 0.00000000,  0, 20.03677106, 1
0.00955315, -0.01428312, 0.00000000,  0, 20.06757212, 1
0.00968591, -0.01422228, 0.00000000,  0, 20.09843612, 1
0.00976647, -0.01416942, 0.00000000,  0, 20.12875915, 1
0.00983780, -0.01409999, 0.00000000,  0, 20.16614103, 1
0.00983312, -0.01404193, 0.00000000,  0, 20.20087314, 1
0.00976106, -0.01395397, 0.00000000,  0, 20.23619103, 1
0.00968463, -0.01389269, 0.00000000,  0, 20.27024198, 1
0.00960555, -0.01383071, 0.00000000,  0, 20.30446410, 1
0.00949489, -0.01377596, 0.00000000,  0, 20.33863711, 1
0.00937477, -0.01370995, 0.00000000,  0, 20.37319708, 1
0.00929605, -0.01364917, 0.00000000,  0, 20.40701509, 1
0.00921342, -0.01358286, 0.00000000,  0, 20.43929315, 1
0.00911434, -0.01352499, 0.00000000,  0, 20.46860194, 1
0.00900572, -0.01347603, 0.00000000,  0, 20.49740100, 1
0.00888856, -0.01342809, 0.00000000,  0, 20.52996206, 1
0.00884217, -0.01335112, 0.00000000,  0, 20.55846095, 1
0.00885068, -0.01324248, 0.00000000,  0, 20.58779407, 1
0.00885028, -0.01314035, 0.00000000,  0, 20.61991310, 1
0.00880575, -0.01305503, 0.00000000,  0, 20.65360808, 1
0.00871296, -0.01292609, 0.00000000,  0, 20.68581200, 1
0.00863034, -0.01282326, 0.00000000,  0, 20.71787214, 1
0.00855702, -0.01271232, 0.00000000,  0, 20.75231814, 1
0.00846227, -0.01261234, 0.00000000,  0, 20.78527212, 1
0.00834267, -0.01251581, 0.00000000,  0, 20.81708002, 1
0.00817553, -0.01240124, 0.00000000,  0, 20.84895015, 1
0.00810282, -0.01233707, 0.00000000,  0, 20.87584209, 1
0.00801717, -0.01225188, 0.00000000,  0, 20.90704513, 1
0.00791344, -0.01213688, 0.00000000,  0, 20.94280314, 1
0.00784285, -0.01205531, 0.00000000,  0, 20.97715211, 1
0.00776805, -0.01191864, 0.00000000,  0, 21.01427698, 1
0.00771669, -0.01181509, 0.00000000,  0, 21.04906201, 1
0.00770815, -0.01170033, 0.00000000,  0, 21.07788110, 1
0.00768381, -0.01160071, 0.00000000,  0, 21.11084414, 1
0.00763229, -0.01149355, 0.00000000,  0, 21.14481807, 1
0.00761530, -0.01143783, 0.00000000,  0, 21.17827010, 1
0.00765183, -0.01136567, 0.00000000,  0, 21.21719098, 1
0.00766448, -0.01132329, 0.00000000,  0, 21.25776601, 1
0.00770027, -0.01128886, 0.00000000,  0, 21.28656006, 1
0.00774836, -0.01127013, 0.00000000,  0, 21.31717706, 1
0.00785363, -0.01123396, 0.00000000,  0, 21.35442400, 1
0.00810483, -0.01120828, 0.00000000,  0, 21.40708303, 1
0.00826622, -0.01120749, 0.00000000,  0, 21.45426702, 1
0.00841333, -0.01120168, 0.00000000,  0, 21.49008608, 1
0.00850714, -0.01118810, 0.00000000,  0, 21.52144098, 1
0.00857256, -0.01117888, 0.00000000,  0, 21.55482602, 1
0.00862000, -0.01117630, 0.00000000,  0, 21.58818316, 1
0.00865071, -0.01117674, 0.00000000,  0, 21.61864614, 1
0.00867869, -0.01117841, 0.00000000,  0, 21.64889407, 1
0.00872335, -0.01118059, 0.00000000,  0, 21.67892313, 1
0.00883159, -0.01118371, 0.00000000,  0, 21.71332216, 1
0.00889711, -0.01118322, 0.00000000,  0, 21.74569011, 1
0.00896402, -0.01117400, 0.00000000,  0, 21.77749109, 1
0.00901141, -0.01117293, 0.00000000,  0, 21.80884194, 1
0.00905382, -0.01117467, 0.00000000,  0, 21.83953714, 1
0.00909156, -0.01119132, 0.00000000,  0, 21.87234211, 1
0.00915360, -0.01119838, 0.00000000,  0, 21.90246701, 1
0.00925930, -0.01119064, 0.00000000,  0, 21.93610597, 1
0.00936252, -0.01118594, 0.00000000,  0, 21.96602511, 1
0.00948169, -0.01118435, 0.00000000,  0, 21.99872994, 1
0.00957470, -0.01117965, 0.00000000,  0, 22.03396797, 1
0.00968844, -0.01117318, 0.00000000,  0, 22.06674409, 1
0.00973773, -0.01118319, 0.00000000,  0, 22.09405708, 1
0.00980420, -0.01125659, 0.00000000,  0, 22.12835813, 1
0.00987190, -0.01130579, 0.00000000,  0, 22.17237210, 1
0.00992867, -0.01135229, 0.00000000,  0, 22.21009612, 1
0.00996989, -0.01139718, 0.00000000,  0, 22.25238800, 1
0.00996722, -0.01143256, 0.00000000,  0, 22.28276300, 1
0.00995256, -0.01146356, 0.00000000,  0, 22.31910896, 1
0.00996361, -0.01147014, 0.00000000,  0, 22.35483813, 1
0.01000827, -0.01142002, 0.00000000,  0, 22.38418698, 1
0.01002539, -0.01136832, 0.00000000,  0, 22.41269612, 1
0.01003196, -0.01131540, 0.00000000,  0, 22.44450998, 1
0.01003373, -0.01127009, 0.00000000,  0, 22.47868204, 1
0.01004483, -0.01120952, 0.00000000,  0, 22.52103901, 1
0.01002382, -0.01118437, 0.00000000,  0, 22.55491710, 1
0.01002837, -0.01113716, 0.00000000,  0, 22.58420515, 1
0.01003976, -0.01108472, 0.00000000,  0, 22.61601615, 1
0.01007363, -0.01102606, 0.00000000,  0, 22.64815998, 1
0.01012355, -0.01097328, 0.00000000,  0, 22.67888403, 1
0.01021178, -0.01092374, 0.00000000,  0, 22.72290397, 1
0.01025397, -0.01085533, 0.00000000,  0, 22.76725507, 1
0.01029629, -0.01081035, 0.00000000,  0, 22.81200194, 1
0.01029807, -0.01079893, 0.00000000,  0, 22.85631895, 1
0.01031115, -0.01078057, 0.00000000,  0, 22.89173913, 1
0.01029043, -0.01077460, 0.00000000,  0, 22.92797995, 1
0.01028639, -0.01075652, 0.00000000,  0, 22.97134209, 1
0.01029429, -0.01075359, 0.00000000,  0, 23.00238013, 1
0.01032514, -0.01075996, 0.00000000,  0, 23.03740501, 1
0.01035995, -0.01077843, 0.00000000,  0, 23.07148814, 1
0.01038124, -0.01079148, 0.00000000,  0, 23.10260296, 1
0.01041247, -0.01080569, 0.00000000,  0, 23.13582611, 1
0.01043741, -0.01084280, 0.00000000,  0, 23.17646909, 1
0.01043649, -0.01088157, 0.00000000,  0, 23.20795107, 1
0.01045931, -0.01093585, 0.00000000,  0, 23.24419999, 1
0.01050760, -0.01096776, 0.00000000,  0, 23.27545094, 1
0.01056473, -0.01100396, 0.00000000,  0, 23.30729294, 1
0.01064030, -0.01104215, 0.00000000,  0, 23.33684111, 1
0.01070226, -0.01109692, 0.00000000,  0, 23.36671901, 1
0.01075703, -0.01114323, 0.00000000,  0, 23.40082407, 1
0.01086250, -0.01115172, 0.00000000,  0, 23.43136501, 1
0.01099542, -0.01114286, 0.00000000,  0, 23.45913911, 1
0.01110756, -0.01113870, 0.00000000,  0, 23.49259400, 1
0.01135186, -0.01111795, 0.00000000,  0, 23.52342105, 1
0.01156763, -0.01113125, 0.00000000,  0, 23.55748415, 1
0.01173029, -0.01116805, 0.00000000,  0, 23.59032702, 1
0.01187456, -0.01124871, 0.00000000,  0, 23.64307499, 1
0.01190028, -0.01136422, 0.00000000,  0, 23.69580793, 1
0.01205936, -0.01144227, 0.00000000,  0, 23.73947716, 1
0.01211683, -0.01154398, 0.00000000,  0, 23.77371502, 1
0.01210635, -0.01168235, 0.00000000,  0, 23.80677915, 1
0.01207944, -0.01175294, 0.00000000,  0, 23.83495307, 1
0.01198966, -0.01190457, 0.00000000,  0, 23.87406111, 1
0.01183930, -0.01209408, 0.00000000,  0, 23.91894913, 1
0.01174843, -0.01226030, 0.00000000,  0, 23.95903897, 1
0.01162038, -0.01244538, 0.00000000,  0, 24.00172997, 1
0.01153300, -0.01268129, 0.00000000,  0, 24.05658317, 1
0.01157754, -0.01288761, 0.00000000,  0, 24.10686803, 1
0.01164560, -0.01303854, 0.00000000,  0, 24.14962101, 1
0.01167958, -0.01320141, 0.00000000,  0, 24.18272710, 1
0.01181469, -0.01326788, 0.00000000,  0, 24.21780014, 1
0.01189557, -0.01340044, 0.00000000,  0, 24.25323510, 1
0.01193813, -0.01349891, 0.00000000,  0, 24.28790712, 1
0.01211279, -0.01359442, 0.00000000,  0, 24.32354903, 1
0.01223533, -0.01366853, 0.00000000,  0, 24.35505295, 1
0.01230801, -0.01373941, 0.00000000,  0, 24.38936496, 1
0.01232150, -0.01380907, 0.00000000,  0, 24.42078209, 1
0.01235880, -0.01383761, 0.00000000,  0, 24.45407510, 1
0.01264384, -0.01377253, 0.00000000,  0, 24.49885011, 1
0.01265849, -0.01378240, 0.00000000,  0, 24.53179502, 1
0.01261823, -0.01382068, 0.00000000,  0, 24.56090808, 1
0.01253298, -0.01388145, 0.00000000,  0, 24.59148598, 1
0.01246499, -0.01392814, 0.00000000,  0, 24.62425613, 1
0.01239354, -0.01398595, 0.00000000,  0, 24.65772510, 1
0.01231691, -0.01407205, 0.00000000,  0, 24.69076300, 1
0.01225029, -0.01414702, 0.00000000,  0, 24.72554302, 1
0.01218558, -0.01424390, 0.00000000,  0, 24.76153398, 1
0.01214687, -0.01432187, 0.00000000,  0, 24.79851794, 1
0.01209520, -0.01442062, 0.00000000,  0, 24.83015609, 1
0.01195064, -0.01460031, 0.00000000,  0, 24.86729693, 1
0.01165709, -0.01480977, 0.00000000,  0, 24.90443206, 1
0.01151217, -0.01491940, 0.00000000,  0, 24.93580198, 1
0.01141873, -0.01497889, 0.00000000,  0, 24.96833801, 1
0.01134509, -0.01502866, 0.00000000,  0, 25.00047803, 1
0.01124820, -0.01507225, 0.00000000,  0, 25.03213215, 1
0.01128275, -0.01503516, 0.00000000,  0, 25.06352615, 1
0.01123816, -0.01502886, 0.00000000,  0, 25.09431696, 1
0.01114334, -0.01503196, 0.00000000,  0, 25.12548113, 1
0.01102246, -0.01503129, 0.00000000,  0, 25.15466595, 1
0.01092981, -0.01503867, 0.00000000,  0, 25.18624806, 1
0.01087275, -0.01503378, 0.00000000,  0, 25.21764207, 1
0.01086603, -0.01503594, 0.00000000,  0, 25.24940515, 1
0.01086690, -0.01506473, 0.00000000,  0, 25.27977014, 1
0.01091031, -0.01508987, 0.00000000,  0, 25.31053615, 1
0.01095202, -0.01513038, 0.00000000,  0, 25.34041095, 1
0.01100758, -0.01518019, 0.00000000,  0, 25.37324715, 1
0.01107494, -0.01524487, 0.00000000,  0, 25.41498303, 1
0.01113042, -0.01528517, 0.00000000,  0, 25.45193505, 1
0.01120067, -0.01528808, 0.00000000,  0, 25.48479104, 1
0.01130955, -0.01528342, 0.00000000,  0, 25.51740003, 1
0.01145031, -0.01526686, 0.00000000,  0, 25.55190301, 1
0.01164730, -0.01524089, 0.00000000,  0, 25.59060001, 1
0.01186447, -0.01517593, 0.00000000,  0, 25.63563299, 1
0.01196190, -0.01514637, 0.00000000,  0, 25.68132997, 1
0.01197687, -0.01518520, 0.00000000,  0, 25.72225308, 1
0.01195949, -0.01523500, 0.00000000,  0, 25.76372504, 1
0.01195374, -0.01527307, 0.00000000,  0, 25.79565907, 1
0.01191255, -0.01536571, 0.00000000,  0, 25.82561612, 1
0.01186483, -0.01545588, 0.00000000,  0, 25.85801911, 1
0.01180551, -0.01555056, 0.00000000,  0, 25.88944316, 1
0.01177317, -0.01559253, 0.00000000,  0, 25.91947007, 1
0.01175378, -0.01560294, 0.00000000,  0, 25.95175409, 1
0.01173379, -0.01558287, 0.00000000,  0, 25.98414707, 1
0.01173216, -0.01553406, 0.00000000,  0, 26.02029204, 1
0.01167341, -0.01549836, 0.00000000,  0, 26.05323100, 1
0.01157152, -0.01550127, 0.00000000,  0, 26.08499599, 1
0.01144827, -0.01551200, 0.00000000,  0, 26.11873007, 1
0.01137335, -0.01546301, 0.00000000,  0, 26.15131807, 1
0.01121537, -0.01554872, 0.00000000,  0, 26.18343616, 1
0.01116184, -0.01555638, 0.00000000,  0, 26.21138716, 1
0.01109137, -0.01552347, 0.00000000,  0, 26.24386716, 1
0.01106190, -0.01543871, 0.00000000,  0, 26.27200794, 1
0.01102961, -0.01535819, 0.00000000,  0, 26.30235815, 1
0.01101438, -0.01526606, 0.00000000,  0, 26.33153105, 1
0.01103425, -0.01514007, 0.00000000,  0, 26.36070609, 1
0.01104979, -0.01508335, 0.00000000,  0, 26.39037204, 1
0.01106594, -0.01506138, 0.00000000,  0, 26.41810513, 1
0.01105731, -0.01505898, 0.00000000,  0, 26.44801712, 1
0.01106022, -0.01506130, 0.00000000,  0, 26.47861004, 1
0.01113096, -0.01501934, 0.00000000,  0, 26.52331901, 1
0.01121252, -0.01498883, 0.00000000,  0, 26.56495595, 1
0.01138477, -0.01491255, 0.00000000,  0, 26.60919714, 1
0.01158260, -0.01481555, 0.00000000,  0, 26.65335417, 1
0.01184084, -0.01469498, 0.00000000,  0, 26.69721913, 1
0.01206126, -0.01460670, 0.00000000,  0, 26.72758913, 1
0.01228837, -0.01451670, 0.00000000,  0, 26.75472403, 1
0.01250719, -0.01442224, 0.00000000,  0, 26.78294611, 1
0.01275557, -0.01428419, 0.00000000,  0, 26.81440616, 1
0.01301338, -0.01416730, 0.00000000,  0, 26.85509610, 1
0.01322059, -0.01406366, 0.00000000,  0, 26.88558316, 1
0.01343941, -0.01393563, 0.00000000,  0, 26.91649294, 1
0.01362338, -0.01382855, 0.00000000,  0, 26.94763017, 1
0.01378812, -0.01373700, 0.00000000,  0, 26.98094201, 1
0.01397991, -0.01362932, 0.00000000,  0, 27.01280999, 1
0.01418641, -0.01351539, 0.00000000,  0, 27.04066896, 1
0.01435336, -0.01344446, 0.00000000,  0, 27.07532716, 1
0.01457875, -0.01333731, 0.00000000,  0, 27.10837197, 1
0.01473193, -0.01325588, 0.00000000,  0, 27.14288402, 1
0.01490546, -0.01317616, 0.00000000,  0, 27.17614794, 1
0.01500579, -0.01312029, 0.00000000,  0, 27.20673013, 1
0.01511337, -0.01306168, 0.00000000,  0, 27.23858500, 1
0.01518118, -0.01304452, 0.00000000,  0, 27.27438807, 1
0.01527731, -0.01303766, 0.00000000,  0, 27.31128216, 1
0.01533374, -0.01302715, 0.00000000,  0, 27.34921694, 1
0.01538693, -0.01301672, 0.00000000,  0, 27.38047314, 1
0.01543041, -0.01298930, 0.00000000,  0, 27.41106105, 1
0.01543792, -0.01297642, 0.00000000,  0, 27.44000411, 1
0.01542950, -0.01294364, 0.00000000,  0, 27.47264409, 1
0.01540351, -0.01293314, 0.00000000,  0, 27.50480604, 1
0.01538749, -0.01291731, 0.00000000,  0, 27.53771496, 1
0.01540550, -0.01293532, 0.00000000,  0, 27.56769204, 1
0.01540940, -0.01296690, 0.00000000,  0, 27.60288405, 1
0.01549916, -0.01301192, 0.00000000,  0, 27.63853598, 1
0.01560140, -0.01313204, 0.00000000,  0, 27.68329501, 1
0.01573113, -0.01336900, 0.00000000,  0, 27.73716903, 1
0.01582562, -0.01347400, 0.00000000,  0, 27.77251601, 1
0.01593261, -0.01361139, 0.00000000,  0, 27.80743003, 1
0.01595074, -0.01374725, 0.00000000,  0, 27.83756614, 1
0.01598376, -0.01389012, 0.00000000,  0, 27.86987901, 1
0.01606742, -0.01409682, 0.00000000,  0, 27.91009402, 1
0.01599692, -0.01435494, 0.00000000,  0, 27.96206903, 1
0.01587222, -0.01450826, 0.00000000,  0, 27.99433899, 1
0.01571889, -0.01467468, 0.00000000,  0, 28.02758002, 1
0.01556375, -0.01484655, 0.00000000,  0, 28.06021810, 1
0.01539188, -0.01503781, 0.00000000,  0, 28.08890200, 1
0.01517556, -0.01524466, 0.00000000,  0, 28.12122202, 1
0.01493713, -0.01544815, 0.00000000,  0, 28.15001702, 1
0.01457926, -0.01564735, 0.00000000,  0, 28.18391299, 1
0.01427908, -0.01574896, 0.00000000,  0, 28.21391916, 1
0.01399853, -0.01583293, 0.00000000,  0, 28.24444103, 1
0.01384426, -0.01587077, 0.00000000,  0, 28.27416110, 1
0.01359258, -0.01591854, 0.00000000,  0, 28.31198812, 1
0.01350825, -0.01593019, 0.00000000,  0, 28.34403801, 1
0.01347451, -0.01593260, 0.00000000,  0, 28.37631106, 1
0.01343065, -0.01593065, 0.00000000,  0, 28.40734100, 1
0.01337657, -0.01592226, 0.00000000,  0, 28.44495010, 1
0.01337151, -0.01590751, 0.00000000,  0, 28.48025799, 1
0.01338518, -0.01588934, 0.00000000,  0, 28.51035595, 1
0.01344794, -0.01584889, 0.00000000,  0, 28.53969502, 1
0.01350148, -0.01581899, 0.00000000,  0, 28.57217002, 1
0.01363019, -0.01575088, 0.00000000,  0, 28.60300708, 1
0.01379381, -0.01566183, 0.00000000,  0, 28.63457012, 1
0.01406578, -0.01552447, 0.00000000,  0, 28.66833997, 1
0.01440627, -0.01528582, 0.00000000,  0, 28.72262812, 1
0.01460196, -0.01503871, 0.00000000,  0, 28.77610016, 1
0.01470428, -0.01478291, 0.00000000,  0, 28.81959009, 1
0.01480335, -0.01459986, 0.00000000,  0, 28.85087395, 1
0.01491816, -0.01442834, 0.00000000,  0, 28.88116097, 1
0.01501945, -0.01426156, 0.00000000,  0, 28.91290498, 1
0.01512065, -0.01408979, 0.00000000,  0, 28.94228506, 1
0.01521905, -0.01393269, 0.00000000,  0, 28.97369313, 1
0.01527900, -0.01378278, 0.00000000,  0, 29.00922012, 1
0.01531589, -0.01363606, 0.00000000,  0, 29.04077816, 1
0.01535082, -0.01349065, 0.00000000,  0, 29.07142901, 1
0.01539865, -0.01334578, 0.00000000,  0, 29.10204911, 1
0.01544944, -0.01320304, 0.00000000,  0, 29.13243914, 1
0.01547756, -0.01305179, 0.00000000,  0, 29.16340494, 1
0.01550563, -0.01284013, 0.00000000,  0, 29.19718814, 1
0.01553028, -0.01267663, 0.00000000,  0, 29.23155713, 1
0.01555859, -0.01252416, 0.00000000,  0, 29.26422095, 1
0.01556434, -0.01237758, 0.00000000,  0, 29.29301405, 1
0.01556792, -0.01223444, 0.00000000,  0, 29.32246494, 1
0.01557569, -0.01212072, 0.00000000,  0, 29.35239697, 1
0.01558456, -0.01203170, 0.00000000,  0, 29.38145208, 1
0.01560356, -0.01195447, 0.00000000,  0, 29.41036701, 1
0.01562843, -0.01186988, 0.00000000,  0, 29.45776200, 1
0.01555817, -0.01178906, 0.00000000,  0, 29.51171303, 1
0.01545293, -0.01166763, 0.00000000,  0, 29.55334902, 1
0.01537824, -0.01156825, 0.00000000,  0, 29.58598900, 1
0.01528775, -0.01146019, 0.00000000,  0, 29.61998701, 1
0.01523639, -0.01141854, 0.00000000,  0, 29.64889503, 1
0.01516707, -0.01134529, 0.00000000,  0, 29.68215704, 1
0.01512546, -0.01130731, 0.00000000,  0, 29.71961999, 1
0.01512371, -0.01126974, 0.00000000,  0, 29.75118303, 1
0.01512709, -0.01124446, 0.00000000,  0, 29.78086400, 1
0.01510788, -0.01122216, 0.00000000,  0, 29.81116915, 1
0.01503818, -0.01118539, 0.00000000,  0, 29.84620500, 1
0.01500126, -0.01114512, 0.00000000,  0, 29.87902498, 1
0.01498418, -0.01110351, 0.00000000,  0, 29.91136909, 1
0.01499427, -0.01106686, 0.00000000,  0, 29.94333196, 1
0.01500426, -0.01103266, 0.00000000,  0, 29.97479701, 1
0.01501749, -0.01100793, 0.00000000,  0, 30.00463915, 1
0.01501876, -0.01101166, 0.00000000,  0, 30.03546000, 1
0.01504255, -0.01103889, 0.00000000,  0, 30.06668901, 1
0.01508380, -0.01107933, 0.00000000,  0, 30.09592795, 1
0.01512540, -0.01114239, 0.00000000,  0, 30.12547302, 1
0.01512335, -0.01125407, 0.00000000,  0, 30.15386105, 1
0.01515697, -0.01136184, 0.00000000,  0, 30.18362498, 1
0.01518304, -0.01148167, 0.00000000,  0, 30.21342611, 1
0.01520814, -0.01159639, 0.00000000,  0, 30.24295712, 1
0.01525824, -0.01171041, 0.00000000,  0, 30.27469707, 1
0.01534452, -0.01186770, 0.00000000,  0, 30.31541395, 1
0.01540863, -0.01201067, 0.00000000,  0, 30.34443307, 1
0.01543574, -0.01216471, 0.00000000,  0, 30.37826204, 1
0.01544513, -0.01231391, 0.00000000,  0, 30.41215611, 1
0.01547260, -0.01251108, 0.00000000,  0, 30.44409394, 1
0.01550478, -0.01268029, 0.00000000,  0, 30.47540116, 1
0.01555605, -0.01286127, 0.00000000,  0, 30.50844312, 1
0.01565628, -0.01303654, 0.00000000,  0, 30.53928399, 1
0.01580901, -0.01319875, 0.00000000,  0, 30.56815004, 1
0.01597719, -0.01335154, 0.00000000,  0, 30.60203409, 1
0.01611532, -0.01349858, 0.00000000,  0, 30.63428402, 1
0.01629430, -0.01366296, 0.00000000,  0, 30.66848803, 1
0.01640423, -0.01376542, 0.00000000,  0, 30.70239902, 1
0.01652206, -0.01385010, 0.00000000,  0, 30.73191309, 1
0.01659216, -0.01393437, 0.00000000,  0, 30.76283312, 1
0.01659816, -0.01403438, 0.00000000,  0, 30.79660296, 1
0.01661239, -0.01413680, 0.00000000,  0, 30.82828593, 1
0.01660378, -0.01425139, 0.00000000,  0, 30.85911202, 1
0.01656392, -0.01437807, 0.00000000,  0, 30.88872409, 1
0.01649677, -0.01453611, 0.00000000,  0, 30.92190003, 1
0.01641164, -0.01466311, 0.00000000,  0, 30.95136595, 1
0.01630493, -0.01481087, 0.00000000,  0, 30.98574305, 1
0.01623370, -0.01494524, 0.00000000,  0, 31.01954103, 1
0.01620011, -0.01514276, 0.00000000,  0, 31.05271602, 1
0.01620270, -0.01529128, 0.00000000,  0, 31.08615208, 1
0.01620649, -0.01549351, 0.00000000,  0, 31.12517810, 1
0.01623881, -0.01563376, 0.00000000,  0, 31.15783811, 1
0.01627601, -0.01575173, 0.00000000,  0, 31.18858099, 1
0.01631458, -0.01585784, 0.00000000,  0, 31.21833014, 1
0.01635752, -0.01593881, 0.00000000,  0, 31.25014400, 1
0.01638123, -0.01598849, 0.00000000,  0, 31.27884698, 1
0.01641404, -0.01602900, 0.00000000,  0, 31.30984712, 1
0.01644192, -0.01606643, 0.00000000,  0, 31.34555602, 1
0.01646886, -0.01612089, 0.00000000,  0, 31.37887716, 1
0.01646209, -0.01617641, 0.00000000,  0, 31.40950894, 1
0.01640430, -0.01625962, 0.00000000,  0, 31.45106602, 1
0.01635009, -0.01633427, 0.00000000,  0, 31.49477005, 1
0.01625843, -0.01641716, 0.00000000,  0, 31.53006005, 1
0.01618730, -0.01647088, 0.00000000,  0, 31.56922913, 1
0.01610906, -0.01655150, 0.00000000,  0, 31.60284114, 1
0.01607025, -0.01659170, 0.00000000,  0, 31.62950015, 1
0.01604446, -0.01663264, 0.00000000,  0, 31.65732598, 1
0.01598492, -0.01665404, 0.00000000,  0, 31.68803310, 1
0.01590871, -0.01666140, 0.00000000,  0, 31.71868896, 1
0.01583439, -0.01666236, 0.00000000,  0, 31.75071001, 1
0.01574117, -0.01665947, 0.00000000,  0, 31.78314114, 1
0.01570030, -0.01665614, 0.00000000,  0, 31.81478500, 1
0.01565719, -0.01663627, 0.00000000,  0, 31.86291003, 1
0.01561584, -0.01662779, 0.00000000,  0, 31.89238596, 1
0.01559049, -0.01661496, 0.00000000,  0, 31.92476702, 1
0.01556906, -0.01658211, 0.00000000,  0, 31.95751595, 1
0.01555553, -0.01656395, 0.00000000,  0, 31.98754907, 1
0.01556449, -0.01654467, 0.00000000,  0, 32.02423215, 1
0.01558828, -0.01653743, 0.00000000,  0, 32.05352116, 1
0.01560684, -0.01653284, 0.00000000,  0, 32.08403516, 1
0.01562312, -0.01652080, 0.00000000,  0, 32.11861110, 1
0.01564461, -0.01651024, 0.00000000,  0, 32.14841199, 1
0.01565290, -0.01648397, 0.00000000,  0, 32.17901611, 1
0.01566056, -0.01642995, 0.00000000,  0, 32.21280909, 1
0.01568127, -0.01642275, 0.00000000,  0, 32.23983407, 1
0.01574199, -0.01643681, 0.00000000,  0, 32.27016306, 1
0.01580009, -0.01649952, 0.00000000,  0, 32.30608702, 1
0.01583065, -0.01656153, 0.00000000,  0, 32.33654308, 1
0.01587971, -0.01662893, 0.00000000,  0, 32.36665201, 1
0.01594568, -0.01669878, 0.00000000,  0, 32.39883399, 1
0.01603910, -0.01679774, 0.00000000,  0, 32.43456602, 1
0.01607677, -0.01686314, 0.00000000,  0, 32.46357799, 1
0.01605318, -0.01700296, 0.00000000,  0, 32.49660707, 1
0.01600686, -0.01709368, 0.00000000,  0, 32.53123903, 1
0.01595386, -0.01720925, 0.00000000,  0, 32.56521010, 1
0.01590974, -0.01734086, 0.00000000,  0, 32.59508705, 1
0.01584956, -0.01747943, 0.00000000,  0, 32.62396312, 1
0.01578890, -0.01763148, 0.00000000,  0, 32.65627003, 1
0.01571855, -0.01782968, 0.00000000,  0, 32.68872595, 1
0.01567764, -0.01798812, 0.00000000,  0, 32.72005296, 1
0.01565440, -0.01817953, 0.00000000,  0, 32.75236201, 1
0.01564452, -0.01841659, 0.00000000,  0, 32.78187609, 1
0.01565309, -0.01864778, 0.00000000,  0, 32.81517005, 1
0.01568856, -0.01885126, 0.00000000,  0, 32.84512305, 1
0.01575173, -0.01905148, 0.00000000,  0, 32.87450004, 1
0.01582495, -0.01922611, 0.00000000,  0, 32.90505195, 1
0.01591535, -0.01938542, 0.00000000,  0, 32.93827510, 1
0.01601266, -0.01952955, 0.00000000,  0, 32.98177910, 1
0.01609232, -0.01967318, 0.00000000,  0, 33.02602315, 1
0.01613740, -0.01975854, 0.00000000,  0, 33.06500816, 1
0.01611390, -0.01976125, 0.00000000,  0, 33.09691501, 1
0.01604484, -0.01973154, 0.00000000,  0, 33.12781811, 1
0.01593713, -0.01970340, 0.00000000,  0, 33.15990615, 1
0.01581617, -0.01965866, 0.00000000,  0, 33.19077301, 1
0.01565009, -0.01962091, 0.00000000,  0, 33.22228003, 1
0.01548550, -0.01958221, 0.00000000,  0, 33.25583005, 1
0.01523657, -0.01953308, 0.00000000,  0, 33.29042816, 1
0.01503111, -0.01952202, 0.00000000,  0, 33.32284212, 1
0.01482880, -0.01946331, 0.00000000,  0, 33.35694599, 1
0.01467451, -0.01934734, 0.00000000,  0, 33.38923812, 1
0.01452255, -0.01918865, 0.00000000,  0, 33.42107916, 1
0.01444700, -0.01909005, 0.00000000,  0, 33.45340300, 1
0.01438842, -0.01898216, 0.00000000,  0, 33.48741198, 1
0.01435248, -0.01885529, 0.00000000,  0, 33.51997495, 1
0.01431726, -0.01883404, 0.00000000,  0, 33.55347395, 1
0.01431504, -0.01891628, 0.00000000,  0, 33.58885503, 1
0.01430950, -0.01903058, 0.00000000,  0, 33.61751699, 1
0.01427812, -0.01920417, 0.00000000,  0, 33.64931798, 1
0.01424828, -0.01951630, 0.00000000,  0, 33.68413901, 1
0.01422429, -0.02005759, 0.00000000,  0, 33.71836209, 1
0.01421312, -0.02045039, 0.00000000,  0, 33.74746513, 1
0.01417282, -0.02075578, 0.00000000,  0, 33.78000712, 1
0.01409796, -0.02098682, 0.00000000,  0, 33.80767298, 1
0.01404776, -0.02113417, 0.00000000,  0, 33.83604813, 1
0.01395856, -0.02135322, 0.00000000,  0, 33.86422014, 1
0.01386625, -0.02160312, 0.00000000,  0, 33.89425898, 1
0.01374191, -0.02184458, 0.00000000,  0, 33.92744803, 1
0.01365556, -0.02202280, 0.00000000,  0, 33.95708013, 1
0.01355511, -0.02215063, 0.00000000,  0, 33.99163914, 1
0.01344124, -0.02220391, 0.00000000,  0, 34.03289104, 1
0.01335538, -0.02224020, 0.00000000,  0, 34.06714702, 1
0.01326554, -0.02225008, 0.00000000,  0, 34.09721303, 1
0.01319457, -0.02222244, 0.00000000,  0, 34.12584114, 1
0.01313609, -0.02222549, 0.00000000,  0, 34.15224814, 1
0.01309854, -0.02223836, 0.00000000,  0, 34.17887497, 1
0.01305567, -0.02224971, 0.00000000,  0, 34.20760608, 1
0.01302519, -0.02223786, 0.00000000,  0, 34.23896813, 1
0.01297543, -0.02220602, 0.00000000,  0, 34.26970005, 1
0.01296818, -0.02211062, 0.00000000,  0, 34.29830408, 1
0.01298745, -0.02196995, 0.00000000,  0, 34.33264709, 1
0.01300763, -0.02179942, 0.00000000,  0, 34.36356902, 1
0.01305499, -0.02159675, 0.00000000,  0, 34.39274597, 1
0.01310754, -0.02138278, 0.00000000,  0, 34.42631197, 1
0.01319233, -0.02107582, 0.00000000,  0, 34.46609712, 1
0.01323038, -0.02084737, 0.00000000,  0, 34.50655603, 1
0.01327541, -0.02059846, 0.00000000,  0, 34.54243517, 1
