-0.00001452, -0.00001149, 0.00000000,  0, 0.03117085, 0
-0.00004182, -0.00002725, 0.00000000,  0, 0.06293583, 0
-0.00007680, -0.00003924, 0.00000000,  0, 0.09168887, 0
-0.00011476, -0.00004652, 0.00000000,  0, 0.12108994, 0
-0.00014975, -0.00005188, 0.00000000,  0, 0.14705300, 0
-0.00016668, -0.00005466, 0.00000000,  0, 0.17485881, 0
-0.00018898, -0.00005796, 0.00000000,  0, 0.20534587, 0
-0.00022776, -0.00006972, 0.00000000,  0, 0.23750997, 0
-0.00024068, -0.00008416, 0.00000000,  0, 0.27058291, 0
-0.00022174, -0.00008483, 0.00000000,  0, 0.30656981, 0
-0.00020679, -0.00008009, 0.00000000,  0, 0.33482385, 0
-0.00020705, -0.00006525, 0.00000000,  0, 0.36746192, 0
-0.00023390, 0.00000556, 0.00000000,  0, 0.39710999, 0
-0.00029292, 0.00011744, 0.00000000,  0, 0.42798090, 0
-0.00039198, 0.00026166, 0.00000000,  0, 0.46398687, 0
-0.00054833, 0.00044947, 0.00000000,  0, 0.49080682, 0
-0.00074056, 0.00066506, 0.00000000,  0, 0.52212286, 0
-0.00104428, 0.00096278, 0.00000000,  0, 0.55681682, 0
-0.00130700, 0.00119872, 0.00000000,  0, 0.59323788, 0
-0.00160152, 0.00144655, 0.00000000,  0, 0.62495494, 0
-0.00193011, 0.00169993, 0.00000000,  0, 0.65472484, 0
-0.00218727, 0.00186463, 0.00000000,  0, 0.67831087, 0
-0.00259048, 0.00210434, 0.00000000,  0, 0.70444989, 0
-0.00287474, 0.00226107, 0.00000000,  0, 0.72749496, 0
-0.00344782, 0.00256774, 0.00000000,  0, 0.76288199, 0
-0.00375816, 0.00270825, 0.00000000,  0, 0.78844881, 0
-0.00423373, 0.00288184, 0.00000000,  0, 0.81626987, 0
-0.00486606, 0.00306985, 0.00000000,  0, 0.85280490, 0
-0.00531651, 0.00318711, 0.00000000,  0, 0.88633084, 0
-0.00575580, 0.00332476, 0.00000000,  0, 0.91309786, 0
-0.00605177, 0.00344393, 0.00000000,  0, 0.93886280, 0
-0.00649150, 0.00364955, 0.00000000,  0, 0.96715379, 0
-0.00692978, 0.00388735, 0.00000000,  0, 0.99429178, 0
-0.00722035, 0.00406599, 0.00000000,  0, 1.02067685, 0
-0.00779896, 0.00443692, 0.00000000,  0, 1.05610800, 0
-0.00820950, 0.00470616, 0.00000000,  0, 1.08582783, 0
-0.00848348, 0.00488959, 0.00000000,  0, 1.11555600, 0
-0.00889980, 0.00516832, 0.00000000,  0, 1.13940787, 0
-0.00917943, 0.00535532, 0.00000000,  0, 1.16619492, 0
-0.00960970, 0.00561811, 0.00000000,  0, 1.19219184, 0
-0.00991995, 0.00578526, 0.00000000,  0, 1.21438384, 0
-0.01042419, 0.00602717, 0.00000000,  0, 1.24329400, 0
-0.01076886, 0.00618368, 0.00000000,  0, 1.26773381, 0
-0.01129456, 0.00641356, 0.00000000,  0, 1.29544187, 0
-0.01163304, 0.00656404, 0.00000000,  0, 1.31652880, 0
-0.01213620, 0.00682621, 0.00000000,  0, 1.34224081, 0
-0.01246302, 0.00701579, 0.00000000,  0, 1.36369991, 0
-0.01278863, 0.00721569, 0.00000000,  0, 1.38457489, 0
-0.01327052, 0.00753993, 0.00000000,  0, 1.41173291, 0
-0.01359420, 0.00777395, 0.00000000,  0, 1.43793988, 0
-0.01407466, 0.00813517, 0.00000000,  0, 1.46449590, 0
-0.01437387, 0.00836463, 0.00000000,  0, 1.49130797, 0
-0.01481204, 0.00870778, 0.00000000,  0, 1.51947188, 0
-0.01522750, 0.00903612, 0.00000000,  0, 1.54590797, 0
-0.01562533, 0.00935255, 0.00000000,  0, 1.58212495, 0
-0.01601843, 0.00965881, 0.00000000,  0, 1.60886598, 0
-0.01629603, 0.00985590, 0.00000000,  0, 1.63277483, 0
-0.01672486, 0.01013001, 0.00000000,  0, 1.65867782, 0
-0.01701030, 0.01030217, 0.00000000,  0, 1.68210578, 0
-0.01742644, 0.01054978, 0.00000000,  0, 1.70991588, 0
-0.01782069, 0.01076503, 0.00000000,  0, 1.74624085, 0
-0.01819356, 0.01095873, 0.00000000,  0, 1.77585196, 0
-0.01852160, 0.01113259, 0.00000000,  0, 1.80469394, 0
-0.01881349, 0.01127605, 0.00000000,  0, 1.83091187, 0
-0.01898837, 0.01135882, 0.00000000,  0, 1.85548091, 0
-0.01920717, 0.01145709, 0.00000000,  0, 1.88324499, 0
-0.01937426, 0.01152095, 0.00000000,  0, 1.90984797, 0
-0.01946521, 0.01154888, 0.00000000,  0, 1.93730688, 0
-0.01956917, 0.01155865, 0.00000000,  0, 1.96147799, 0
-0.01962423, 0.01155587, 0.00000000,  0, 1.98961186, 0
-0.01967403, 0.01155012, 0.00000000,  0, 2.01641798, 0
-0.01968236, 0.01154539, 0.00000000,  0, 2.04091597, 0
-0.01966766, 0.01152077, 0.00000000,  0, 2.06486177, 0
-0.01964550, 0.01149474, 0.00000000,  0, 2.08977890, 0
-0.01959710, 0.01144399, 0.00000000,  0, 2.11614490, 0
-0.01955784, 0.01140471, 0.00000000,  0, 2.13857079, 0
-0.01951453, 0.01136228, 0.00000000,  0, 2.16017199, 0
-0.01944066, 0.01129120, 0.00000000,  0, 2.18708992, 0
-0.01938984, 0.01124284, 0.00000000,  0, 2.21141982, 0
-0.01933761, 0.01119345, 0.00000000,  0, 2.23431087, 0
-0.01925676, 0.01113008, 0.00000000,  0, 2.25879192, 0
-0.01920165, 0.01109762, 0.00000000,  0, 2.28339577, 0
-0.01911769, 0.01104443, 0.00000000,  0, 2.31316185, 0
-0.01900440, 0.01097899, 0.00000000,  0, 2.34911489, 0
-0.01894747, 0.01095118, 0.00000000,  0, 2.37385988, 0
-0.01889123, 0.01092806, 0.00000000,  0, 2.39491177, 0
-0.01884493, 0.01090882, 0.00000000,  0, 2.41654682, 0
-0.01877101, 0.01088580, 0.00000000,  0, 2.44460583, 0
-0.01869422, 0.01086735, 0.00000000,  0, 2.47163892, 0
-0.01864112, 0.01085708, 0.00000000,  0, 2.49499083, 0
-0.01859507, 0.01084812, 0.00000000,  0, 2.51856399, 0
-0.01852578, 0.01083312, 0.00000000,  0, 2.55621696, 0
-0.01847725, 0.01082088, 0.00000000,  0, 2.59338999, 0
-0.01844988, 0.01081943, 0.00000000,  0, 2.61984992, 0
-0.01838180, 0.01082653, 0.00000000,  0, 2.64936900, 0
-0.01830487, 0.01082967, 0.00000000,  0, 2.67620182, 0
-0.01819740, 0.01083342, 0.00000000,  0, 2.70424390, 0
-0.01812898, 0.01084582, 0.00000000,  0, 2.72980285, 0
-0.01802869, 0.01087843, 0.00000000,  0, 2.75408387, 0
-0.01797303, 0.01090568, 0.00000000,  0, 2.77590394, 0
-0.01790690, 0.01095310, 0.00000000,  0, 2.80967784, 0
-0.01786236, 0.01100708, 0.00000000,  0, 2.83761382, 0
-0.01784727, 0.01104556, 0.00000000,  0, 2.86272383, 0
-0.01783574, 0.01110633, 0.00000000,  0, 2.89079189, 0
-0.01784595, 0.01116945, 0.00000000,  0, 2.91725492, 0
-0.01786323, 0.01121266, 0.00000000,  0, 2.94480300, 0
-0.01790509, 0.01128281, 0.00000000,  0, 2.96942377, 0
-0.01794800, 0.01133070, 0.00000000,  0, 2.99641395, 0
-0.01802439, 0.01142167, 0.00000000,  0, 3.02397490, 0
-0.01808119, 0.01149075, 0.00000000,  0, 3.04906297, 0
-0.01818058, 0.01160449, 0.00000000,  0, 3.07416081, 0
-0.01830790, 0.01174202, 0.00000000,  0, 3.11004877, 0
-0.01850087, 0.01192770, 0.00000000,  0, 3.14563298, 0
-0.01866968, 0.01206839, 0.00000000,  0, 3.17637396, 0
-0.01885156, 0.01220979, 0.00000000,  0, 3.20507288, 0
-0.01896780, 0.01230405, 0.00000000,  0, 3.22916698, 0
-0.01914845, 0.01244542, 0.00000000,  0, 3.25357389, 0
-0.01926388, 0.01253737, 0.00000000,  0, 3.27697778, 0
-0.01942838, 0.01266527, 0.00000000,  0, 3.30485678, 0
-0.01953580, 0.01275146, 0.00000000,  0, 3.33201385, 0
-0.01969283, 0.01286829, 0.00000000,  0, 3.35648799, 0
-0.01979320, 0.01294160, 0.00000000,  0, 3.38305879, 0
-0.01998115, 0.01309125, 0.00000000,  0, 3.41595578, 0
-0.02006145, 0.01315804, 0.00000000,  0, 3.43845797, 0
-0.02012822, 0.01322060, 0.00000000,  0, 3.46383691, 0
-0.02022496, 0.01331919, 0.00000000,  0, 3.48897290, 0
-0.02027624, 0.01337160, 0.00000000,  0, 3.51646399, 0
-0.02034788, 0.01344532, 0.00000000,  0, 3.54802489, 0
-0.02037196, 0.01347038, 0.00000000,  0, 3.57169199, 0
-0.02039660, 0.01350974, 0.00000000,  0, 3.60048699, 0
-0.02039308, 0.01353902, 0.00000000,  0, 3.63732290, 0
-0.02037663, 0.01355975, 0.00000000,  0, 3.66365290, 0
-0.02036811, 0.01355744, 0.00000000,  0, 3.68641591, 0
-0.02036040, 0.01354607, 0.00000000,  0, 3.71104884, 0
-0.02033473, 0.01351324, 0.00000000,  0, 3.73899579, 0
-0.02029267, 0.01346645, 0.00000000,  0, 3.76764083, 0
-0.02022051, 0.01339554, 0.00000000,  0, 3.80524397, 0
-0.02015826, 0.01334562, 0.00000000,  0, 3.84249187, 0
-0.02009291, 0.01328316, 0.00000000,  0, 3.87992096, 0
-0.02002484, 0.01321284, 0.00000000,  0, 3.91752696, 0
-0.01996568, 0.01316306, 0.00000000,  0, 3.95491290, 0
-0.01990067, 0.01312350, 0.00000000,  0, 3.98746991, 0
-0.01983211, 0.01308597, 0.00000000,  0, 4.01419091, 0
-0.01978480, 0.01306183, 0.00000000,  0, 4.03794599, 0
-0.01971300, 0.01303393, 0.00000000,  0, 4.06427288, 0
-0.01967459, 0.01303006, 0.00000000,  0, 4.08915186, 0
-0.01961214, 0.01302493, 0.00000000,  0, 4.11130190, 0
-0.01957448, 0.01302506, 0.00000000,  0, 4.13580680, 0
-0.01954228, 0.01303547, 0.00000000,  0, 4.16363382, 0
-0.01952569, 0.01304019, 0.00000000,  0, 4.19005990, 0
-0.01950606, 0.01304494, 0.00000000,  0, 4.21422696, 0
-0.01949592, 0.01304677, 0.00000000,  0, 4.23819494, 0
-0.01948405, 0.01304409, 0.00000000,  0, 4.26519179, 0
-0.01947489, 0.01303150, 0.00000000,  0, 4.29080582, 0
-0.01945215, 0.01300489, 0.00000000,  0, 4.31659198, 0
-0.01944028, 0.01299106, 0.00000000,  0, 4.34075284, 0
-0.01943069, 0.01297996, 0.00000000,  0, 4.36405396, 0
-0.01941901, 0.01296652, 0.00000000,  0, 4.38895893, 0
-0.01941019, 0.01294888, 0.00000000,  0, 4.41665888, 0
-0.01940543, 0.01295616, 0.00000000,  0, 4.44129395, 0
-0.01940135, 0.01296075, 0.00000000,  0, 4.46308088, 0
-0.01940696, 0.01295126, 0.00000000,  0, 4.48960686, 0
-0.01942357, 0.01294616, 0.00000000,  0, 4.51649499, 0
-0.01944701, 0.01293552, 0.00000000,  0, 4.55213690, 0
-0.01945473, 0.01291987, 0.00000000,  0, 4.57703090, 0
-0.01946862, 0.01288347, 0.00000000,  0, 4.60282493, 0
-0.01948794, 0.01286412, 0.00000000,  0, 4.62559891, 0
-0.01950869, 0.01285326, 0.00000000,  0, 4.64844179, 0
-0.01953084, 0.01284103, 0.00000000,  0, 4.67552996, 0
-0.01954568, 0.01281821, 0.00000000,  0, 4.70186687, 0
-0.01955496, 0.01280324, 0.00000000,  0, 4.72736788, 0
-0.01957721, 0.01277383, 0.00000000,  0, 4.75551295, 0
-0.01958824, 0.01275321, 0.00000000,  0, 4.78396082, 0
-0.01960052, 0.01271214, 0.00000000,  0, 4.81200194, 0
-0.01960833, 0.01267749, 0.00000000,  0, 4.83950090, 0
-0.01961198, 0.01265747, 0.00000000,  0, 4.86213279, 0
-0.01961563, 0.01262256, 0.00000000,  0, 4.88782692, 0
-0.01961719, 0.01260482, 0.00000000,  0, 4.91324782, 0
-0.01961854, 0.01258451, 0.00000000,  0, 4.93942595, 0
-0.01961897, 0.01257396, 0.00000000,  0, 4.96512890, 0
-0.01962102, 0.01256013, 0.00000000,  0, 4.99019384, 0
-0.01963133, 0.01254354, 0.00000000,  0, 5.01399589, 0
-0.01963943, 0.01253012, 0.00000000,  0, 5.03650689, 0
-0.01966314, 0.01249569, 0.00000000,  0, 5.06158996, 0
-0.01967517, 0.01246988, 0.00000000,  0, 5.08617783, 0
-0.01969598, 0.01244085, 0.00000000,  0, 5.11003494, 0
-0.01971904, 0.01241870, 0.00000000,  0, 5.13312888, 0
-0.01974040, 0.01239781, 0.00000000,  0, 5.15540290, 0
-0.01975760, 0.01238075, 0.00000000,  0, 5.18505383, 0
-0.01977978, 0.01235677, 0.00000000,  0, 5.21129394, 0
-0.01979775, 0.01232949, 0.00000000,  0, 5.23923182, 0
-0.01981312, 0.01231551, 0.00000000,  0, 5.26558995, 0
-0.01983012, 0.01228989, 0.00000000,  0, 5.28815699, 0
-0.01984648, 0.01227285, 0.00000000,  0, 5.31424999, 0
-0.01986190, 0.01225178, 0.00000000,  0, 5.33730197, 0
-0.01987928, 0.01221078, 0.00000000,  0, 5.36358190, 0
-0.01988752, 0.01218819, 0.00000000,  0, 5.38610578, 0
-0.01991109, 0.01214814, 0.00000000,  0, 5.41017699, 0
-0.01992805, 0.01211901, 0.00000000,  0, 5.44762492, 0
-0.01994237, 0.01207559, 0.00000000,  0, 5.48781681, 0
-0.01996676, 0.01203024, 0.00000000,  0, 5.52193093, 0
-0.01998608, 0.01201211, 0.00000000,  0, 5.54993796, 0
-0.02003865, 0.01197219, 0.00000000,  0, 5.58651185, 0
-0.02007774, 0.01194807, 0.00000000,  0, 5.61671996, 0
-0.02010576, 0.01193078, 0.00000000,  0, 5.64419293, 0
-0.02012981, 0.01192243, 0.00000000,  0, 5.66625977, 0
-0.02014846, 0.01191595, 0.00000000,  0, 5.68863893, 0
-0.02016943, 0.01190862, 0.00000000,  0, 5.71687484, 0
-0.02018384, 0.01190355, 0.00000000,  0, 5.74828482, 0
-0.02019613, 0.01191562, 0.00000000,  0, 5.78867483, 0
-0.02020189, 0.01192439, 0.00000000,  0, 5.82562995, 0
-0.02019075, 0.01193058, 0.00000000,  0, 5.84975600, 0
-0.02018421, 0.01193381, 0.00000000,  0, 5.87210798, 0
-0.02017661, 0.01193748, 0.00000000,  0, 5.89828992, 0
-0.02017075, 0.01195184, 0.00000000,  0, 5.93134093, 0
-0.02015162, 0.01196598, 0.00000000,  0, 5.96758890, 0
-0.02013286, 0.01197895, 0.00000000,  0, 6.00291395, 0
-0.02012313, 0.01198547, 0.00000000,  0, 6.02987790, 0
-0.02011798, 0.01199421, 0.00000000,  0, 6.05830884, 0
-0.02011183, 0.01201218, 0.00000000,  0, 6.08636999, 0
-0.02010875, 0.01202065, 0.00000000,  0, 6.10834694, 0
-0.02010611, 0.01203671, 0.00000000,  0, 6.13147879, 0
-0.02010289, 0.01205724, 0.00000000,  0, 6.15637684, 0
-0.02010111, 0.01206754, 0.00000000,  0, 6.17861986, 0
-0.02009952, 0.01207589, 0.00000000,  0, 6.19975400, 0
-0.02008736, 0.01208238, 0.00000000,  0, 6.22297788, 0
-0.02007357, 0.01208962, 0.00000000,  0, 6.24810982, 0
-0.02006640, 0.01209332, 0.00000000,  0, 6.27055287, 0
-0.02005817, 0.01209746, 0.00000000,  0, 6.29933596, 0
-0.02006360, 0.01211288, 0.00000000,  0, 6.32687593, 0
-0.02005069, 0.01212669, 0.00000000,  0, 6.35634398, 0
-0.02003068, 0.01213677, 0.00000000,  0, 6.38725400, 0
-0.02003038, 0.01215777, 0.00000000,  0, 6.42083192, 0
-0.02003161, 0.01217434, 0.00000000,  0, 6.45613599, 0
-0.02003232, 0.01218647, 0.00000000,  0, 6.48674297, 0
-0.02003259, 0.01220973, 0.00000000,  0, 6.51090479, 0
-0.02002857, 0.01222154, 0.00000000,  0, 6.53488183, 0
-0.02000580, 0.01223487, 0.00000000,  0, 6.56241894, 0
-0.01998220, 0.01225717, 0.00000000,  0, 6.59282780, 0
-0.01997028, 0.01227028, 0.00000000,  0, 6.61618090, 0
-0.01996084, 0.01228055, 0.00000000,  0, 6.64063883, 0
-0.01994709, 0.01229523, 0.00000000,  0, 6.67559385, 0
-0.01994000, 0.01230257, 0.00000000,  0, 6.71134496, 0
-0.01994504, 0.01230902, 0.00000000,  0, 6.74617791, 0
-0.01995120, 0.01231119, 0.00000000,  0, 6.76994777, 0
-0.01995801, 0.01231356, 0.00000000,  0, 6.79614782, 0
-0.01996273, 0.01232422, 0.00000000,  0, 6.82904887, 0
-0.01996502, 0.01233402, 0.00000000,  0, 6.85450077, 0
-0.01996758, 0.01234530, 0.00000000,  0, 6.88125896, 0
-0.01996923, 0.01235299, 0.00000000,  0, 6.90954590, 0
-0.01997001, 0.01235682, 0.00000000,  0, 6.93353677, 0
-0.01997058, 0.01235983, 0.00000000,  0, 6.95599294, 0
-0.01997113, 0.01236311, 0.00000000,  0, 6.98157692, 0
-0.01997135, 0.01237169, 0.00000000,  0, 7.00511599, 0
-0.01997151, 0.01238696, 0.00000000,  0, 7.02953482, 0
-0.01997153, 0.01239431, 0.00000000,  0, 7.05167484, 0
-0.01998160, 0.01241021, 0.00000000,  0, 7.07560682, 0
-0.01999395, 0.01242916, 0.00000000,  0, 7.10214591, 0
-0.02000268, 0.01244259, 0.00000000,  0, 7.13188195, 0
-0.02000062, 0.01244926, 0.00000000,  0, 7.15720892, 0
-0.01999168, 0.01245682, 0.00000000,  0, 7.18459392, 0
-0.01998547, 0.01246186, 0.00000000,  0, 7.21346593, 0
-0.01998225, 0.01246435, 0.00000000,  0, 7.23942399, 0
-0.01997857, 0.01247456, 0.00000000,  0, 7.26466894, 0
-0.01997030, 0.01248525, 0.00000000,  0, 7.28707695, 0
-0.01995916, 0.01249370, 0.00000000,  0, 7.30817080, 0
-0.01993665, 0.01250327, 0.00000000,  0, 7.33916497, 0
-0.01992178, 0.01250780, 0.00000000,  0, 7.36188197, 0
-0.01990455, 0.01251503, 0.00000000,  0, 7.38580084, 0
-0.01989588, 0.01252810, 0.00000000,  0, 7.41319084, 0
-0.01988627, 0.01254242, 0.00000000,  0, 7.43770599, 0
-0.01988905, 0.01255279, 0.00000000,  0, 7.47123384, 0
-0.01989674, 0.01255997, 0.00000000,  0, 7.50517488, 0
-0.01990207, 0.01256484, 0.00000000,  0, 7.53368878, 0
-0.01990613, 0.01256825, 0.00000000,  0, 7.55849600, 0
-0.01991879, 0.01256982, 0.00000000,  0, 7.58017492, 0
-0.01992879, 0.01257100, 0.00000000,  0, 7.60540700, 0
-0.01994015, 0.01257223, 0.00000000,  0, 7.63101983, 0
-0.01994811, 0.01257297, 0.00000000,  0, 7.65884185, 0
-0.01995831, 0.01257327, 0.00000000,  0, 7.68744898, 0
-0.01997685, 0.01257352, 0.00000000,  0, 7.71733999, 0
-0.02000480, 0.01257355, 0.00000000,  0, 7.74412584, 0
-0.02001462, 0.01257350, 0.00000000,  0, 7.76959896, 0
-0.02001595, 0.01257333, 0.00000000,  0, 7.79797387, 0
-0.02001683, 0.01257311, 0.00000000,  0, 7.82516789, 0
-0.02001722, 0.01257293, 0.00000000,  0, 7.84778595, 0
-0.02001749, 0.01257273, 0.00000000,  0, 7.86913180, 0
-0.02001768, 0.01257253, 0.00000000,  0, 7.89374995, 0
-0.02001782, 0.01255796, 0.00000000,  0, 7.91883898, 0
-0.02001785, 0.01254981, 0.00000000,  0, 7.94376087, 0
-0.02001782, 0.01254057, 0.00000000,  0, 7.96831989, 0
-0.02001777, 0.01253589, 0.00000000,  0, 7.99250293, 0
-0.02001770, 0.01253685, 0.00000000,  0, 8.01384592, 0
-0.02001756, 0.01254649, 0.00000000,  0, 8.04320097, 0
-0.02001734, 0.01255492, 0.00000000,  0, 8.07917380, 0
-0.02001716, 0.01255907, 0.00000000,  0, 8.11259890, 0
-0.02001697, 0.01256186, 0.00000000,  0, 8.14596891, 0
-0.02001672, 0.01258153, 0.00000000,  0, 8.18084598, 0
-0.02001388, 0.01260057, 0.00000000,  0, 8.20821095, 0
-0.01999898, 0.01262184, 0.00000000,  0, 8.23411083, 0
-0.01998813, 0.01263718, 0.00000000,  0, 8.26241589, 0
-0.01998072, 0.01264747, 0.00000000,  0, 8.29095292, 0
-0.01997691, 0.01265267, 0.00000000,  0, 8.31507587, 0
-0.01997261, 0.01265841, 0.00000000,  0, 8.34432077, 0
-0.01998513, 0.01267592, 0.00000000,  0, 8.36593199, 0
-0.02000245, 0.01269724, 0.00000000,  0, 8.38854194, 0
-0.02002214, 0.01272142, 0.00000000,  0, 8.41416597, 0
-0.02003170, 0.01273311, 0.00000000,  0, 8.43778777, 0
-0.02004810, 0.01274236, 0.00000000,  0, 8.46073079, 0
-0.02006908, 0.01276632, 0.00000000,  0, 8.48499489, 0
-0.02008397, 0.01278492, 0.00000000,  0, 8.51602483, 0
-0.02009162, 0.01279444, 0.00000000,  0, 8.54252791, 0
-0.02011021, 0.01280494, 0.00000000,  0, 8.57366681, 0
-0.02012886, 0.01281225, 0.00000000,  0, 8.59924984, 0
-0.02013799, 0.01281575, 0.00000000,  0, 8.62365389, 0
-0.02014813, 0.01281954, 0.00000000,  0, 8.64998198, 0
-0.02015323, 0.01282138, 0.00000000,  0, 8.67636490, 0
-0.02014580, 0.01282378, 0.00000000,  0, 8.71569991, 0
-0.02013602, 0.01283923, 0.00000000,  0, 8.75064588, 0
-0.02013804, 0.01285113, 0.00000000,  0, 8.78532481, 0
-0.02014817, 0.01285963, 0.00000000,  0, 8.81622577, 0
-0.02017023, 0.01286528, 0.00000000,  0, 8.84907889, 0
-0.02020399, 0.01286779, 0.00000000,  0, 8.88229585, 0
-0.02021901, 0.01285910, 0.00000000,  0, 8.90565395, 0
-0.02023573, 0.01284925, 0.00000000,  0, 8.93617988, 0
-0.02024768, 0.01284200, 0.00000000,  0, 8.96374083, 0
-0.02025582, 0.01283685, 0.00000000,  0, 8.99263597, 0
-0.02025997, 0.01283413, 0.00000000,  0, 9.01437783, 0
-0.02025678, 0.01283103, 0.00000000,  0, 9.04470778, 0
-0.02024945, 0.01282937, 0.00000000,  0, 9.07017183, 0
-0.02023895, 0.01282688, 0.00000000,  0, 9.10491395, 0
-0.02023144, 0.01282593, 0.00000000,  0, 9.13348889, 0
-0.02021286, 0.01282478, 0.00000000,  0, 9.16247892, 0
-0.02019935, 0.01282386, 0.00000000,  0, 9.19283581, 0
-0.02018992, 0.01282312, 0.00000000,  0, 9.22519994, 0
-0.02018302, 0.01282249, 0.00000000,  0, 9.25089192, 0
-0.02017958, 0.01282213, 0.00000000,  0, 9.27452397, 0
-0.02017340, 0.01282163, 0.00000000,  0, 9.30003381, 0
-0.02014914, 0.01282120, 0.00000000,  0, 9.33830500, 0
-0.02012245, 0.01282081, 0.00000000,  0, 9.36013794, 0
-0.02009895, 0.01282056, 0.00000000,  0, 9.38628697, 0
-0.02007225, 0.01282023, 0.00000000,  0, 9.40999794, 0
-0.02005607, 0.01282001, 0.00000000,  0, 9.43508577, 0
-0.02002626, 0.01281970, 0.00000000,  0, 9.46936083, 0
-0.01999915, 0.01281931, 0.00000000,  0, 9.50588083, 0
-0.01998201, 0.01281895, 0.00000000,  0, 9.54361677, 0
-0.01997357, 0.01281869, 0.00000000,  0, 9.58064485, 0
-0.01996610, 0.01281835, 0.00000000,  0, 9.61737895, 0
-0.01996230, 0.01281811, 0.00000000,  0, 9.64863777, 0
-0.01996046, 0.01281795, 0.00000000,  0, 9.67523193, 0
-0.01995842, 0.01281772, 0.00000000,  0, 9.70260882, 0
-0.01995704, 0.01281750, 0.00000000,  0, 9.73050189, 0
-0.01995608, 0.01281728, 0.00000000,  0, 9.75841689, 0
-0.01995564, 0.01281714, 0.00000000,  0, 9.78559995, 0
-0.01995518, 0.01281694, 0.00000000,  0, 9.81152391, 0
-0.01995489, 0.01281674, 0.00000000,  0, 9.84045696, 0
-0.01995478, 0.01281661, 0.00000000,  0, 9.86282182, 0
-0.01995470, 0.01281648, 0.00000000,  0, 9.88704395, 0
-0.01995465, 0.01281629, 0.00000000,  0, 9.91226792, 0
-0.01995464, 0.01281617, 0.00000000,  0, 9.93543386, 0
-0.01995466, 0.01281605, 0.00000000,  0, 9.95801091, 0
-0.01996131, 0.01281916, 0.00000000,  0, 9.98131895, 0
-0.01998201, 0.01282937, 0.00000000,  0, 10.00491786, 0
-0.02000534, 0.01284083, 0.00000000,  0, 10.03290391, 0
-0.02001698, 0.01284651, 0.00000000,  0, 10.05515289, 0
-0.02002615, 0.01285096, 0.00000000,  0, 10.07725096, 0
-0.02003354, 0.01285451, 0.00000000,  0, 10.09941888, 0
-0.02004190, 0.01285849, 0.00000000,  0, 10.12657380, 0
-0.02003521, 0.01286129, 0.00000000,  0, 10.16198087, 0
-0.02002224, 0.01286318, 0.00000000,  0, 10.18788195, 0
-0.02000890, 0.01286408, 0.00000000,  0, 10.21142483, 0
-0.01999367, 0.01286506, 0.00000000,  0, 10.23813081, 0
-0.01998597, 0.01286552, 0.00000000,  0, 10.26144195, 0
-0.01997997, 0.01286585, 0.00000000,  0, 10.28381395, 0
-0.01997211, 0.01286618, 0.00000000,  0, 10.30698800, 0
-0.01995789, 0.01286632, 0.00000000,  0, 10.32952595, 0
-0.01994681, 0.01286640, 0.00000000,  0, 10.35081387, 0
-0.01993802, 0.01287637, 0.00000000,  0, 10.37354279, 0
-0.01992799, 0.01287502, 0.00000000,  0, 10.40311885, 0
-0.01992100, 0.01287247, 0.00000000,  0, 10.43512583, 0
-0.01990333, 0.01287058, 0.00000000,  0, 10.46649885, 0
-0.01986421, 0.01286883, 0.00000000,  0, 10.50245500, 0
-0.01985064, 0.01286818, 0.00000000,  0, 10.52691579, 0
-0.01983502, 0.01286740, 0.00000000,  0, 10.55161977, 0
-0.01982717, 0.01286698, 0.00000000,  0, 10.57780790, 0
-0.01981877, 0.01286649, 0.00000000,  0, 10.60529995, 0
-0.01981261, 0.01286608, 0.00000000,  0, 10.63338184, 0
-0.01980968, 0.01286586, 0.00000000,  0, 10.66275096, 0
-0.01982338, 0.01286549, 0.00000000,  0, 10.69989395, 0
-0.01983393, 0.01286519, 0.00000000,  0, 10.73680592, 0
-0.01983939, 0.01286500, 0.00000000,  0, 10.76620078, 0
-0.01984208, 0.01287484, 0.00000000,  0, 10.79505086, 0
-0.01984522, 0.01288741, 0.00000000,  0, 10.81928992, 0
-0.01984748, 0.01289615, 0.00000000,  0, 10.84665394, 0
-0.01986041, 0.01290644, 0.00000000,  0, 10.87632084, 0
-0.01988954, 0.01293621, 0.00000000,  0, 10.90527487, 0
-0.01990952, 0.01296122, 0.00000000,  0, 10.93122888, 0
-0.01991968, 0.01297387, 0.00000000,  0, 10.95621991, 0
-0.01993120, 0.01298813, 0.00000000,  0, 10.98031592, 0
-0.01993689, 0.01299511, 0.00000000,  0, 11.00504994, 0
-0.01994352, 0.01299216, 0.00000000,  0, 11.03309393, 0
-0.01994476, 0.01297119, 0.00000000,  0, 11.06910300, 0
-0.01993260, 0.01295350, 0.00000000,  0, 11.09586978, 0
-0.01992317, 0.01294227, 0.00000000,  0, 11.13001394, 0
-0.01990310, 0.01293431, 0.00000000,  0, 11.16011977, 0
-0.01989311, 0.01293031, 0.00000000,  0, 11.18412185, 0
-0.01988159, 0.01292566, 0.00000000,  0, 11.21059680, 0
-0.01987377, 0.01292244, 0.00000000,  0, 11.23623800, 0
-0.01987589, 0.01292783, 0.00000000,  0, 11.27009583, 0
-0.01988521, 0.01295051, 0.00000000,  0, 11.29950380, 0
-0.01989160, 0.01295509, 0.00000000,  0, 11.32886386, 0
-0.01989494, 0.01295745, 0.00000000,  0, 11.35404277, 0
-0.01989870, 0.01296004, 0.00000000,  0, 11.38184881, 0
-0.01989315, 0.01296131, 0.00000000,  0, 11.40857291, 0
-0.01988208, 0.01296270, 0.00000000,  0, 11.43105388, 0
-0.01987665, 0.01296335, 0.00000000,  0, 11.45926690, 0
-0.01987065, 0.01296402, 0.00000000,  0, 11.48176479, 0
-0.01986760, 0.01296434, 0.00000000,  0, 11.50949192, 0
-0.01986421, 0.01296465, 0.00000000,  0, 11.53426981, 0
-0.01987040, 0.01295692, 0.00000000,  0, 11.56005287, 0
-0.01988136, 0.01294342, 0.00000000,  0, 11.58619595, 0
-0.01987012, 0.01293411, 0.00000000,  0, 11.61324000, 0
-0.01985633, 0.01292932, 0.00000000,  0, 11.63735890, 0
-0.01984101, 0.01292396, 0.00000000,  0, 11.66607285, 0
-0.01983345, 0.01292129, 0.00000000,  0, 11.69136095, 0
-0.01982462, 0.01290613, 0.00000000,  0, 11.71423197, 0
-0.01980956, 0.01289615, 0.00000000,  0, 11.73950386, 0
-0.01979777, 0.01288830, 0.00000000,  0, 11.76188397, 0
-0.01978446, 0.01287942, 0.00000000,  0, 11.78802490, 0
-0.01977772, 0.01287260, 0.00000000,  0, 11.81541181, 0
-0.01977023, 0.01285277, 0.00000000,  0, 11.83823800, 0
-0.01976649, 0.01284276, 0.00000000,  0, 11.86080194, 0
-0.01977238, 0.01283125, 0.00000000,  0, 11.88874984, 0
-0.01976365, 0.01282343, 0.00000000,  0, 11.91889381, 0
-0.01974488, 0.01281788, 0.00000000,  0, 11.95583797, 0
-0.01973144, 0.01281287, 0.00000000,  0, 11.98751593, 0
-0.01973050, 0.01279018, 0.00000000,  0, 12.02443480, 0
-0.01973704, 0.01277886, 0.00000000,  0, 12.05541992, 0
-0.01974182, 0.01276322, 0.00000000,  0, 12.08463287, 0
-0.01974424, 0.01274990, 0.00000000,  0, 12.11010480, 0
-0.01974705, 0.01273476, 0.00000000,  0, 12.13312292, 0
-0.01974846, 0.01272746, 0.00000000,  0, 12.15925193, 0
-0.01975010, 0.01271926, 0.00000000,  0, 12.18322587, 0
-0.01975097, 0.01271514, 0.00000000,  0, 12.20606184, 0
-0.01975168, 0.01271192, 0.00000000,  0, 12.22966194, 0
-0.01975345, 0.01271055, 0.00000000,  0, 12.25220490, 0
-0.01976915, 0.01272277, 0.00000000,  0, 12.28028989, 0
-0.01978059, 0.01273170, 0.00000000,  0, 12.30940080, 0
-0.01978621, 0.01273610, 0.00000000,  0, 12.33315182, 0
-0.01979890, 0.01273967, 0.00000000,  0, 12.35274482, 0
-0.01981724, 0.01274378, 0.00000000,  0, 12.38027596, 0
-0.01982993, 0.01274667, 0.00000000,  0, 12.41233778, 0
-0.01985638, 0.01274502, 0.00000000,  0, 12.44968295, 0
-0.01987113, 0.01273575, 0.00000000,  0, 12.47369599, 0
-0.01989093, 0.01272853, 0.00000000,  0, 12.49694777, 0
-0.01991283, 0.01272058, 0.00000000,  0, 12.52117395, 0
-0.01992401, 0.01271654, 0.00000000,  0, 12.54706287, 0
-0.01993668, 0.01271200, 0.00000000,  0, 12.56988597, 0
-0.01994297, 0.01270977, 0.00000000,  0, 12.59396100, 0
-0.01994794, 0.01270802, 0.00000000,  0, 12.61791396, 0
-0.01995367, 0.01270604, 0.00000000,  0, 12.64498377, 0
-0.01995752, 0.01270475, 0.00000000,  0, 12.67266893, 0
-0.01996029, 0.01270385, 0.00000000,  0, 12.70127988, 0
-0.01996161, 0.01270345, 0.00000000,  0, 12.72582293, 0
-0.01996075, 0.01270072, 0.00000000,  0, 12.75277686, 0
-0.01994710, 0.01268585, 0.00000000,  0, 12.78656387, 0
-0.01993717, 0.01266337, 0.00000000,  0, 12.81764388, 0
-0.01993236, 0.01264982, 0.00000000,  0, 12.84004498, 0
-0.01992850, 0.01263906, 0.00000000,  0, 12.86243582, 0
-0.01993857, 0.01262398, 0.00000000,  0, 12.88976789, 0
-0.01995463, 0.01259312, 0.00000000,  0, 12.92265487, 0
-0.01997389, 0.01256368, 0.00000000,  0, 12.95296884, 0
-0.01998701, 0.01255837, 0.00000000,  0, 12.98081398, 0
-0.01999655, 0.01255458, 0.00000000,  0, 13.00751281, 0
-0.02000127, 0.01255276, 0.00000000,  0, 13.03549790, 0
-0.02000665, 0.01253825, 0.00000000,  0, 13.06336784, 0
-0.02001031, 0.01252529, 0.00000000,  0, 13.09291887, 0
-0.02001221, 0.01251850, 0.00000000,  0, 13.11799598, 0
-0.02001364, 0.01251339, 0.00000000,  0, 13.13891196, 0
-0.01999923, 0.01250625, 0.00000000,  0, 13.17703986, 0
-0.01997397, 0.01250285, 0.00000000,  0, 13.20495391, 0
-0.01996131, 0.01250121, 0.00000000,  0, 13.22953796, 0
-0.01994665, 0.01249940, 0.00000000,  0, 13.25987387, 0
-0.01993295, 0.01251314, 0.00000000,  0, 13.28634787, 0
-0.01991138, 0.01251519, 0.00000000,  0, 13.31951284, 0
-0.01989206, 0.01251487, 0.00000000,  0, 13.35761595, 0
-0.01988220, 0.01252524, 0.00000000,  0, 13.38395596, 0
-0.01988774, 0.01253033, 0.00000000,  0, 13.41226387, 0
-0.01989255, 0.01253626, 0.00000000,  0, 13.43674278, 0
-0.01988298, 0.01254052, 0.00000000,  0, 13.46631384, 0
-0.01987811, 0.01254273, 0.00000000,  0, 13.49130177, 0
-0.01987257, 0.01255567, 0.00000000,  0, 13.51751399, 0
-0.01986992, 0.01256551, 0.00000000,  0, 13.54365492, 0
-0.01986693, 0.01257673, 0.00000000,  0, 13.57043600, 0
-0.01986543, 0.01258241, 0.00000000,  0, 13.59685683, 0
-0.01986378, 0.01258881, 0.00000000,  0, 13.61771798, 0
-0.01986295, 0.01259207, 0.00000000,  0, 13.64555597, 0
-0.01986202, 0.01259582, 0.00000000,  0, 13.67408085, 0
-0.01986139, 0.01259851, 0.00000000,  0, 13.70795298, 0
-0.01986097, 0.01260041, 0.00000000,  0, 13.73597789, 0
-0.01986695, 0.01260218, 0.00000000,  0, 13.77368784, 0
-0.01987645, 0.01260282, 0.00000000,  0, 13.80048084, 0
-0.01988733, 0.01260358, 0.00000000,  0, 13.82768989, 0
-0.01989293, 0.01260399, 0.00000000,  0, 13.85859585, 0
-0.01990023, 0.01260455, 0.00000000,  0, 13.88957691, 0
-0.01991439, 0.01260489, 0.00000000,  0, 13.91885686, 0
-0.01993260, 0.01260813, 0.00000000,  0, 13.94334579, 0
-0.01995055, 0.01261856, 0.00000000,  0, 13.97037983, 0
-0.01997078, 0.01263035, 0.00000000,  0, 13.99699998, 0
-0.01998095, 0.01263629, 0.00000000,  0, 14.02175593, 0
-0.01999251, 0.01264307, 0.00000000,  0, 14.05011487, 0
-0.02000049, 0.01264778, 0.00000000,  0, 14.07820892, 0
-0.02000613, 0.01265114, 0.00000000,  0, 14.10635495, 0
-0.02000568, 0.01265418, 0.00000000,  0, 14.14559698, 0
-0.01999768, 0.01265525, 0.00000000,  0, 14.17324781, 0
-0.01998852, 0.01265647, 0.00000000,  0, 14.20018792, 0
-0.01998399, 0.01265707, 0.00000000,  0, 14.22475791, 0
-0.01997885, 0.01265775, 0.00000000,  0, 14.24895692, 0
-0.01997623, 0.01265809, 0.00000000,  0, 14.27181387, 0
-0.01997334, 0.01265845, 0.00000000,  0, 14.29790378, 0
-0.01998150, 0.01264841, 0.00000000,  0, 14.32942677, 0
-0.01999898, 0.01264979, 0.00000000,  0, 14.35638785, 0
-0.02002041, 0.01265273, 0.00000000,  0, 14.38333583, 0
-0.02002982, 0.01265420, 0.00000000,  0, 14.40678096, 0
-0.02002680, 0.01265584, 0.00000000,  0, 14.43436289, 0
-0.02002524, 0.01265667, 0.00000000,  0, 14.45901895, 0
-0.02002291, 0.01265787, 0.00000000,  0, 14.49144197, 0
-0.02002207, 0.01266095, 0.00000000,  0, 14.51668286, 0
-0.02002110, 0.01267603, 0.00000000,  0, 14.54460478, 0
-0.02002034, 0.01268723, 0.00000000,  0, 14.57383084, 0
-0.02001996, 0.01269252, 0.00000000,  0, 14.60206389, 0
-0.02001648, 0.01268346, 0.00000000,  0, 14.62767291, 0
-0.02000467, 0.01267789, 0.00000000,  0, 14.65589380, 0
-0.01999035, 0.01267114, 0.00000000,  0, 14.69323993, 0
-0.01997952, 0.01266683, 0.00000000,  0, 14.73022890, 0
-0.01996524, 0.01266531, 0.00000000,  0, 14.75413179, 0
-0.01994345, 0.01266412, 0.00000000,  0, 14.77964997, 0
-0.01991883, 0.01266276, 0.00000000,  0, 14.80681396, 0
-0.01990652, 0.01266208, 0.00000000,  0, 14.82988977, 0
-0.01989269, 0.01266132, 0.00000000,  0, 14.85290480, 0
-0.01988579, 0.01266810, 0.00000000,  0, 14.87578893, 0
-0.01987784, 0.01269290, 0.00000000,  0, 14.90357780, 0
-0.01987393, 0.01270813, 0.00000000,  0, 14.92593193, 0
-0.01987089, 0.01271999, 0.00000000,  0, 14.94699597, 0
-0.01986845, 0.01272959, 0.00000000,  0, 14.97175288, 0
-0.01986572, 0.01274039, 0.00000000,  0, 14.99817896, 0
-0.01986427, 0.01274622, 0.00000000,  0, 15.02284694, 0
-0.01985718, 0.01275208, 0.00000000,  0, 15.05132389, 0
-0.01984247, 0.01275623, 0.00000000,  0, 15.07768679, 0
-0.01984524, 0.01276818, 0.00000000,  0, 15.10550594, 0
-0.01986386, 0.01278298, 0.00000000,  0, 15.13434577, 0
-0.01987232, 0.01279042, 0.00000000,  0, 15.15668797, 0
-0.01986902, 0.01279633, 0.00000000,  0, 15.17817283, 0
-0.01985149, 0.01280278, 0.00000000,  0, 15.20518088, 0
-0.01984255, 0.01280605, 0.00000000,  0, 15.22628999, 0
-0.01983249, 0.01280969, 0.00000000,  0, 15.25145888, 0
-0.01982543, 0.01279861, 0.00000000,  0, 15.28103185, 0
-0.01982054, 0.01278879, 0.00000000,  0, 15.31175494, 0
-0.01981704, 0.01278163, 0.00000000,  0, 15.34451985, 0
-0.01981469, 0.01277667, 0.00000000,  0, 15.37761784, 0
-0.01981303, 0.01277302, 0.00000000,  0, 15.40700793, 0
-0.01979869, 0.01277040, 0.00000000,  0, 15.43361378, 0
-0.01978966, 0.01276904, 0.00000000,  0, 15.45539093, 0
-0.01978266, 0.01276797, 0.00000000,  0, 15.48069882, 0
-0.01977478, 0.01276673, 0.00000000,  0, 15.50900078, 0
-0.01976925, 0.01276582, 0.00000000,  0, 15.53773379, 0
-0.01976535, 0.01277799, 0.00000000,  0, 15.56787395, 0
-0.01976272, 0.01278912, 0.00000000,  0, 15.59754181, 0
-0.01976141, 0.01279476, 0.00000000,  0, 15.62386394, 0
-0.01975997, 0.01280120, 0.00000000,  0, 15.64797878, 0
-0.01975931, 0.01280428, 0.00000000,  0, 15.67080092, 0
-0.01975882, 0.01280672, 0.00000000,  0, 15.69652486, 0
-0.01975829, 0.01280952, 0.00000000,  0, 15.72559977, 0
-0.01975799, 0.01281138, 0.00000000,  0, 15.75439191, 0
-0.01975788, 0.01281229, 0.00000000,  0, 15.77746987, 0
-0.01975482, 0.01281356, 0.00000000,  0, 15.81038499, 0
-0.01974571, 0.01281398, 0.00000000,  0, 15.83928990, 0
-0.01974899, 0.01281439, 0.00000000,  0, 15.86373591, 0
-0.01975069, 0.01281458, 0.00000000,  0, 15.89017892, 0
-0.01975267, 0.01281476, 0.00000000,  0, 15.91349483, 0
-0.01975368, 0.01281483, 0.00000000,  0, 15.93947983, 0
-0.01975488, 0.01281487, 0.00000000,  0, 15.96604180, 0
-0.01975577, 0.01281486, 0.00000000,  0, 15.99362493, 0
-0.01975624, 0.01282093, 0.00000000,  0, 16.02108788, 0
-0.01975682, 0.01283484, 0.00000000,  0, 16.04862285, 0
-0.01975714, 0.01284166, 0.00000000,  0, 16.07134080, 0
-0.01975753, 0.01284935, 0.00000000,  0, 16.09512591, 0
-0.01975785, 0.01284785, 0.00000000,  0, 16.12518978, 0
-0.01975804, 0.01284086, 0.00000000,  0, 16.15306377, 0
-0.01975828, 0.01283287, 0.00000000,  0, 16.18047881, 0
-0.01975843, 0.01282896, 0.00000000,  0, 16.20281386, 0
-0.01975660, 0.01282247, 0.00000000,  0, 16.23027778, 0
-0.01974582, 0.01280936, 0.00000000,  0, 16.25439692, 0
-0.01971907, 0.01279500, 0.00000000,  0, 16.27977085, 0
-0.01970542, 0.01278765, 0.00000000,  0, 16.30391788, 0
-0.01969014, 0.01277938, 0.00000000,  0, 16.32918477, 0
-0.01969132, 0.01278393, 0.00000000,  0, 16.35266900, 0
-0.01969450, 0.01278975, 0.00000000,  0, 16.37539887, 0
-0.01969825, 0.01279647, 0.00000000,  0, 16.40425897, 0
-0.01970087, 0.01280649, 0.00000000,  0, 16.43315578, 0
-0.01970649, 0.01281871, 0.00000000,  0, 16.45556688, 0
-0.01972244, 0.01283254, 0.00000000,  0, 16.48059988, 0
-0.01973028, 0.01283929, 0.00000000,  0, 16.50291181, 0
-0.01973659, 0.01284470, 0.00000000,  0, 16.52754593, 0
-0.01974168, 0.01284902, 0.00000000,  0, 16.54945683, 0
-0.01974753, 0.01285394, 0.00000000,  0, 16.57479882, 0
-0.01975037, 0.01285629, 0.00000000,  0, 16.59865379, 0
-0.01975267, 0.01285815, 0.00000000,  0, 16.62259388, 0
-0.01974243, 0.01286025, 0.00000000,  0, 16.65245199, 0
-0.01972606, 0.01286166, 0.00000000,  0, 16.67437577, 0
-0.01970648, 0.01286236, 0.00000000,  0, 16.70006895, 0
-0.01967614, 0.01285284, 0.00000000,  0, 16.72665191, 0
-0.01966116, 0.01284436, 0.00000000,  0, 16.75042295, 0
-0.01964230, 0.01282115, 0.00000000,  0, 16.77722478, 0
-0.01962342, 0.01280814, 0.00000000,  0, 16.80137897, 0
-0.01960240, 0.01279360, 0.00000000,  0, 16.82827878, 0
-0.01959182, 0.01278624, 0.00000000,  0, 16.85145998, 0
-0.01957059, 0.01277787, 0.00000000,  0, 16.88144684, 0
-0.01955560, 0.01276586, 0.00000000,  0, 16.90702581, 0
-0.01953852, 0.01274776, 0.00000000,  0, 16.93298888, 0
-0.01952699, 0.01273544, 0.00000000,  0, 16.95990396, 0
-0.01952115, 0.01272915, 0.00000000,  0, 16.98499298, 0
-0.01951459, 0.01273093, 0.00000000,  0, 17.01614690, 0
-0.01951010, 0.01273876, 0.00000000,  0, 17.04337478, 0
-0.01951338, 0.01275062, 0.00000000,  0, 17.07190585, 0
-0.01952150, 0.01276302, 0.00000000,  0, 17.09850097, 0
-0.01954783, 0.01278081, 0.00000000,  0, 17.13420796, 0
-0.01956508, 0.01278969, 0.00000000,  0, 17.16517687, 0
-0.01957737, 0.01279597, 0.00000000,  0, 17.19252586, 0
-0.01958353, 0.01279852, 0.00000000,  0, 17.21864891, 0
-0.01958843, 0.01279017, 0.00000000,  0, 17.24220300, 0
-0.01959397, 0.01276603, 0.00000000,  0, 17.26802778, 0
-0.01959807, 0.01275567, 0.00000000,  0, 17.29635286, 0
-0.01960703, 0.01275589, 0.00000000,  0, 17.32205987, 0
-0.01962313, 0.01275615, 0.00000000,  0, 17.34601092, 0
-0.01963112, 0.01275628, 0.00000000,  0, 17.37452579, 0
-0.01963993, 0.01274193, 0.00000000,  0, 17.39887595, 0
-0.01964632, 0.01273081, 0.00000000,  0, 17.43052888, 0
-0.01965087, 0.01272294, 0.00000000,  0, 17.45785379, 0
-0.01965312, 0.01271794, 0.00000000,  0, 17.48710990, 0
-0.01965563, 0.01269877, 0.00000000,  0, 17.51324487, 0
-0.01965753, 0.01268442, 0.00000000,  0, 17.54785180, 0
-0.01966115, 0.01267451, 0.00000000,  0, 17.57534790, 0
-0.01967222, 0.01266962, 0.00000000,  0, 17.59871888, 0
-0.01969990, 0.01265080, 0.00000000,  0, 17.63542891, 0
-0.01971974, 0.01263156, 0.00000000,  0, 17.66120481, 0
-0.01972978, 0.01261381, 0.00000000,  0, 17.68300581, 0
-0.01973775, 0.01259974, 0.00000000,  0, 17.70788193, 0
-0.01974406, 0.01258862, 0.00000000,  0, 17.73079395, 0
-0.01975106, 0.01257632, 0.00000000,  0, 17.75679779, 0
-0.01976666, 0.01256732, 0.00000000,  0, 17.78323793, 0
-0.01978794, 0.01256306, 0.00000000,  0, 17.80773687, 0
-0.01982690, 0.01255550, 0.00000000,  0, 17.83604193, 0
-0.01984742, 0.01254287, 0.00000000,  0, 17.86279392, 0
-0.01987020, 0.01252891, 0.00000000,  0, 17.89237189, 0
-0.01988702, 0.01251863, 0.00000000,  0, 17.92289782, 0
-0.01990136, 0.01250995, 0.00000000,  0, 17.95913577, 0
-0.01991042, 0.01249722, 0.00000000,  0, 17.99640584, 0
-0.01991497, 0.01248095, 0.00000000,  0, 18.03307891, 0
-0.01991793, 0.01247010, 0.00000000,  0, 18.06182599, 0
-0.01991939, 0.01246465, 0.00000000,  0, 18.08453798, 0
-0.01992097, 0.01245851, 0.00000000,  0, 18.10827398, 0
-0.01992203, 0.01245532, 0.00000000,  0, 18.14377785, 0
-0.01992265, 0.01246738, 0.00000000,  0, 18.17565298, 0
-0.01994219, 0.01248244, 0.00000000,  0, 18.21047688, 0
-0.01996342, 0.01249657, 0.00000000,  0, 18.23111796, 0
-0.01999174, 0.01250966, 0.00000000,  0, 18.25381684, 0
-0.02003175, 0.01253089, 0.00000000,  0, 18.27436686, 0
-0.02007664, 0.01256751, 0.00000000,  0, 18.30220795, 0
-0.02009946, 0.01258622, 0.00000000,  0, 18.33162284, 0
-0.02012528, 0.01260754, 0.00000000,  0, 18.35721087, 0
-0.02014294, 0.01262228, 0.00000000,  0, 18.38399887, 0
-0.02015183, 0.01262979, 0.00000000,  0, 18.41201997, 0
-0.02016384, 0.01264048, 0.00000000,  0, 18.44420195, 0
-0.02015445, 0.01264568, 0.00000000,  0, 18.47912979, 0
-0.02014746, 0.01264946, 0.00000000,  0, 18.50520182, 0
-0.02014394, 0.01265132, 0.00000000,  0, 18.53507900, 0
-0.02013820, 0.01265344, 0.00000000,  0, 18.56054688, 0
-0.02012026, 0.01266079, 0.00000000,  0, 18.58990192, 0
-0.02011108, 0.01267122, 0.00000000,  0, 18.61633897, 0
-0.02009166, 0.01268323, 0.00000000,  0, 18.63749480, 0
-0.02007744, 0.01268908, 0.00000000,  0, 18.66437793, 0
-0.02005639, 0.01269767, 0.00000000,  0, 18.70016694, 0
-0.02004551, 0.01270204, 0.00000000,  0, 18.73534179, 0
-0.02004025, 0.01270412, 0.00000000,  0, 18.75762796, 0
-0.02004870, 0.01270644, 0.00000000,  0, 18.78473783, 0
-0.02005578, 0.01270808, 0.00000000,  0, 18.81305599, 0
-0.02006158, 0.01270923, 0.00000000,  0, 18.84234977, 0
-0.02009605, 0.01270999, 0.00000000,  0, 18.87152100, 0
-0.02021863, 0.01271065, 0.00000000,  0, 18.91211987, 0
-0.02035485, 0.01271094, 0.00000000,  0, 18.95192981, 0
-0.02057318, 0.01270500, 0.00000000,  0, 18.99227977, 0
-0.02085035, 0.01266773, 0.00000000,  0, 19.02627277, 0
-0.02110915, 0.01262531, 0.00000000,  0, 19.06079292, 0
-0.02146304, 0.01253065, 0.00000000,  0, 19.09655595, 0
-0.02174729, 0.01243197, 0.00000000,  0, 19.13015580, 0
-0.02193925, 0.01235782, 0.00000000,  0, 19.15596294, 0
-0.02225059, 0.01221845, 0.00000000,  0, 19.17868280, 0
-0.02247098, 0.01211627, 0.00000000,  0, 19.20328498, 0
-0.02269136, 0.01201495, 0.00000000,  0, 19.22757888, 0
-0.02304924, 0.01186437, 0.00000000,  0, 19.25414181, 0
-0.02341888, 0.01171453, 0.00000000,  0, 19.28027296, 0
-0.02367425, 0.01161557, 0.00000000,  0, 19.30329800, 0
-0.02391713, 0.01151682, 0.00000000,  0, 19.32667279, 0
-0.02424422, 0.01136926, 0.00000000,  0, 19.35212898, 0
-0.02443413, 0.01127119, 0.00000000,  0, 19.37907577, 0
-0.02467443, 0.01112448, 0.00000000,  0, 19.40547895, 0
-0.02486823, 0.01098875, 0.00000000,  0, 19.43765879, 0
-0.02497525, 0.01090939, 0.00000000,  0, 19.45983291, 0
-0.02511232, 0.01078614, 0.00000000,  0, 19.48404384, 0
-0.02519206, 0.01070030, 0.00000000,  0, 19.50860000, 0
-0.02526639, 0.01061011, 0.00000000,  0, 19.53221798, 0
-0.02537897, 0.01044718, 0.00000000,  0, 19.55896378, 0
-0.02545165, 0.01032360, 0.00000000,  0, 19.58336282, 0
-0.02556831, 0.01013029, 0.00000000,  0, 19.60531092, 0
-0.02565032, 0.00999700, 0.00000000,  0, 19.62936997, 0
-0.02575097, 0.00979357, 0.00000000,  0, 19.65595388, 0
-0.02581028, 0.00966526, 0.00000000,  0, 19.68302393, 0
-0.02589827, 0.00944679, 0.00000000,  0, 19.70734882, 0
-0.02595688, 0.00929025, 0.00000000,  0, 19.73127198, 0
-0.02600304, 0.00912365, 0.00000000,  0, 19.75219893, 0
-0.02603891, 0.00893818, 0.00000000,  0, 19.77604580, 0
-0.02607649, 0.00861870, 0.00000000,  0, 19.80181885, 0
-0.02610234, 0.00827857, 0.00000000,  0, 19.82875085, 0
-0.02611381, 0.00804485, 0.00000000,  0, 19.85421991, 0
-0.02611050, 0.00772543, 0.00000000,  0, 19.88137984, 0
-0.02610706, 0.00751891, 0.00000000,  0, 19.90474677, 0
-0.02610158, 0.00722000, 0.00000000,  0, 19.93180490, 0
-0.02609199, 0.00704016, 0.00000000,  0, 19.95538187, 0
-0.02607310, 0.00687804, 0.00000000,  0, 19.97965097, 0
-0.02603223, 0.00667060, 0.00000000,  0, 20.00916982, 0
-0.02597992, 0.00650289, 0.00000000,  0, 20.03362799, 0
-0.02594064, 0.00639836, 0.00000000,  0, 20.05930591, 0
-0.02589871, 0.00630559, 0.00000000,  0, 20.08138990, 0
-0.02583104, 0.00617448, 0.00000000,  0, 20.10395479, 0
-0.02578872, 0.00607457, 0.00000000,  0, 20.12964678, 0
-0.02572328, 0.00593316, 0.00000000,  0, 20.15539384, 0
-0.02566464, 0.00584984, 0.00000000,  0, 20.18033099, 0
-0.02559655, 0.00577155, 0.00000000,  0, 20.20369697, 0
-0.02548294, 0.00563070, 0.00000000,  0, 20.23112297, 0
-0.02538946, 0.00549895, 0.00000000,  0, 20.25532293, 0
-0.02522727, 0.00527427, 0.00000000,  0, 20.27947187, 0
-0.02504731, 0.00501132, 0.00000000,  0, 20.30781293, 0
-0.02491131, 0.00481063, 0.00000000,  0, 20.33078384, 0
-0.02476987, 0.00459195, 0.00000000,  0, 20.35742784, 0
-0.02456707, 0.00422898, 0.00000000,  0, 20.38079882, 0
-0.02443104, 0.00398173, 0.00000000,  0, 20.40626788, 0
-0.02425634, 0.00361274, 0.00000000,  0, 20.43320084, 0
-0.02415384, 0.00337193, 0.00000000,  0, 20.45780492, 0
-0.02400134, 0.00305025, 0.00000000,  0, 20.48410177, 0
-0.02385961, 0.00275530, 0.00000000,  0, 20.51804590, 0
-0.02368399, 0.00242192, 0.00000000,  0, 20.55410480, 0
-0.02357064, 0.00221206, 0.00000000,  0, 20.58972788, 0
-0.02346924, 0.00201337, 0.00000000,  0, 20.61561990, 0
-0.02340664, 0.00188461, 0.00000000,  0, 20.64175582, 0
-0.02333130, 0.00175114, 0.00000000,  0, 20.66816998, 0
-0.02329192, 0.00168787, 0.00000000,  0, 20.69431782, 0
-0.02324854, 0.00164016, 0.00000000,  0, 20.71773386, 0
-0.02322643, 0.00162538, 0.00000000,  0, 20.74630380, 0
-0.02320165, 0.00161910, 0.00000000,  0, 20.77607179, 0
-0.02318394, 0.00161282, 0.00000000,  0, 20.79887795, 0
-0.02317196, 0.00160839, 0.00000000,  0, 20.83078980, 0
-0.02316343, 0.00160784, 0.00000000,  0, 20.86518383, 0
-0.02315760, 0.00162654, 0.00000000,  0, 20.89216089, 0
-0.02315480, 0.00164781, 0.00000000,  0, 20.91756392, 0
-0.02315807, 0.00168011, 0.00000000,  0, 20.94266081, 0
-0.02318075, 0.00172614, 0.00000000,  0, 20.97156692, 0
-0.02320511, 0.00176332, 0.00000000,  0, 20.99735498, 0
-0.02325074, 0.00182542, 0.00000000,  0, 21.02332497, 0
-0.02330492, 0.00189349, 0.00000000,  0, 21.05289078, 0
-0.02334439, 0.00194112, 0.00000000,  0, 21.07850480, 0
-0.02340706, 0.00200420, 0.00000000,  0, 21.10582590, 0
-0.02347315, 0.00207876, 0.00000000,  0, 21.13572693, 0
-0.02352170, 0.00212191, 0.00000000,  0, 21.16216493, 0
-0.02360583, 0.00219047, 0.00000000,  0, 21.18774891, 0
-0.02366018, 0.00223813, 0.00000000,  0, 21.20986795, 0
-0.02374020, 0.00231190, 0.00000000,  0, 21.24335599, 0
-0.02382539, 0.00241315, 0.00000000,  0, 21.27984381, 0
-0.02389007, 0.00246304, 0.00000000,  0, 21.31007600, 0
-0.02393714, 0.00251106, 0.00000000,  0, 21.33860779, 0
-0.02397082, 0.00255869, 0.00000000,  0, 21.36911988, 0
-0.02398725, 0.00259574, 0.00000000,  0, 21.39484191, 0
-0.02401989, 0.00263950, 0.00000000,  0, 21.42558479, 0
-0.02405033, 0.00268116, 0.00000000,  0, 21.46280289, 0
-0.02406549, 0.00270381, 0.00000000,  0, 21.49983978, 0
-0.02407845, 0.00274096, 0.00000000,  0, 21.53729892, 0
-0.02408620, 0.00275597, 0.00000000,  0, 21.57446480, 0
-0.02408878, 0.00275907, 0.00000000,  0, 21.60288978, 0
-0.02409144, 0.00276346, 0.00000000,  0, 21.62857795, 0
-0.02409267, 0.00276075, 0.00000000,  0, 21.65213490, 0
-0.02409388, 0.00275078, 0.00000000,  0, 21.67792296, 0
-0.02409433, 0.00274657, 0.00000000,  0, 21.70077300, 0
-0.02409466, 0.00274018, 0.00000000,  0, 21.72632098, 0
-0.02409471, 0.00272805, 0.00000000,  0, 21.75137997, 0
-0.02409457, 0.00271566, 0.00000000,  0, 21.77873683, 0
-0.02409438, 0.00270988, 0.00000000,  0, 21.80283380, 0
-0.02409401, 0.00271383, 0.00000000,  0, 21.83528781, 0
-0.02411113, 0.00267271, 0.00000000,  0, 21.87506890, 0
-0.02413991, 0.00260983, 0.00000000,  0, 21.91350579, 0
-0.02416096, 0.00256515, 0.00000000,  0, 21.95038080, 0
-0.02417122, 0.00254387, 0.00000000,  0, 21.98707199, 0
-0.02418011, 0.00251898, 0.00000000,  0, 22.02377582, 0
-0.02417371, 0.00249683, 0.00000000,  0, 22.05833387, 0
-0.02416195, 0.00249870, 0.00000000,  0, 22.09205198, 0
-0.02414190, 0.00248373, 0.00000000,  0, 22.12712884, 0
-0.02413045, 0.00246468, 0.00000000,  0, 22.14871693, 0
-0.02411777, 0.00243166, 0.00000000,  0, 22.17407489, 0
-0.02411126, 0.00241534, 0.00000000,  0, 22.19959784, 0
-0.02409384, 0.00239732, 0.00000000,  0, 22.22875094, 0
-0.02408140, 0.00238907, 0.00000000,  0, 22.25365686, 0
-0.02405345, 0.00235132, 0.00000000,  0, 22.27616596, 0
-0.02403775, 0.00231992, 0.00000000,  0, 22.30279899, 0
-0.02402047, 0.00228049, 0.00000000,  0, 22.32791281, 0
-0.02401627, 0.00223520, 0.00000000,  0, 22.35229778, 0
-0.02402938, 0.00212148, 0.00000000,  0, 22.38436389, 0
-0.02404878, 0.00195722, 0.00000000,  0, 22.42191386, 0
-0.02406117, 0.00176540, 0.00000000,  0, 22.45904779, 0
-0.02406725, 0.00160006, 0.00000000,  0, 22.49016285, 0
-0.02407137, 0.00141883, 0.00000000,  0, 22.52452397, 0
-0.02407423, 0.00122695, 0.00000000,  0, 22.55136180, 0
-0.02407559, 0.00108722, 0.00000000,  0, 22.57742596, 0
-0.02407707, 0.00087141, 0.00000000,  0, 22.60153294, 0
-0.02407774, 0.00073741, 0.00000000,  0, 22.62804389, 0
-0.02407844, 0.00053597, 0.00000000,  0, 22.65439582, 0
-0.02407873, 0.00041022, 0.00000000,  0, 22.67763090, 0
-0.02407893, 0.00029225, 0.00000000,  0, 22.70071983, 0
-0.02407906, 0.00014427, 0.00000000,  0, 22.72781992, 0
-0.02407909, 0.00000656, 0.00000000,  0, 22.75447989, 0
-0.02408285, -0.00011126, 0.00000000,  0, 22.78687000, 0
-0.02410096, -0.00023048, 0.00000000,  0, 22.82434392, 0
-0.02411582, -0.00029292, 0.00000000,  0, 22.85617495, 0
-0.02412992, -0.00031830, 0.00000000,  0, 22.88177991, 0
-0.02414588, -0.00032800, 0.00000000,  0, 22.90759492, 0
-0.02415359, -0.00031842, 0.00000000,  0, 22.93227482, 0
-0.02416232, -0.00028879, 0.00000000,  0, 22.95860481, 0
-0.02416661, -0.00026091, 0.00000000,  0, 22.98236179, 0
-0.02417127, -0.00020970, 0.00000000,  0, 23.00799298, 0
-0.02417873, -0.00018113, 0.00000000,  0, 23.03325796, 0
-0.02419565, -0.00014719, 0.00000000,  0, 23.05990577, 0
-0.02420375, -0.00011640, 0.00000000,  0, 23.08493996, 0
-0.02422651, -0.00006324, 0.00000000,  0, 23.11070180, 0
-0.02425038, -0.00002362, 0.00000000,  0, 23.13868093, 0
-0.02429646, 0.00004087, 0.00000000,  0, 23.16384792, 0
-0.02434038, 0.00010869, 0.00000000,  0, 23.19466686, 0
-0.02437123, 0.00017695, 0.00000000,  0, 23.22504592, 0
-0.02439266, 0.00023486, 0.00000000,  0, 23.25708795, 0
-0.02440327, 0.00028283, 0.00000000,  0, 23.28131986, 0
-0.02441542, 0.00036260, 0.00000000,  0, 23.30430293, 0
-0.02442124, 0.00040591, 0.00000000,  0, 23.32885599, 0
-0.02442768, 0.00047405, 0.00000000,  0, 23.35638785, 0
-0.02443203, 0.00055744, 0.00000000,  0, 23.38495898, 0
-0.02443413, 0.00061746, 0.00000000,  0, 23.41030288, 0
-0.02443638, 0.00071175, 0.00000000,  0, 23.43887687, 0
-0.02445179, 0.00075442, 0.00000000,  0, 23.46688390, 0
-0.02446031, 0.00077716, 0.00000000,  0, 23.49009395, 0
-0.02446974, 0.00081470, 0.00000000,  0, 23.51869678, 0
-0.02447435, 0.00084017, 0.00000000,  0, 23.54430890, 0
-0.02447976, 0.00088586, 0.00000000,  0, 23.57211685, 0
-0.02448322, 0.00094091, 0.00000000,  0, 23.59719181, 0
-0.02448486, 0.00098092, 0.00000000,  0, 23.62377691, 0
-0.02448652, 0.00104462, 0.00000000,  0, 23.64988399, 0
-0.02448758, 0.00110049, 0.00000000,  0, 23.67948389, 0
-0.02448799, 0.00113774, 0.00000000,  0, 23.70187688, 0
-0.02448829, 0.00119863, 0.00000000,  0, 23.72988987, 0
-0.02448836, 0.00124130, 0.00000000,  0, 23.75867677, 0
-0.02448829, 0.00130797, 0.00000000,  0, 23.78927398, 0
-0.02448810, 0.00137690, 0.00000000,  0, 23.81880999, 0
-0.02448780, 0.00144735, 0.00000000,  0, 23.84140682, 0
-0.02448756, 0.00149488, 0.00000000,  0, 23.86619091, 0
-0.02448398, 0.00154271, 0.00000000,  0, 23.88841391, 0
-0.02446904, 0.00161509, 0.00000000,  0, 23.92112684, 0
-0.02445732, 0.00168795, 0.00000000,  0, 23.94994998, 0
-0.02445191, 0.00173653, 0.00000000,  0, 23.97238088, 0
-0.02444184, 0.00179129, 0.00000000,  0, 23.99917078, 0
-0.02441434, 0.00183898, 0.00000000,  0, 24.02568293, 0
-0.02439532, 0.00186818, 0.00000000,  0, 24.05205178, 0
-0.02436185, 0.00191300, 0.00000000,  0, 24.07718992, 0
-0.02433211, 0.00194808, 0.00000000,  0, 24.10155678, 0
-0.02427896, 0.00197319, 0.00000000,  0, 24.12743378, 0
-0.02424430, 0.00198499, 0.00000000,  0, 24.15119982, 0
-0.02419727, 0.00199818, 0.00000000,  0, 24.17924690, 0
-0.02416146, 0.00201160, 0.00000000,  0, 24.20701194, 0
-0.02410311, 0.00203244, 0.00000000,  0, 24.23032379, 0
-0.02407219, 0.00204237, 0.00000000,  0, 24.25505590, 0
-0.02403748, 0.00204965, 0.00000000,  0, 24.28487778, 0
-0.02401235, 0.00204295, 0.00000000,  0, 24.31468678, 0
-0.02399648, 0.00202016, 0.00000000,  0, 24.35186386, 0
-0.02399908, 0.00200596, 0.00000000,  0, 24.38550591, 0
-0.02400152, 0.00197446, 0.00000000,  0, 24.42160583, 0
-0.02400248, 0.00196970, 0.00000000,  0, 24.44750881, 0
-0.02400364, 0.00196944, 0.00000000,  0, 24.47434282, 0
-0.02400427, 0.00196923, 0.00000000,  0, 24.49966884, 0
-0.02400506, 0.00196886, 0.00000000,  0, 24.52651477, 0
-0.02400551, 0.00196526, 0.00000000,  0, 24.54790092, 0
-0.02400610, 0.00195035, 0.00000000,  0, 24.57542300, 0
-0.02400644, 0.00194292, 0.00000000,  0, 24.59890985, 0
-0.02400676, 0.00193690, 0.00000000,  0, 24.62402487, 0
-0.02400719, 0.00194082, 0.00000000,  0, 24.64834189, 0
-0.02400745, 0.00194595, 0.00000000,  0, 24.67132998, 0
-0.02400782, 0.00195463, 0.00000000,  0, 24.69881296, 0
-0.02400805, 0.00196784, 0.00000000,  0, 24.72074890, 0
-0.02400827, 0.00197828, 0.00000000,  0, 24.74570894, 0
-0.02400868, 0.00198249, 0.00000000,  0, 24.78120184, 0
-0.02400906, 0.00197596, 0.00000000,  0, 24.81785798, 0
-0.02400934, 0.00197251, 0.00000000,  0, 24.85099888, 0
-0.02400951, 0.00197073, 0.00000000,  0, 24.87189698, 0
-0.02400969, 0.00196927, 0.00000000,  0, 24.89773989, 0
-0.02400994, 0.00196333, 0.00000000,  0, 24.92907691, 0
-0.02401018, 0.00194755, 0.00000000,  0, 24.95500898, 0
-0.02401042, 0.00193427, 0.00000000,  0, 24.98035383, 0
-0.02401057, 0.00191830, 0.00000000,  0, 25.00290394, 0
-0.02401072, 0.00190539, 0.00000000,  0, 25.02617097, 0
-0.02401094, 0.00189125, 0.00000000,  0, 25.05327678, 0
-0.02401108, 0.00187998, 0.00000000,  0, 25.07888484, 0
-0.02401122, 0.00186387, 0.00000000,  0, 25.10168195, 0
-0.02401142, 0.00183802, 0.00000000,  0, 25.12898183, 0
-0.02401162, 0.00181133, 0.00000000,  0, 25.15658092, 0
-0.02401181, 0.00178792, 0.00000000,  0, 25.18670583, 0
-0.02401200, 0.00175122, 0.00000000,  0, 25.21643400, 0
-0.02401218, 0.00170375, 0.00000000,  0, 25.25204897, 0
-0.02401236, 0.00165489, 0.00000000,  0, 25.28478479, 0
-0.02401253, 0.00160784, 0.00000000,  0, 25.31022882, 0
-0.02401270, 0.00157233, 0.00000000,  0, 25.33644199, 0
-0.02401281, 0.00155393, 0.00000000,  0, 25.36390090, 0
-0.02401297, 0.00152521, 0.00000000,  0, 25.38979292, 0
-0.02401308, 0.00149350, 0.00000000,  0, 25.41706586, 0
-0.02401328, 0.00143200, 0.00000000,  0, 25.45439982, 0
-0.02401342, 0.00140110, 0.00000000,  0, 25.48611879, 0
-0.02401361, 0.00137420, 0.00000000,  0, 25.52337289, 0
-0.02401375, 0.00136049, 0.00000000,  0, 25.55068493, 0
-0.02401384, 0.00135391, 0.00000000,  0, 25.57513499, 0
-0.02401393, 0.00134883, 0.00000000,  0, 25.59798884, 0
-0.02401406, 0.00134313, 0.00000000,  0, 25.62476683, 0
-0.02401418, 0.00133925, 0.00000000,  0, 25.65306282, 0
-0.02401426, 0.00133069, 0.00000000,  0, 25.67712784, 0
-0.02401434, 0.00131345, 0.00000000,  0, 25.69894195, 0
-0.02401442, 0.00129543, 0.00000000,  0, 25.72193694, 0
-0.02401454, 0.00127511, 0.00000000,  0, 25.74766493, 0
-0.02401465, 0.00126087, 0.00000000,  0, 25.77393985, 0
-0.02401472, 0.00125393, 0.00000000,  0, 25.80257583, 0
-0.02401484, 0.00123749, 0.00000000,  0, 25.82849598, 0
-0.02401491, 0.00121026, 0.00000000,  0, 25.85499287, 0
-0.02401501, 0.00116864, 0.00000000,  0, 25.87877893, 0
-0.02401508, 0.00114839, 0.00000000,  0, 25.90266895, 0
-0.02401514, 0.00114277, 0.00000000,  0, 25.92765999, 0
-0.02401524, 0.00113750, 0.00000000,  0, 25.95020795, 0
-0.02401530, 0.00113642, 0.00000000,  0, 25.97448993, 0
-0.02401536, 0.00114578, 0.00000000,  0, 25.99779892, 0
-0.02401545, 0.00117043, 0.00000000,  0, 26.02743983, 0
-0.02401554, 0.00118870, 0.00000000,  0, 26.05563998, 0
-0.02401562, 0.00120485, 0.00000000,  0, 26.09143877, 0
-0.02401573, 0.00124814, 0.00000000,  0, 26.12697983, 0
-0.02401578, 0.00126708, 0.00000000,  0, 26.15353489, 0
-0.02401586, 0.00128830, 0.00000000,  0, 26.18283296, 0
-0.02401594, 0.00131382, 0.00000000,  0, 26.20950294, 0
-0.02401601, 0.00133745, 0.00000000,  0, 26.23533177, 0
-0.02401608, 0.00136116, 0.00000000,  0, 26.26810980, 0
-0.02401613, 0.00137912, 0.00000000,  0, 26.29199100, 0
-0.02401620, 0.00139986, 0.00000000,  0, 26.31753278, 0
-0.02401624, 0.00140984, 0.00000000,  0, 26.34410691, 0
-0.02401630, 0.00143807, 0.00000000,  0, 26.36860299, 0
-0.02401635, 0.00146205, 0.00000000,  0, 26.39029694, 0
-0.02401639, 0.00148125, 0.00000000,  0, 26.41561484, 0
-0.02401645, 0.00150254, 0.00000000,  0, 26.44426680, 0
-0.02401649, 0.00151825, 0.00000000,  0, 26.46717095, 0
-0.02401653, 0.00154107, 0.00000000,  0, 26.49500084, 0
-0.02401659, 0.00159341, 0.00000000,  0, 26.51663589, 0
-0.02401663, 0.00161806, 0.00000000,  0, 26.54232478, 0
-0.02401668, 0.00163179, 0.00000000,  0, 26.56757283, 0
-0.02401672, 0.00163797, 0.00000000,  0, 26.59105182, 0
-0.02401675, 0.00164288, 0.00000000,  0, 26.61577988, 0
-0.02401680, 0.00164825, 0.00000000,  0, 26.64064789, 0
-0.02401684, 0.00165098, 0.00000000,  0, 26.66671681, 0
-0.02401689, 0.00165397, 0.00000000,  0, 26.69084597, 0
-0.02401692, 0.00164710, 0.00000000,  0, 26.71167779, 0
-0.02402450, 0.00163910, 0.00000000,  0, 26.73356891, 0
-0.02403389, 0.00163266, 0.00000000,  0, 26.75498891, 0
-0.02404115, 0.00162765, 0.00000000,  0, 26.77715898, 0
-0.02404998, 0.00162156, 0.00000000,  0, 26.80206800, 0
-0.02406476, 0.00161874, 0.00000000,  0, 26.82804680, 0
-0.02408181, 0.00161545, 0.00000000,  0, 26.85616684, 0
-0.02409034, 0.00161377, 0.00000000,  0, 26.88037777, 0
-0.02409982, 0.00161936, 0.00000000,  0, 26.90665698, 0
-0.02410667, 0.00163147, 0.00000000,  0, 26.93500185, 0
-0.02411004, 0.00163744, 0.00000000,  0, 26.95916200, 0
-0.02411372, 0.00164780, 0.00000000,  0, 26.99028182, 0
-0.02411558, 0.00166123, 0.00000000,  0, 27.01496196, 0
-0.02411764, 0.00167620, 0.00000000,  0, 27.04173398, 0
-0.02411864, 0.00168365, 0.00000000,  0, 27.06281400, 0
-0.02412508, 0.00168961, 0.00000000,  0, 27.08537197, 0
-0.02413995, 0.00169636, 0.00000000,  0, 27.11627078, 0
-0.02415291, 0.00170216, 0.00000000,  0, 27.15490699, 0
-0.02415942, 0.00169225, 0.00000000,  0, 27.18797183, 0
-0.02416393, 0.00168248, 0.00000000,  0, 27.21457100, 0
-0.02416715, 0.00167536, 0.00000000,  0, 27.24095798, 0
-0.02416870, 0.00167181, 0.00000000,  0, 27.26151896, 0
-0.02416991, 0.00166899, 0.00000000,  0, 27.28519392, 0
-0.02417127, 0.00166566, 0.00000000,  0, 27.31978893, 0
-0.02417240, 0.00166264, 0.00000000,  0, 27.35607982, 0
-0.02420142, 0.00165128, 0.00000000,  0, 27.39241791, 0
-0.02422444, 0.00163746, 0.00000000,  0, 27.42803884, 0
-0.02424037, 0.00162782, 0.00000000,  0, 27.45419383, 0
-0.02424842, 0.00162292, 0.00000000,  0, 27.48014998, 0
-0.02425763, 0.00160692, 0.00000000,  0, 27.50752783, 0
-0.02426199, 0.00159558, 0.00000000,  0, 27.53172278, 0
-0.02426699, 0.00156674, 0.00000000,  0, 27.55705380, 0
-0.02427041, 0.00153134, 0.00000000,  0, 27.58978081, 0
-0.02427280, 0.00150572, 0.00000000,  0, 27.62204480, 0
-0.02427438, 0.00147335, 0.00000000,  0, 27.64890981, 0
-0.02427512, 0.00145280, 0.00000000,  0, 27.67583084, 0
-0.02427589, 0.00141124, 0.00000000,  0, 27.70395088, 0
-0.02428960, 0.00136176, 0.00000000,  0, 27.73104286, 0
-0.02429814, 0.00133526, 0.00000000,  0, 27.75526500, 0
-0.02430746, 0.00130623, 0.00000000,  0, 27.78116798, 0
-0.02431217, 0.00128701, 0.00000000,  0, 27.80818892, 0
-0.02431741, 0.00124734, 0.00000000,  0, 27.83283186, 0
-0.02431997, 0.00122295, 0.00000000,  0, 27.85752797, 0
-0.02432283, 0.00118289, 0.00000000,  0, 27.88267994, 0
-0.02432419, 0.00116076, 0.00000000,  0, 27.90834594, 0
-0.02432561, 0.00111673, 0.00000000,  0, 27.93458080, 0
-0.02432657, 0.00106512, 0.00000000,  0, 27.96457887, 0
-0.02432699, 0.00103488, 0.00000000,  0, 27.99101877, 0
-0.02432741, 0.00099987, 0.00000000,  0, 28.02082300, 0
-0.02432767, 0.00094023, 0.00000000,  0, 28.05701494, 0
-0.02432769, 0.00088968, 0.00000000,  0, 28.08801794, 0
-0.02432767, 0.00086034, 0.00000000,  0, 28.11093283, 0
-0.02432761, 0.00082750, 0.00000000,  0, 28.13504791, 0
-0.02432748, 0.00077167, 0.00000000,  0, 28.16394377, 0
-0.02432732, 0.00071100, 0.00000000,  0, 28.19102693, 0
-0.02432720, 0.00067898, 0.00000000,  0, 28.21512198, 0
-0.02431240, 0.00064320, 0.00000000,  0, 28.24202681, 0
-0.02430079, 0.00061761, 0.00000000,  0, 28.27578592, 0
-0.02429022, 0.00059500, 0.00000000,  0, 28.31247878, 0
-0.02428487, 0.00058411, 0.00000000,  0, 28.34187698, 0
-0.02428110, 0.00056304, 0.00000000,  0, 28.37205482, 0
-0.02427835, 0.00054678, 0.00000000,  0, 28.40463877, 0
-0.02427632, 0.00052350, 0.00000000,  0, 28.43843579, 0
-0.02427490, 0.00049873, 0.00000000,  0, 28.46331477, 0
-0.02427416, 0.00047945, 0.00000000,  0, 28.49046683, 0
-0.02427330, 0.00045762, 0.00000000,  0, 28.51389480, 0
-0.02428114, 0.00044719, 0.00000000,  0, 28.54194689, 0
-0.02429458, 0.00043415, 0.00000000,  0, 28.56653190, 0
-0.02431862, 0.00039599, 0.00000000,  0, 28.59877896, 0
-0.02433075, 0.00037689, 0.00000000,  0, 28.62081981, 0
-0.02434052, 0.00035871, 0.00000000,  0, 28.64383984, 0
-0.02435410, 0.00031969, 0.00000000,  0, 28.68068886, 0
-0.02436072, 0.00030091, 0.00000000,  0, 28.70725894, 0
-0.02436403, 0.00029165, 0.00000000,  0, 28.73209190, 0
-0.02436779, 0.00028130, 0.00000000,  0, 28.75676489, 0
-0.02436959, 0.00028547, 0.00000000,  0, 28.77868581, 0
-0.02437160, 0.00029320, 0.00000000,  0, 28.80720687, 0
-0.02437294, 0.00029290, 0.00000000,  0, 28.84200788, 0
-0.02437406, 0.00028135, 0.00000000,  0, 28.87835884, 0
-0.02437441, 0.00027348, 0.00000000,  0, 28.90628600, 0
-0.02437482, 0.00025030, 0.00000000,  0, 28.94351983, 0
-0.02437496, 0.00023926, 0.00000000,  0, 28.97433281, 0
-0.02437500, 0.00023154, 0.00000000,  0, 29.00919795, 0
-0.02437495, 0.00022537, 0.00000000,  0, 29.04259777, 0
-0.02437489, 0.00021510, 0.00000000,  0, 29.06692100, 0
-0.02437479, 0.00019998, 0.00000000,  0, 29.09525895, 0
-0.02437466, 0.00018989, 0.00000000,  0, 29.12334180, 0
-0.02437456, 0.00018005, 0.00000000,  0, 29.14984989, 0
-0.02437441, 0.00016044, 0.00000000,  0, 29.17365098, 0
-0.02437431, 0.00014271, 0.00000000,  0, 29.19655180, 0
-0.02437420, 0.00011862, 0.00000000,  0, 29.22259498, 0
-0.02436148, 0.00007388, 0.00000000,  0, 29.24921393, 0
-0.02435287, 0.00004969, 0.00000000,  0, 29.27212882, 0
-0.02434337, 0.00002340, 0.00000000,  0, 29.29769492, 0
-0.02433847, 0.00001009, 0.00000000,  0, 29.32199979, 0
-0.02433298, -0.00000448, 0.00000000,  0, 29.34865880, 0
-0.02432899, -0.00001463, 0.00000000,  0, 29.37696886, 0
-0.02432702, -0.00001941, 0.00000000,  0, 29.40577579, 0
-0.02432482, -0.00002886, 0.00000000,  0, 29.43470383, 0
-0.02432321, -0.00004635, 0.00000000,  0, 29.46341491, 0
-0.02432241, -0.00005475, 0.00000000,  0, 29.49258089, 0
-0.02432122, -0.00006651, 0.00000000,  0, 29.52405381, 0
-0.02432079, -0.00007041, 0.00000000,  0, 29.54899883, 0
-0.02432016, -0.00007559, 0.00000000,  0, 29.58199000, 0
-0.02431993, -0.00007719, 0.00000000,  0, 29.60913682, 0
-0.02431966, -0.00007873, 0.00000000,  0, 29.63364887, 0
-0.02431945, -0.00007954, 0.00000000,  0, 29.66281796, 0
-0.02431934, -0.00009039, 0.00000000,  0, 29.68496990, 0
-0.02431925, -0.00009898, 0.00000000,  0, 29.71100092, 0
-0.02431914, -0.00010836, 0.00000000,  0, 29.73666883, 0
-0.02431908, -0.00011297, 0.00000000,  0, 29.76176000, 0
-0.02431900, -0.00012446, 0.00000000,  0, 29.78614283, 0
-0.02431893, -0.00014136, 0.00000000,  0, 29.81476784, 0
-0.02431889, -0.00014936, 0.00000000,  0, 29.83689094, 0
-0.02432871, -0.00015561, 0.00000000,  0, 29.86299491, 0
-0.02434146, -0.00016260, 0.00000000,  0, 29.88938189, 0
-0.02434782, -0.00016593, 0.00000000,  0, 29.91471982, 0
-0.02435484, -0.00016935, 0.00000000,  0, 29.94508195, 0
-0.02435994, -0.00017160, 0.00000000,  0, 29.97184777, 0
0.00024414, 0.00149825, 0.00000000,  0, 30.00001693, 0
0.00024414, 0.00149825, 0.00000000,  0, 33.02603292, 0
0.00024386, 0.00150326, 0.00000000,  0, 33.06356883, 0
0.00025434, 0.00148910, 0.00000000,  0, 33.10059500, 0
0.00025949, 0.00148517, 0.00000000,  0, 33.14044595, 0
0.00027047, 0.00148509, 0.00000000,  0, 33.17687488, 0
0.00029874, 0.00146257, 0.00000000,  0, 33.21582079, 0
0.00032795, 0.00144622, 0.00000000,  0, 33.26144385, 0
0.00034606, 0.00147260, 0.00000000,  0, 33.30198193, 0
0.00035736, 0.00152465, 0.00000000,  0, 33.34737778, 0
0.00036667, 0.00163170, 0.00000000,  0, 33.40053797, 0
0.00038170, 0.00170230, 0.00000000,  0, 33.45467687, 0
0.00039785, 0.00174783, 0.00000000,  0, 33.49328780, 0
0.00040561, 0.00179504, 0.00000000,  0, 33.52994990, 0
0.00041386, 0.00188842, 0.00000000,  0, 33.58041000, 0
0.00041749, 0.00196466, 0.00000000,  0, 33.61818099, 0
0.00041966, 0.00201570, 0.00000000,  0, 33.65921092, 0
0.00042078, 0.00204609, 0.00000000,  0, 33.69879699, 0
0.00043506, 0.00203733, 0.00000000,  0, 33.73771286, 0
0.00046181, 0.00199521, 0.00000000,  0, 33.77633691, 0
0.00048594, 0.00195290, 0.00000000,  0, 33.82182693, 0
0.00050382, 0.00192021, 0.00000000,  0, 33.87643099, 0
0.00051206, 0.00190403, 0.00000000,  0, 33.91631699, 0
0.00051702, 0.00189330, 0.00000000,  0, 33.95410991, 0
0.00051994, 0.00188600, 0.00000000,  0, 33.99132586, 0
0.00052340, 0.00187772, 0.00000000,  0, 34.02730298, 0
0.00055507, 0.00181236, 0.00000000,  0, 34.06494379, 0
0.00058256, 0.00177430, 0.00000000,  0, 34.10401177, 0
0.00059607, 0.00175532, 0.00000000,  0, 34.13909197, 0
0.00060818, 0.00173773, 0.00000000,  0, 34.17569089, 0
0.00061558, 0.00172630, 0.00000000,  0, 34.22033787, 0
0.00061994, 0.00171889, 0.00000000,  0, 34.25952077, 0
0.00062243, 0.00171395, 0.00000000,  0, 34.29987884, 0
0.00062989, 0.00169835, 0.00000000,  0, 34.34032297, 0
0.00064844, 0.00166010, 0.00000000,  0, 34.37752700, 0
0.00065739, 0.00164116, 0.00000000,  0, 34.41628790, 0
0.00066514, 0.00162415, 0.00000000,  0, 34.45364189, 0
0.00066973, 0.00162934, 0.00000000,  0, 34.49362993, 0
0.00067244, 0.00163615, 0.00000000,  0, 34.53109288, 0
0.00067415, 0.00164105, 0.00000000,  0, 34.58127785, 0
0.00067463, 0.00164282, 0.00000000,  0, 34.61778998, 0
0.00067484, 0.00165907, 0.00000000,  0, 34.67008400, 0
0.00067464, 0.00167649, 0.00000000,  0, 34.71469879, 0
0.00067433, 0.00168469, 0.00000000,  0, 34.75497699, 0
0.00068386, 0.00166910, 0.00000000,  0, 34.79194689, 0
0.00070212, 0.00159113, 0.00000000,  0, 34.84266686, 0
0.00071073, 0.00155149, 0.00000000,  0, 34.88370681, 0
0.00071593, 0.00151633, 0.00000000,  0, 34.91795182, 0
0.00071834, 0.00149164, 0.00000000,  0, 34.95307994, 0
0.00072153, 0.00146627, 0.00000000,  0, 34.98959088, 0
0.00073731, 0.00142540, 0.00000000,  0, 35.02641892, 0
0.00075390, 0.00140164, 0.00000000,  0, 35.06987286, 0
0.00076149, 0.00142003, 0.00000000,  0, 35.11100984, 0
0.00076522, 0.00145203, 0.00000000,  0, 35.14929485, 0
0.00076835, 0.00148435, 0.00000000,  0, 35.18889785, 0
0.00077008, 0.00150441, 0.00000000,  0, 35.22414780, 0
0.00077083, 0.00151673, 0.00000000,  0, 35.25720882, 0
0.00077125, 0.00153861, 0.00000000,  0, 35.29197097, 0
0.00077145, 0.00156582, 0.00000000,  0, 35.32307577, 0
0.00077145, 0.00160406, 0.00000000,  0, 35.35995984, 0
0.00077128, 0.00164617, 0.00000000,  0, 35.39650297, 0
0.00077100, 0.00168485, 0.00000000,  0, 35.43549991, 0
0.00075528, 0.00172808, 0.00000000,  0, 35.47569299, 0
0.00074055, 0.00177799, 0.00000000,  0, 35.51744294, 0
0.00072950, 0.00183557, 0.00000000,  0, 35.56769586, 0
0.00072521, 0.00186783, 0.00000000,  0, 35.60237479, 0
0.00072217, 0.00189507, 0.00000000,  0, 35.63602185, 0
0.00071932, 0.00191956, 0.00000000,  0, 35.67269588, 0
0.00071740, 0.00193489, 0.00000000,  0, 35.71071100, 0
0.00070586, 0.00196284, 0.00000000,  0, 35.75210786, 0
0.00069260, 0.00199092, 0.00000000,  0, 35.78643990, 0
0.00068056, 0.00201950, 0.00000000,  0, 35.83160877, 0
0.00067162, 0.00206143, 0.00000000,  0, 35.88001394, 0
0.00066644, 0.00208492, 0.00000000,  0, 35.93159890, 0
0.00066344, 0.00209773, 0.00000000,  0, 35.98352790, 0
0.00066174, 0.00210425, 0.00000000,  0, 36.03110385, 0
0.00066071, 0.00210749, 0.00000000,  0, 36.08442998, 0
0.00066009, 0.00210882, 0.00000000,  0, 36.12979198, 0
0.00065976, 0.00210908, 0.00000000,  0, 36.16897678, 0
0.00065959, 0.00212275, 0.00000000,  0, 36.20262980, 0
0.00065940, 0.00214930, 0.00000000,  0, 36.23896790, 0
0.00066408, 0.00215357, 0.00000000,  0, 36.27485681, 0
0.00068192, 0.00211666, 0.00000000,  0, 36.31056380, 0
0.00069063, 0.00209838, 0.00000000,  0, 36.34467697, 0
0.00069849, 0.00208157, 0.00000000,  0, 36.38330197, 0
0.00070244, 0.00207288, 0.00000000,  0, 36.41992784, 0
0.00069979, 0.00202904, 0.00000000,  0, 36.47365093, 0
0.00068767, 0.00200398, 0.00000000,  0, 36.51016498, 0
0.00067428, 0.00199056, 0.00000000,  0, 36.55955386, 0
0.00066822, 0.00199193, 0.00000000,  0, 36.59427500, 0
0.00066519, 0.00199252, 0.00000000,  0, 36.63204098, 0
0.00066244, 0.00199294, 0.00000000,  0, 36.67380095, 0
0.00066068, 0.00200781, 0.00000000,  0, 36.71289277, 0
0.00065980, 0.00201907, 0.00000000,  0, 36.74525499, 0
0.00065893, 0.00203851, 0.00000000,  0, 36.78312683, 0
0.00065854, 0.00205630, 0.00000000,  0, 36.81714177, 0
0.00065826, 0.00207421, 0.00000000,  0, 36.85123992, 0
0.00065795, 0.00210814, 0.00000000,  0, 36.89666796, 0
0.00065779, 0.00213160, 0.00000000,  0, 36.93864179, 0
0.00064145, 0.00216419, 0.00000000,  0, 36.97838283, 0
0.00062776, 0.00219831, 0.00000000,  0, 37.01841784, 0
0.00061902, 0.00220621, 0.00000000,  0, 37.05667281, 0
0.00061457, 0.00220509, 0.00000000,  0, 37.09551191, 0
0.00061059, 0.00220385, 0.00000000,  0, 37.13296199, 0
0.00060783, 0.00220272, 0.00000000,  0, 37.17733979, 0
0.00060672, 0.00220209, 0.00000000,  0, 37.21210289, 0
0.00060577, 0.00220134, 0.00000000,  0, 37.24856591, 0
0.00060531, 0.00220082, 0.00000000,  0, 37.28570485, 0
0.00060486, 0.00218338, 0.00000000,  0, 37.32980394, 0
0.00060468, 0.00215461, 0.00000000,  0, 37.36898494, 0
0.00060461, 0.00213627, 0.00000000,  0, 37.40287089, 0
0.00060457, 0.00211964, 0.00000000,  0, 37.44233584, 0
0.00059378, 0.00211098, 0.00000000,  0, 37.47828889, 0
0.00057834, 0.00210339, 0.00000000,  0, 37.51355195, 0
0.00056877, 0.00211678, 0.00000000,  0, 37.55260181, 0
0.00056397, 0.00212452, 0.00000000,  0, 37.58939886, 0
0.00055976, 0.00213130, 0.00000000,  0, 37.62845898, 0
0.00055663, 0.00213632, 0.00000000,  0, 37.68201685, 0
0.00054319, 0.00212659, 0.00000000,  0, 37.72331977, 0
0.00052452, 0.00211045, 0.00000000,  0, 37.77401996, 0
0.00051238, 0.00209970, 0.00000000,  0, 37.82893991, 0
0.00050775, 0.00209484, 0.00000000,  0, 37.86870885, 0
0.00048581, 0.00202390, 0.00000000,  0, 37.90916777, 0
0.00047489, 0.00198117, 0.00000000,  0, 37.94623184, 0
0.00046509, 0.00194254, 0.00000000,  0, 37.98392391, 0
0.00045899, 0.00191810, 0.00000000,  0, 38.02244186, 0
0.00045531, 0.00190297, 0.00000000,  0, 38.05926299, 0
0.00045349, 0.00189526, 0.00000000,  0, 38.09850097, 0
0.00045196, 0.00187593, 0.00000000,  0, 38.13723183, 0
0.00045113, 0.00185677, 0.00000000,  0, 38.17652893, 0
0.00045079, 0.00184733, 0.00000000,  0, 38.21132493, 0
0.00045057, 0.00184068, 0.00000000,  0, 38.24848390, 0
0.00045053, 0.00185446, 0.00000000,  0, 38.28524685, 0
0.00045061, 0.00186320, 0.00000000,  0, 38.32565999, 0
0.00045071, 0.00186765, 0.00000000,  0, 38.36042380, 0
0.00045084, 0.00187086, 0.00000000,  0, 38.39439678, 0
0.00045103, 0.00185768, 0.00000000,  0, 38.43017697, 0
0.00045124, 0.00184597, 0.00000000,  0, 38.46962094, 0
0.00045145, 0.00183870, 0.00000000,  0, 38.50879192, 0
0.00045162, 0.00183515, 0.00000000,  0, 38.54603696, 0
0.00045188, 0.00183134, 0.00000000,  0, 38.58832097, 0
0.00043920, 0.00183077, 0.00000000,  0, 38.64312291, 0
0.00042273, 0.00185130, 0.00000000,  0, 38.68802977, 0
0.00041611, 0.00185085, 0.00000000,  0, 38.72287178, 0
0.00041025, 0.00185935, 0.00000000,  0, 38.75854588, 0
0.00040664, 0.00186715, 0.00000000,  0, 38.79839277, 0
0.00040488, 0.00187113, 0.00000000,  0, 38.83645082, 0
0.00040339, 0.00186795, 0.00000000,  0, 38.87274480, 0
0.00039673, 0.00184778, 0.00000000,  0, 38.91361284, 0
0.00038246, 0.00182663, 0.00000000,  0, 38.94938493, 0
0.00035169, 0.00178978, 0.00000000,  0, 38.98151994, 0
0.00033511, 0.00177008, 0.00000000,  0, 39.01779699, 0
0.00032054, 0.00175270, 0.00000000,  0, 39.05654597, 0
0.00031156, 0.00172233, 0.00000000,  0, 39.09325600, 0
0.00030701, 0.00170671, 0.00000000,  0, 39.13288188, 0
0.00030315, 0.00169313, 0.00000000,  0, 39.17132783, 0
0.00030137, 0.00168663, 0.00000000,  0, 39.20326996, 0
0.00030320, 0.00167080, 0.00000000,  0, 39.24159884, 0
0.00032404, 0.00160131, 0.00000000,  0, 39.28827500, 0
0.00033207, 0.00157502, 0.00000000,  0, 39.32321286, 0
0.00033784, 0.00155645, 0.00000000,  0, 39.35626984, 0
0.00034309, 0.00154007, 0.00000000,  0, 39.39391780, 0
0.00034647, 0.00152946, 0.00000000,  0, 39.42938089, 0
0.00034820, 0.00150954, 0.00000000,  0, 39.46410298, 0
0.00034950, 0.00148530, 0.00000000,  0, 39.49846387, 0
0.00035071, 0.00145723, 0.00000000,  0, 39.53490591, 0
0.00035156, 0.00143944, 0.00000000,  0, 39.57441378, 0
0.00035203, 0.00143072, 0.00000000,  0, 39.60734296, 0
0.00035246, 0.00142407, 0.00000000,  0, 39.64138889, 0
0.00035285, 0.00141934, 0.00000000,  0, 39.68049479, 0
0.00035315, 0.00141663, 0.00000000,  0, 39.71897984, 0
0.00035335, 0.00141549, 0.00000000,  0, 39.75653887, 0
0.00032060, 0.00137129, 0.00000000,  0, 39.79305196, 0
0.00029369, 0.00134779, 0.00000000,  0, 39.83134389, 0
0.00027653, 0.00133301, 0.00000000,  0, 39.87260985, 0
0.00026596, 0.00132414, 0.00000000,  0, 39.91332388, 0
0.00025535, 0.00131450, 0.00000000,  0, 39.95229387, 0
0.00022896, 0.00128939, 0.00000000,  0, 39.99658489, 0
0.00021654, 0.00127778, 0.00000000,  0, 40.03784084, 0
0.00021033, 0.00127210, 0.00000000,  0, 40.07436180, 0
0.00020508, 0.00126746, 0.00000000,  0, 40.11105990, 0
0.00020184, 0.00126477, 0.00000000,  0, 40.14964890, 0
0.00019996, 0.00126340, 0.00000000,  0, 40.18949485, 0
0.00020384, 0.00124800, 0.00000000,  0, 40.23457193, 0
0.00022134, 0.00119377, 0.00000000,  0, 40.27762198, 0
0.00023241, 0.00116019, 0.00000000,  0, 40.31844878, 0
0.00023949, 0.00113937, 0.00000000,  0, 40.35616779, 0
0.00024400, 0.00112674, 0.00000000,  0, 40.39260793, 0
0.00024636, 0.00112051, 0.00000000,  0, 40.42566490, 0
0.00024855, 0.00111524, 0.00000000,  0, 40.47026181, 0
0.00025996, 0.00109235, 0.00000000,  0, 40.50851679, 0
0.00028486, 0.00104298, 0.00000000,  0, 40.54362798, 0
0.00031951, 0.00097422, 0.00000000,  0, 40.58197284, 0
0.00035368, 0.00090674, 0.00000000,  0, 40.61593080, 0
0.00037042, 0.00087399, 0.00000000,  0, 40.65162086, 0
0.00038590, 0.00084407, 0.00000000,  0, 40.69200778, 0
0.00039562, 0.00082568, 0.00000000,  0, 40.72930288, 0
0.00040040, 0.00081692, 0.00000000,  0, 40.76512384, 0
0.00040554, 0.00080795, 0.00000000,  0, 40.80790496, 0
0.00040742, 0.00080496, 0.00000000,  0, 40.84221888, 0
0.00040869, 0.00080317, 0.00000000,  0, 40.87717700, 0
0.00041345, 0.00079098, 0.00000000,  0, 40.91288781, 0
0.00042846, 0.00074719, 0.00000000,  0, 40.94760585, 0
0.00044173, 0.00070873, 0.00000000,  0, 40.98557782, 0
0.00044994, 0.00068518, 0.00000000,  0, 41.02117586, 0
0.00045407, 0.00067353, 0.00000000,  0, 41.06071496, 0
0.00045764, 0.00066370, 0.00000000,  0, 41.09782100, 0
0.00045988, 0.00064208, 0.00000000,  0, 41.13271189, 0
0.00046094, 0.00059749, 0.00000000,  0, 41.17046094, 0
0.00046180, 0.00055903, 0.00000000,  0, 41.20918679, 0
0.00046218, 0.00054213, 0.00000000,  0, 41.24306393, 0
0.00046245, 0.00055635, 0.00000000,  0, 41.27812886, 0
0.00046255, 0.00059972, 0.00000000,  0, 41.33217788, 0
0.00046250, 0.00064994, 0.00000000,  0, 41.37958694, 0
0.00046243, 0.00069642, 0.00000000,  0, 41.41605186, 0
0.00046231, 0.00074146, 0.00000000,  0, 41.45174694, 0
0.00046220, 0.00079583, 0.00000000,  0, 41.48749685, 0
0.00046054, 0.00087670, 0.00000000,  0, 41.52576900, 0
0.00044129, 0.00094612, 0.00000000,  0, 41.56369495, 0
0.00042912, 0.00099818, 0.00000000,  0, 41.60738277, 0
0.00042143, 0.00103879, 0.00000000,  0, 41.64751196, 0
0.00043304, 0.00109283, 0.00000000,  0, 41.68310690, 0
0.00044140, 0.00113326, 0.00000000,  0, 41.71685481, 0
0.00044711, 0.00116950, 0.00000000,  0, 41.75153589, 0
0.00043946, 0.00119226, 0.00000000,  0, 41.79010296, 0
0.00042789, 0.00119291, 0.00000000,  0, 41.82918096, 0
0.00042217, 0.00119721, 0.00000000,  0, 41.86075187, 0
0.00041570, 0.00120138, 0.00000000,  0, 41.91090393, 0
0.00041277, 0.00119851, 0.00000000,  0, 41.95027781, 0
0.00041126, 0.00119697, 0.00000000,  0, 41.98492980, 0
0.00040994, 0.00119552, 0.00000000,  0, 42.02496481, 0
0.00040895, 0.00121638, 0.00000000,  0, 42.07462978, 0
0.00040847, 0.00122715, 0.00000000,  0, 42.11394882, 0
0.00040824, 0.00123236, 0.00000000,  0, 42.15087295, 0
0.00040801, 0.00123714, 0.00000000,  0, 42.18978882, 0
0.00040787, 0.00123997, 0.00000000,  0, 42.22948980, 0
0.00040780, 0.00124129, 0.00000000,  0, 42.26299787, 0
0.00040773, 0.00125742, 0.00000000,  0, 42.29866385, 0
0.00040769, 0.00127218, 0.00000000,  0, 42.33646393, 0
0.00040766, 0.00128136, 0.00000000,  0, 42.37991977, 0
0.00040764, 0.00128697, 0.00000000,  0, 42.41811800, 0
0.00040762, 0.00129040, 0.00000000,  0, 42.46192598, 0
0.00040761, 0.00129245, 0.00000000,  0, 42.49954295, 0
0.00040760, 0.00129340, 0.00000000,  0, 42.53517580, 0
0.00040759, 0.00129411, 0.00000000,  0, 42.57314181, 0
0.00040759, 0.00131250, 0.00000000,  0, 42.61395478, 0
0.00040758, 0.00132590, 0.00000000,  0, 42.65405488, 0
0.00040758, 0.00133409, 0.00000000,  0, 42.69284678, 0
