0.00017291, -0.00007121, 0.00000000,  0, 0.02076507, 0
0.00053659, -0.00024403, 0.00000000,  0, 0.04615808, 0
0.00108184, -0.00052590, 0.00000000,  0, 0.07370114, 0
0.00143619, -0.00072597, 0.00000000,  0, 0.09932709, 0
0.00193059, -0.00104145, 0.00000000,  0, 0.12321115, 0
0.00222840, -0.00125144, 0.00000000,  0, 0.14869499, 0
0.00250318, -0.00145244, 0.00000000,  0, 0.17160511, 0
0.00289211, -0.00173297, 0.00000000,  0, 0.19373298, 0
0.00301437, -0.00182053, 0.00000000,  0, 0.20979714, 0
0.00336084, -0.00207167, 0.00000000,  0, 0.23398113, 0
0.00359386, -0.00223176, 0.00000000,  0, 0.26285315, 0
0.00398203, -0.00247566, 0.00000000,  0, 0.29244614, 0
0.00442555, -0.00271641, 0.00000000,  0, 0.31468201, 0
0.00457970, -0.00279862, 0.00000000,  0, 0.33321095, 0
0.00506251, -0.00303615, 0.00000000,  0, 0.35529709, 0
0.00522474, -0.00310794, 0.00000000,  0, 0.37285709, 0
0.00555593, -0.00325083, 0.00000000,  0, 0.39366198, 0
0.00605776, -0.00344107, 0.00000000,  0, 0.42087603, 0
0.00638928, -0.00354609, 0.00000000,  0, 0.44214702, 0
0.00672989, -0.00363685, 0.00000000,  0, 0.46483397, 0
0.00706856, -0.00370712, 0.00000000,  0, 0.48469901, 0
0.00760763, -0.00378742, 0.00000000,  0, 0.50763893, 0
0.00800145, -0.00384645, 0.00000000,  0, 0.53039408, 0
0.00840060, -0.00391174, 0.00000000,  0, 0.55155396, 0
0.00879454, -0.00398212, 0.00000000,  0, 0.57510614, 0
0.00937592, -0.00409527, 0.00000000,  0, 0.60511494, 0
0.00974800, -0.00416723, 0.00000000,  0, 0.62480307, 0
0.01010672, -0.00422283, 0.00000000,  0, 0.64635897, 0
0.01058671, -0.00428128, 0.00000000,  0, 0.67336798, 0
0.01087151, -0.00430851, 0.00000000,  0, 0.69965696, 0
0.01123795, -0.00433640, 0.00000000,  0, 0.72207093, 0
0.01133694, -0.00434256, 0.00000000,  0, 0.74197912, 0
0.01153425, -0.00435298, 0.00000000,  0, 0.76020908, 0
0.01168527, -0.00435864, 0.00000000,  0, 0.78089309, 0
0.01179486, -0.00436423, 0.00000000,  0, 0.80172610, 0
0.01189416, -0.00437890, 0.00000000,  0, 0.83082914, 0
0.01192050, -0.00440952, 0.00000000,  0, 0.86269403, 0
0.01189732, -0.00443654, 0.00000000,  0, 0.88871098, 0
0.01187817, -0.00444757, 0.00000000,  0, 0.90842104, 0
0.01184012, -0.00446094, 0.00000000,  0, 0.92840409, 0
0.01177035, -0.00448599, 0.00000000,  0, 0.95202994, 0
0.01169217, -0.00450455, 0.00000000,  0, 0.97279811, 0
0.01161674, -0.00451789, 0.00000000,  0, 0.99432302, 0
0.01155318, -0.00452723, 0.00000000,  0, 1.01497602, 0
0.01147966, -0.00454341, 0.00000000,  0, 1.03727412, 0
0.01138700, -0.00455476, 0.00000000,  0, 1.05979705, 0
0.01128240, -0.00456306, 0.00000000,  0, 1.07679701, 0
0.01118079, -0.00456818, 0.00000000,  0, 1.09853196, 0
0.01102944, -0.00457340, 0.00000000,  0, 1.12758613, 0
0.01091041, -0.00459700, 0.00000000,  0, 1.15174294, 0
0.01088341, -0.00459939, 0.00000000,  0, 1.16949201, 0
0.01087457, -0.00458463, 0.00000000,  0, 1.19264197, 0
0.01091860, -0.00456354, 0.00000000,  0, 1.21623111, 0
0.01099713, -0.00453598, 0.00000000,  0, 1.23982215, 0
0.01109896, -0.00450244, 0.00000000,  0, 1.26292109, 0
0.01121742, -0.00446466, 0.00000000,  0, 1.28234410, 0
0.01136052, -0.00442334, 0.00000000,  0, 1.29964900, 0
0.01160985, -0.00435635, 0.00000000,  0, 1.32640910, 0
0.01178905, -0.00430947, 0.00000000,  0, 1.35200405, 0
0.01197168, -0.00426104, 0.00000000,  0, 1.37158704, 0
0.01226495, -0.00418635, 0.00000000,  0, 1.39729500, 0
0.01247022, -0.00413552, 0.00000000,  0, 1.42114902, 0
0.01267623, -0.00408416, 0.00000000,  0, 1.44394493, 0
0.01297719, -0.00400641, 0.00000000,  0, 1.46935010, 0
0.01316584, -0.00395396, 0.00000000,  0, 1.49554396, 0
0.01342881, -0.00387523, 0.00000000,  0, 1.52012205, 0
0.01358388, -0.00382262, 0.00000000,  0, 1.54546809, 0
0.01371292, -0.00378079, 0.00000000,  0, 1.56493306, 0
0.01384345, -0.00373668, 0.00000000,  0, 1.58455110, 0
0.01396601, -0.00370000, 0.00000000,  0, 1.60668302, 0
0.01408077, -0.00366165, 0.00000000,  0, 1.62626600, 0
0.01423073, -0.00359929, 0.00000000,  0, 1.65106201, 0
0.01432575, -0.00355494, 0.00000000,  0, 1.67265701, 0
0.01442953, -0.00350888, 0.00000000,  0, 1.69076514, 0
0.01448466, -0.00348527, 0.00000000,  0, 1.71021414, 0
0.01464615, -0.00345135, 0.00000000,  0, 1.73349810, 0
0.01476577, -0.00346348, 0.00000000,  0, 1.75323892, 0
0.01489831, -0.00349234, 0.00000000,  0, 1.77487993, 0
0.01502080, -0.00353538, 0.00000000,  0, 1.79639506, 0
0.01514070, -0.00358656, 0.00000000,  0, 1.81574106, 0
0.01523344, -0.00364831, 0.00000000,  0, 1.83767295, 0
0.01530277, -0.00372548, 0.00000000,  0, 1.86148000, 0
0.01536546, -0.00379611, 0.00000000,  0, 1.88345194, 0
0.01545878, -0.00389279, 0.00000000,  0, 1.91374707, 0
0.01553593, -0.00399598, 0.00000000,  0, 1.94062114, 0
0.01558267, -0.00407196, 0.00000000,  0, 1.96356797, 0
0.01562136, -0.00419778, 0.00000000,  0, 1.98805308, 0
0.01561376, -0.00429832, 0.00000000,  0, 2.01401401, 0
0.01559248, -0.00444590, 0.00000000,  0, 2.04418993, 0
0.01560469, -0.00455919, 0.00000000,  0, 2.07433414, 0
0.01559298, -0.00467675, 0.00000000,  0, 2.09958100, 0
0.01559039, -0.00475347, 0.00000000,  0, 2.12033606, 0
0.01561919, -0.00485793, 0.00000000,  0, 2.15110493, 0
0.01566668, -0.00492095, 0.00000000,  0, 2.17171001, 0
0.01572175, -0.00498161, 0.00000000,  0, 2.19217396, 0
0.01578555, -0.00503846, 0.00000000,  0, 2.21135902, 0
0.01584858, -0.00508691, 0.00000000,  0, 2.23310399, 0
0.01591698, -0.00513330, 0.00000000,  0, 2.25674701, 0
0.01598675, -0.00517745, 0.00000000,  0, 2.27668214, 0
0.01604661, -0.00522648, 0.00000000,  0, 2.29847503, 0
0.01607639, -0.00528468, 0.00000000,  0, 2.31803203, 0
0.01607248, -0.00535079, 0.00000000,  0, 2.33800292, 0
0.01605485, -0.00542032, 0.00000000,  0, 2.35813713, 0
0.01602365, -0.00547484, 0.00000000,  0, 2.38392806, 0
0.01598103, -0.00555317, 0.00000000,  0, 2.41003513, 0
0.01594342, -0.00560405, 0.00000000,  0, 2.42833495, 0
0.01591342, -0.00564977, 0.00000000,  0, 2.44907093, 0
0.01588148, -0.00568111, 0.00000000,  0, 2.46943808, 0
0.01585210, -0.00570083, 0.00000000,  0, 2.49160004, 0
0.01581891, -0.00572619, 0.00000000,  0, 2.51662612, 0
0.01579003, -0.00575586, 0.00000000,  0, 2.53584695, 0
0.01575580, -0.00578879, 0.00000000,  0, 2.55399609, 0
0.01573854, -0.00582446, 0.00000000,  0, 2.57072210, 0
0.01574025, -0.00584328, 0.00000000,  0, 2.58660793, 0
0.01574623, -0.00588180, 0.00000000,  0, 2.60947704, 0
0.01575052, -0.00594255, 0.00000000,  0, 2.63177609, 0
0.01575123, -0.00598459, 0.00000000,  0, 2.65448594, 0
0.01574205, -0.00603603, 0.00000000,  0, 2.67914510, 0
0.01573100, -0.00607964, 0.00000000,  0, 2.70204997, 0
0.01570366, -0.00614662, 0.00000000,  0, 2.72960806, 0
0.01566452, -0.00622879, 0.00000000,  0, 2.75917196, 0
0.01564314, -0.00628171, 0.00000000,  0, 2.78327894, 0
0.01562124, -0.00633322, 0.00000000,  0, 2.80483913, 0
0.01558913, -0.00638172, 0.00000000,  0, 2.82349992, 0
0.01553617, -0.00642070, 0.00000000,  0, 2.84711909, 0
0.01548855, -0.00646226, 0.00000000,  0, 2.86714697, 0
0.01535319, -0.00653479, 0.00000000,  0, 2.88991499, 0
0.01525079, -0.00657559, 0.00000000,  0, 2.91506505, 0
0.01508736, -0.00663857, 0.00000000,  0, 2.94527912, 0
0.01499204, -0.00667477, 0.00000000,  0, 2.97157598, 0
0.01486452, -0.00671401, 0.00000000,  0, 2.99613500, 0
0.01478812, -0.00672183, 0.00000000,  0, 3.01731396, 0
0.01469717, -0.00672748, 0.00000000,  0, 3.03739405, 0
0.01455512, -0.00671473, 0.00000000,  0, 3.06728005, 0
0.01437803, -0.00667207, 0.00000000,  0, 3.10296512, 0
0.01432423, -0.00665269, 0.00000000,  0, 3.13097000, 0
0.01428331, -0.00662330, 0.00000000,  0, 3.16539502, 0
0.01428773, -0.00661218, 0.00000000,  0, 3.19180894, 0
0.01428327, -0.00658523, 0.00000000,  0, 3.21404099, 0
0.01426125, -0.00654390, 0.00000000,  0, 3.23894906, 0
0.01422246, -0.00650767, 0.00000000,  0, 3.27362299, 0
0.01417584, -0.00648200, 0.00000000,  0, 3.30298615, 0
0.01416750, -0.00644304, 0.00000000,  0, 3.32447600, 0
0.01419628, -0.00637964, 0.00000000,  0, 3.35046005, 0
0.01423458, -0.00634359, 0.00000000,  0, 3.37842607, 0
0.01427246, -0.00633274, 0.00000000,  0, 3.40831709, 0
0.01431611, -0.00632620, 0.00000000,  0, 3.42753601, 0
0.01437842, -0.00630919, 0.00000000,  0, 3.45129108, 0
0.01449102, -0.00625214, 0.00000000,  0, 3.47443795, 0
0.01458457, -0.00618495, 0.00000000,  0, 3.49291492, 0
0.01467183, -0.00610081, 0.00000000,  0, 3.51293707, 0
0.01476697, -0.00600276, 0.00000000,  0, 3.53551102, 0
0.01485173, -0.00589537, 0.00000000,  0, 3.55623507, 0
0.01491030, -0.00577015, 0.00000000,  0, 3.58693504, 0
0.01490483, -0.00566879, 0.00000000,  0, 3.61799502, 0
0.01494832, -0.00553459, 0.00000000,  0, 3.64723206, 0
0.01499934, -0.00542236, 0.00000000,  0, 3.66686511, 0
0.01506665, -0.00529271, 0.00000000,  0, 3.68646097, 0
0.01514421, -0.00514787, 0.00000000,  0, 3.70647812, 0
0.01523665, -0.00499326, 0.00000000,  0, 3.72677207, 0
0.01534494, -0.00483014, 0.00000000,  0, 3.74864912, 0
0.01546104, -0.00465981, 0.00000000,  0, 3.76929212, 0
0.01557971, -0.00448123, 0.00000000,  0, 3.79226613, 0
0.01569721, -0.00428693, 0.00000000,  0, 3.81448412, 0
0.01581997, -0.00408222, 0.00000000,  0, 3.83525395, 0
0.01593582, -0.00388165, 0.00000000,  0, 3.85423398, 0
0.01605957, -0.00366866, 0.00000000,  0, 3.87786508, 0
0.01619680, -0.00346139, 0.00000000,  0, 3.89697599, 0
0.01635486, -0.00325706, 0.00000000,  0, 3.91582513, 0
0.01659582, -0.00293962, 0.00000000,  0, 3.93989110, 0
0.01677686, -0.00273132, 0.00000000,  0, 3.96065092, 0
0.01697901, -0.00252514, 0.00000000,  0, 3.98244309, 0
0.01719023, -0.00232081, 0.00000000,  0, 4.00371504, 0
0.01737601, -0.00212946, 0.00000000,  0, 4.02562404, 0
0.01758223, -0.00194798, 0.00000000,  0, 4.04680800, 0
0.01779626, -0.00177341, 0.00000000,  0, 4.06506300, 0
0.01797623, -0.00162932, 0.00000000,  0, 4.08234501, 0
0.01814098, -0.00150020, 0.00000000,  0, 4.10352993, 0
0.01829003, -0.00138354, 0.00000000,  0, 4.12498403, 0
0.01842117, -0.00128920, 0.00000000,  0, 4.14627314, 0
0.01853050, -0.00121417, 0.00000000,  0, 4.16756797, 0
0.01861477, -0.00115456, 0.00000000,  0, 4.19061399, 0
0.01868843, -0.00110775, 0.00000000,  0, 4.20960307, 0
0.01874616, -0.00107285, 0.00000000,  0, 4.23123193, 0
0.01879465, -0.00105537, 0.00000000,  0, 4.25418401, 0
0.01890970, -0.00103753, 0.00000000,  0, 4.27799797, 0
0.01907055, -0.00102572, 0.00000000,  0, 4.30637002, 0
0.01913500, -0.00102325, 0.00000000,  0, 4.32534504, 0
0.01934368, -0.00100948, 0.00000000,  0, 4.35061097, 0
0.01948914, -0.00099148, 0.00000000,  0, 4.37090707, 0
0.01963414, -0.00096763, 0.00000000,  0, 4.39079213, 0
0.01985183, -0.00092374, 0.00000000,  0, 4.42031813, 0
0.01998629, -0.00090009, 0.00000000,  0, 4.44345808, 0
0.02011183, -0.00088197, 0.00000000,  0, 4.46218991, 0
0.02023118, -0.00086815, 0.00000000,  0, 4.48481011, 0
0.02039971, -0.00085165, 0.00000000,  0, 4.51118398, 0
0.02050745, -0.00083448, 0.00000000,  0, 4.53317308, 0
0.02061269, -0.00082145, 0.00000000,  0, 4.55411005, 0
0.02071484, -0.00080119, 0.00000000,  0, 4.57270002, 0
0.02081510, -0.00078558, 0.00000000,  0, 4.59719515, 0
0.02091375, -0.00077362, 0.00000000,  0, 4.62003112, 0
0.02104326, -0.00076110, 0.00000000,  0, 4.64263701, 0
0.02110891, -0.00075559, 0.00000000,  0, 4.66623402, 0
0.02118763, -0.00075624, 0.00000000,  0, 4.69652295, 0
0.02121989, -0.00076414, 0.00000000,  0, 4.71943498, 0
0.02123993, -0.00077496, 0.00000000,  0, 4.74020100, 0
0.02125049, -0.00079129, 0.00000000,  0, 4.76206994, 0
0.02126282, -0.00080640, 0.00000000,  0, 4.77992392, 0
0.02125066, -0.00083187, 0.00000000,  0, 4.80224299, 0
0.02122042, -0.00088205, 0.00000000,  0, 4.82488012, 0
0.02118046, -0.00095859, 0.00000000,  0, 4.85575199, 0
0.02112908, -0.00103485, 0.00000000,  0, 4.87721801, 0
0.02108971, -0.00108590, 0.00000000,  0, 4.89674306, 0
0.02106922, -0.00111146, 0.00000000,  0, 4.91648793, 0
0.02100317, -0.00118793, 0.00000000,  0, 4.94013214, 0
0.02096204, -0.00123889, 0.00000000,  0, 4.96143198, 0
0.02092860, -0.00128978, 0.00000000,  0, 4.98339701, 0
0.02088917, -0.00135732, 0.00000000,  0, 5.00866199, 0
0.02087582, -0.00137793, 0.00000000,  0, 5.02835107, 0
0.02084483, -0.00142065, 0.00000000,  0, 5.04671001, 0
0.02080934, -0.00146494, 0.00000000,  0, 5.06540108, 0
0.02077001, -0.00151082, 0.00000000,  0, 5.08389306, 0
0.02071710, -0.00157900, 0.00000000,  0, 5.10579205, 0
0.02066415, -0.00165382, 0.00000000,  0, 5.12968612, 0
0.02058496, -0.00176151, 0.00000000,  0, 5.15121007, 0
0.02055863, -0.00179956, 0.00000000,  0, 5.16905212, 0
0.02050640, -0.00189304, 0.00000000,  0, 5.19343495, 0
0.02047154, -0.00194916, 0.00000000,  0, 5.21875906, 0
0.02044304, -0.00199422, 0.00000000,  0, 5.24007392, 0
0.02041049, -0.00204419, 0.00000000,  0, 5.26301312, 0
0.02039716, -0.00206971, 0.00000000,  0, 5.28468704, 0
0.02039305, -0.00209071, 0.00000000,  0, 5.30497909, 0
0.02039268, -0.00210713, 0.00000000,  0, 5.32944894, 0
0.02041228, -0.00212023, 0.00000000,  0, 5.35022092, 0
0.02044753, -0.00213076, 0.00000000,  0, 5.36960506, 0
0.02047501, -0.00213919, 0.00000000,  0, 5.38994002, 0
0.02049589, -0.00214581, 0.00000000,  0, 5.41320896, 0
0.02051876, -0.00215346, 0.00000000,  0, 5.43753695, 0
0.02052993, -0.00215744, 0.00000000,  0, 5.46337295, 0
0.02053952, -0.00216060, 0.00000000,  0, 5.48493409, 0
0.02056830, -0.00216420, 0.00000000,  0, 5.50861597, 0
0.02058942, -0.00216611, 0.00000000,  0, 5.52914405, 0
0.02060148, -0.00217177, 0.00000000,  0, 5.55024099, 0
0.02060387, -0.00218333, 0.00000000,  0, 5.57440615, 0
0.02061321, -0.00219620, 0.00000000,  0, 5.60379601, 0
0.02062917, -0.00220281, 0.00000000,  0, 5.62859511, 0
0.02064628, -0.00220811, 0.00000000,  0, 5.64781094, 0
0.02066415, -0.00221230, 0.00000000,  0, 5.66527915, 0
0.02068788, -0.00221176, 0.00000000,  0, 5.68299603, 0
0.02071648, -0.00220435, 0.00000000,  0, 5.69993806, 0
0.02075066, -0.00219844, 0.00000000,  0, 5.72165895, 0
0.02079824, -0.00219217, 0.00000000,  0, 5.74415708, 0
0.02086008, -0.00217855, 0.00000000,  0, 5.76460195, 0
0.02087669, -0.00218372, 0.00000000,  0, 5.78217196, 0
0.02094144, -0.00218520, 0.00000000,  0, 5.80480003, 0
0.02099836, -0.00218308, 0.00000000,  0, 5.82817411, 0
0.02107401, -0.00217144, 0.00000000,  0, 5.84922695, 0
0.02116407, -0.00216150, 0.00000000,  0, 5.87325811, 0
0.02130749, -0.00216285, 0.00000000,  0, 5.90056992, 0
0.02142590, -0.00216545, 0.00000000,  0, 5.92023492, 0
0.02156911, -0.00216754, 0.00000000,  0, 5.94462109, 0
0.02173390, -0.00216921, 0.00000000,  0, 5.96630311, 0
0.02201691, -0.00215264, 0.00000000,  0, 5.98743510, 0
0.02212021, -0.00214357, 0.00000000,  0, 6.00543809, 0
0.02238706, -0.00210626, 0.00000000,  0, 6.02919412, 0
0.02279035, -0.00201804, 0.00000000,  0, 6.05258799, 0
0.02309980, -0.00194354, 0.00000000,  0, 6.07605696, 0
0.02341271, -0.00186729, 0.00000000,  0, 6.09614396, 0
0.02373961, -0.00178775, 0.00000000,  0, 6.11855412, 0
0.02406909, -0.00171425, 0.00000000,  0, 6.13610506, 0
0.02441219, -0.00162468, 0.00000000,  0, 6.16067910, 0
0.02490143, -0.00151510, 0.00000000,  0, 6.18966699, 0
0.02522545, -0.00144052, 0.00000000,  0, 6.21419096, 0
0.02553888, -0.00136932, 0.00000000,  0, 6.23316503, 0
0.02583756, -0.00129422, 0.00000000,  0, 6.25024796, 0
0.02605961, -0.00126752, 0.00000000,  0, 6.27399492, 0
0.02627475, -0.00123616, 0.00000000,  0, 6.29272294, 0
0.02644616, -0.00123053, 0.00000000,  0, 6.31179810, 0
0.02659933, -0.00122853, 0.00000000,  0, 6.32915902, 0
0.02669197, -0.00126725, 0.00000000,  0, 6.34891891, 0
0.02673027, -0.00128904, 0.00000000,  0, 6.36768603, 0
0.02684993, -0.00132851, 0.00000000,  0, 6.39038706, 0
0.02692990, -0.00135157, 0.00000000,  0, 6.41340399, 0
0.02712329, -0.00132990, 0.00000000,  0, 6.44099307, 0
0.02741820, -0.00122304, 0.00000000,  0, 6.47121811, 0
0.02753954, -0.00116677, 0.00000000,  0, 6.49220800, 0
0.02793002, -0.00097421, 0.00000000,  0, 6.51371503, 0
0.02822050, -0.00081827, 0.00000000,  0, 6.53138113, 0
0.02854258, -0.00064297, 0.00000000,  0, 6.55431008, 0
0.02888828, -0.00046374, 0.00000000,  0, 6.57675099, 0
0.02934405, -0.00027503, 0.00000000,  0, 6.60379195, 0
0.02969782, -0.00013674, 0.00000000,  0, 6.62779093, 0
0.03008655, 0.00001457, 0.00000000,  0, 6.65087414, 0
0.03049325, 0.00018375, 0.00000000,  0, 6.66994405, 0
0.03094621, 0.00036835, 0.00000000,  0, 6.69219708, 0
0.03167071, 0.00064977, 0.00000000,  0, 6.71551108, 0
0.03216757, 0.00083926, 0.00000000,  0, 6.73782301, 0
0.03266723, 0.00103210, 0.00000000,  0, 6.76371193, 0
0.03341259, 0.00132708, 0.00000000,  0, 6.78603792, 0
0.03390629, 0.00150601, 0.00000000,  0, 6.80944109, 0
0.03414576, 0.00159015, 0.00000000,  0, 6.82539296, 0
0.03461902, 0.00174454, 0.00000000,  0, 6.84574008, 0
0.03505091, 0.00187527, 0.00000000,  0, 6.86612892, 0
0.03546124, 0.00198883, 0.00000000,  0, 6.88511205, 0
0.03603769, 0.00212139, 0.00000000,  0, 6.90851593, 0
0.03641650, 0.00219728, 0.00000000,  0, 6.92925310, 0
0.03678667, 0.00226737, 0.00000000,  0, 6.94937897, 0
0.03716910, 0.00234264, 0.00000000,  0, 6.96985912, 0
0.03755372, 0.00241435, 0.00000000,  0, 6.99042106, 0
0.03793554, 0.00248783, 0.00000000,  0, 7.02187204, 0
0.03846293, 0.00259290, 0.00000000,  0, 7.04610705, 0
0.03902740, 0.00271765, 0.00000000,  0, 7.06870508, 0
0.03939324, 0.00279961, 0.00000000,  0, 7.09392214, 0
0.03972670, 0.00285609, 0.00000000,  0, 7.11732101, 0
0.04000466, 0.00287054, 0.00000000,  0, 7.13653207, 0
0.04027824, 0.00287569, 0.00000000,  0, 7.15750194, 0
0.04063816, 0.00282522, 0.00000000,  0, 7.17989993, 0
0.04086204, 0.00276801, 0.00000000,  0, 7.20756602, 0
0.04120254, 0.00266429, 0.00000000,  0, 7.23812008, 0
0.04161452, 0.00259091, 0.00000000,  0, 7.26825595, 0
0.04204280, 0.00252577, 0.00000000,  0, 7.29380703, 0
0.04233967, 0.00247961, 0.00000000,  0, 7.31311011, 0
0.04248910, 0.00245364, 0.00000000,  0, 7.33143497, 0
0.04288975, 0.00238693, 0.00000000,  0, 7.35512614, 0
0.04317333, 0.00236858, 0.00000000,  0, 7.37631512, 0
0.04348357, 0.00236100, 0.00000000,  0, 7.39403796, 0
0.04385067, 0.00239524, 0.00000000,  0, 7.41502500, 0
0.04405405, 0.00242292, 0.00000000,  0, 7.43325996, 0
0.04450003, 0.00250067, 0.00000000,  0, 7.45459104, 0
0.04496676, 0.00259975, 0.00000000,  0, 7.47202301, 0
0.04547209, 0.00271460, 0.00000000,  0, 7.49563599, 0
0.04597432, 0.00282572, 0.00000000,  0, 7.51328707, 0
0.04647161, 0.00293134, 0.00000000,  0, 7.53367305, 0
0.04698740, 0.00304743, 0.00000000,  0, 7.55344105, 0
0.04777742, 0.00325414, 0.00000000,  0, 7.58190799, 0
0.04829129, 0.00340454, 0.00000000,  0, 7.60299611, 0
0.04879493, 0.00356380, 0.00000000,  0, 7.62511992, 0
0.04931271, 0.00373474, 0.00000000,  0, 7.64927506, 0
0.04983513, 0.00391306, 0.00000000,  0, 7.66825914, 0
0.05035445, 0.00409335, 0.00000000,  0, 7.68917704, 0
0.05109788, 0.00435442, 0.00000000,  0, 7.71139598, 0
0.05161217, 0.00455181, 0.00000000,  0, 7.73901606, 0
0.05237012, 0.00484727, 0.00000000,  0, 7.76413703, 0
0.05285162, 0.00502895, 0.00000000,  0, 7.78585792, 0
0.05332094, 0.00519204, 0.00000000,  0, 7.80667210, 0
0.05378093, 0.00534121, 0.00000000,  0, 7.82487893, 0
0.05422639, 0.00547077, 0.00000000,  0, 7.84617400, 0
0.05467738, 0.00560501, 0.00000000,  0, 7.86522913, 0
0.05511360, 0.00573935, 0.00000000,  0, 7.89032793, 0
0.05550314, 0.00584778, 0.00000000,  0, 7.91230202, 0
0.05587795, 0.00594218, 0.00000000,  0, 7.93369007, 0
0.05642924, 0.00607601, 0.00000000,  0, 7.96056294, 0
0.05672663, 0.00612302, 0.00000000,  0, 7.97881103, 0
0.05700955, 0.00615442, 0.00000000,  0, 7.99875402, 0
0.05727485, 0.00616324, 0.00000000,  0, 8.01885414, 0
0.05754712, 0.00616224, 0.00000000,  0, 8.04696393, 0
0.05803533, 0.00620192, 0.00000000,  0, 8.07270908, 0
0.05834526, 0.00622308, 0.00000000,  0, 8.09264302, 0
0.05871317, 0.00626609, 0.00000000,  0, 8.11717892, 0
0.05912465, 0.00632666, 0.00000000,  0, 8.13809705, 0
0.05983087, 0.00647334, 0.00000000,  0, 8.16035700, 0
0.06033354, 0.00658794, 0.00000000,  0, 8.18268609, 0
0.06086060, 0.00670854, 0.00000000,  0, 8.20429802, 0
0.06139512, 0.00683347, 0.00000000,  0, 8.22725391, 0
0.06193344, 0.00696301, 0.00000000,  0, 8.24678493, 0
0.06245661, 0.00709429, 0.00000000,  0, 8.26998210, 0
0.06323609, 0.00730835, 0.00000000,  0, 8.29303908, 0
0.06376640, 0.00746413, 0.00000000,  0, 8.31660604, 0
0.06429249, 0.00764136, 0.00000000,  0, 8.33718514, 0
0.06482099, 0.00782968, 0.00000000,  0, 8.35750413, 0
0.06535495, 0.00802769, 0.00000000,  0, 8.38052106, 0
0.06613824, 0.00833919, 0.00000000,  0, 8.40571809, 0
0.06663733, 0.00854504, 0.00000000,  0, 8.42727208, 0
0.06715173, 0.00876279, 0.00000000,  0, 8.44938207, 0
0.06763572, 0.00897065, 0.00000000,  0, 8.47126007, 0
0.06812602, 0.00917474, 0.00000000,  0, 8.49204397, 0
0.06865234, 0.00939592, 0.00000000,  0, 8.51356196, 0
0.06920469, 0.00962134, 0.00000000,  0, 8.53542995, 0
0.06975640, 0.00983414, 0.00000000,  0, 8.55292511, 0
0.07029618, 0.01002737, 0.00000000,  0, 8.57620096, 0
0.07081313, 0.01019172, 0.00000000,  0, 8.59556103, 0
0.07132337, 0.01034303, 0.00000000,  0, 8.61728311, 0
0.07207932, 0.01056566, 0.00000000,  0, 8.64041209, 0
0.07257371, 0.01070351, 0.00000000,  0, 8.66251707, 0
0.07332705, 0.01090863, 0.00000000,  0, 8.69087100, 0
0.07383534, 0.01105640, 0.00000000,  0, 8.71466494, 0
0.07433560, 0.01120310, 0.00000000,  0, 8.73646307, 0
0.07482804, 0.01135896, 0.00000000,  0, 8.75809312, 0
0.07528323, 0.01151129, 0.00000000,  0, 8.77807212, 0
0.07570258, 0.01166141, 0.00000000,  0, 8.79657912, 0
0.07611793, 0.01181009, 0.00000000,  0, 8.81976008, 0
0.07674250, 0.01205574, 0.00000000,  0, 8.84301996, 0
0.07719160, 0.01222895, 0.00000000,  0, 8.86448908, 0
0.07741728, 0.01232243, 0.00000000,  0, 8.88114810, 0
0.07787632, 0.01251051, 0.00000000,  0, 8.90215206, 0
0.07834490, 0.01269205, 0.00000000,  0, 8.92077303, 0
0.07881778, 0.01285432, 0.00000000,  0, 8.94108701, 0
0.07927794, 0.01300337, 0.00000000,  0, 8.96107101, 0
0.07976020, 0.01316017, 0.00000000,  0, 8.98195910, 0
0.08021398, 0.01330399, 0.00000000,  0, 9.00063396, 0
0.08065207, 0.01342750, 0.00000000,  0, 9.02011395, 0
0.08110578, 0.01355428, 0.00000000,  0, 9.04489303, 0
0.08159034, 0.01369306, 0.00000000,  0, 9.06492496, 0
0.08234934, 0.01392056, 0.00000000,  0, 9.08820200, 0
0.08287683, 0.01408360, 0.00000000,  0, 9.11409307, 0
0.08340506, 0.01424866, 0.00000000,  0, 9.13371897, 0
0.08394036, 0.01440838, 0.00000000,  0, 9.15574193, 0
0.08448265, 0.01456420, 0.00000000,  0, 9.17590904, 0
0.08506032, 0.01473752, 0.00000000,  0, 9.19834995, 0
0.08596066, 0.01500647, 0.00000000,  0, 9.22198415, 0
0.08658744, 0.01519682, 0.00000000,  0, 9.24783111, 0
0.08755159, 0.01547469, 0.00000000,  0, 9.27704906, 0
0.08882082, 0.01582153, 0.00000000,  0, 9.31161308, 0
0.08971632, 0.01602921, 0.00000000,  0, 9.34620500, 0
0.09027270, 0.01614849, 0.00000000,  0, 9.37141395, 0
0.09082157, 0.01626222, 0.00000000,  0, 9.38922215, 0
0.09134619, 0.01637071, 0.00000000,  0, 9.41297412, 0
0.09187515, 0.01647588, 0.00000000,  0, 9.43111992, 0
0.09265445, 0.01662817, 0.00000000,  0, 9.45618010, 0
0.09315449, 0.01672645, 0.00000000,  0, 9.47610211, 0
0.09364738, 0.01682316, 0.00000000,  0, 9.49714899, 0
0.09412694, 0.01691857, 0.00000000,  0, 9.51666403, 0
0.09459895, 0.01701276, 0.00000000,  0, 9.53954005, 0
0.09508234, 0.01711907, 0.00000000,  0, 9.56344700, 0
0.09556862, 0.01723645, 0.00000000,  0, 9.58553314, 0
0.09629949, 0.01742962, 0.00000000,  0, 9.60637498, 0
0.09680972, 0.01757368, 0.00000000,  0, 9.62942195, 0
0.09730788, 0.01771058, 0.00000000,  0, 9.64967108, 0
0.09756057, 0.01777819, 0.00000000,  0, 9.66684008, 0
0.09832586, 0.01797563, 0.00000000,  0, 9.68793893, 0
0.09881971, 0.01809755, 0.00000000,  0, 9.70890307, 0
0.09931700, 0.01821782, 0.00000000,  0, 9.73182511, 0
0.09983160, 0.01834462, 0.00000000,  0, 9.75107813, 0
0.10037821, 0.01848755, 0.00000000,  0, 9.77461100, 0
0.10094929, 0.01864872, 0.00000000,  0, 9.79479408, 0
0.10153469, 0.01881608, 0.00000000,  0, 9.81983399, 0
0.10240048, 0.01909569, 0.00000000,  0, 9.84844708, 0
0.10322958, 0.01938684, 0.00000000,  0, 9.87146997, 0
0.10349788, 0.01948273, 0.00000000,  0, 9.88973212, 0
0.10430245, 0.01978471, 0.00000000,  0, 9.91341805, 0
0.10485395, 0.02000137, 0.00000000,  0, 9.93681192, 0
0.10541864, 0.02022933, 0.00000000,  0, 9.95447803, 0
0.10597911, 0.02045720, 0.00000000,  0, 9.97645211, 0
0.10653063, 0.02067745, 0.00000000,  0, 9.99735212, 0
0.10706274, 0.02088995, 0.00000000,  0, 10.01920414, 0
0.10757433, 0.02109183, 0.00000000,  0, 10.04051113, 0
0.10807977, 0.02127151, 0.00000000,  0, 10.06230497, 0
0.10883950, 0.02150559, 0.00000000,  0, 10.09117198, 0
0.10934067, 0.02164485, 0.00000000,  0, 10.11008310, 0
0.10983301, 0.02177384, 0.00000000,  0, 10.12690997, 0
0.11033151, 0.02189470, 0.00000000,  0, 10.14800811, 0
0.11084711, 0.02200921, 0.00000000,  0, 10.17113113, 0
0.11136046, 0.02211839, 0.00000000,  0, 10.19356108, 0
0.11187280, 0.02222353, 0.00000000,  0, 10.21521306, 0
0.11238578, 0.02232637, 0.00000000,  0, 10.23548412, 0
0.11289648, 0.02243561, 0.00000000,  0, 10.25613213, 0
0.11339584, 0.02253017, 0.00000000,  0, 10.27394199, 0
0.11390733, 0.02262364, 0.00000000,  0, 10.29378104, 0
0.11444688, 0.02272557, 0.00000000,  0, 10.31807113, 0
0.11530755, 0.02289053, 0.00000000,  0, 10.34125996, 0
0.11590416, 0.02300853, 0.00000000,  0, 10.36102700, 0
0.11620363, 0.02307485, 0.00000000,  0, 10.37930202, 0
0.11682657, 0.02321209, 0.00000000,  0, 10.39848495, 0
0.11775313, 0.02341403, 0.00000000,  0, 10.42106509, 0
0.11836999, 0.02355134, 0.00000000,  0, 10.44175100, 0
0.11896333, 0.02367994, 0.00000000,  0, 10.46333003, 0
0.11953688, 0.02379994, 0.00000000,  0, 10.48634791, 0
0.12012908, 0.02392869, 0.00000000,  0, 10.50818014, 0
0.12075320, 0.02407477, 0.00000000,  0, 10.52641702, 0
0.12141372, 0.02424071, 0.00000000,  0, 10.55010796, 0
0.12240119, 0.02450358, 0.00000000,  0, 10.57465005, 0
0.12304642, 0.02468213, 0.00000000,  0, 10.59551311, 0
0.12367606, 0.02486273, 0.00000000,  0, 10.61922693, 0
0.12431295, 0.02505838, 0.00000000,  0, 10.64375591, 0
0.12495221, 0.02526745, 0.00000000,  0, 10.66010213, 0
0.12559457, 0.02548182, 0.00000000,  0, 10.67820191, 0
0.12591946, 0.02559036, 0.00000000,  0, 10.69562197, 0
0.12690336, 0.02593227, 0.00000000,  0, 10.71812391, 0
0.12754248, 0.02615382, 0.00000000,  0, 10.73970795, 0
0.12819363, 0.02637733, 0.00000000,  0, 10.76010513, 0
0.12879033, 0.02657506, 0.00000000,  0, 10.78062010, 0
0.12936211, 0.02675396, 0.00000000,  0, 10.80425692, 0
0.12990704, 0.02692008, 0.00000000,  0, 10.82160091, 0
0.13047495, 0.02709052, 0.00000000,  0, 10.84142804, 0
0.13106121, 0.02726456, 0.00000000,  0, 10.86189914, 0
0.13166230, 0.02743198, 0.00000000,  0, 10.88896394, 0
0.13255002, 0.02768578, 0.00000000,  0, 10.91806102, 0
0.13340007, 0.02792760, 0.00000000,  0, 10.94237614, 0
0.13395592, 0.02808424, 0.00000000,  0, 10.96240711, 0
0.13451221, 0.02824520, 0.00000000,  0, 10.98655295, 0
0.13508012, 0.02842106, 0.00000000,  0, 11.00553107, 0
0.13564016, 0.02860667, 0.00000000,  0, 11.02515101, 0
0.13618186, 0.02879309, 0.00000000,  0, 11.04725814, 0
0.13671524, 0.02897879, 0.00000000,  0, 11.06569314, 0
0.13722026, 0.02915287, 0.00000000,  0, 11.08630610, 0
0.13769569, 0.02929888, 0.00000000,  0, 11.10849595, 0
0.13815674, 0.02942181, 0.00000000,  0, 11.13004994, 0
0.13862459, 0.02955657, 0.00000000,  0, 11.15353203, 0
0.13911070, 0.02970242, 0.00000000,  0, 11.17446399, 0
0.14016189, 0.03003317, 0.00000000,  0, 11.20709705, 0
0.14096803, 0.03029415, 0.00000000,  0, 11.24142909, 0
0.14150937, 0.03047224, 0.00000000,  0, 11.26333404, 0
0.14205406, 0.03065224, 0.00000000,  0, 11.28620911, 0
0.14291928, 0.03094058, 0.00000000,  0, 11.31275797, 0
0.14381984, 0.03124793, 0.00000000,  0, 11.34361005, 0
0.14474103, 0.03157854, 0.00000000,  0, 11.37360597, 0
0.14534482, 0.03178479, 0.00000000,  0, 11.39561510, 0
0.14594833, 0.03197779, 0.00000000,  0, 11.41840506, 0
0.14653607, 0.03215192, 0.00000000,  0, 11.43832994, 0
0.14711384, 0.03231565, 0.00000000,  0, 11.45955110, 0
0.14799387, 0.03256565, 0.00000000,  0, 11.49003005, 0
0.14892540, 0.03283014, 0.00000000,  0, 11.51522112, 0
0.14983177, 0.03311872, 0.00000000,  0, 11.54453301, 0
0.15040897, 0.03330537, 0.00000000,  0, 11.56575894, 0
0.15097035, 0.03348893, 0.00000000,  0, 11.58945799, 0
0.15152144, 0.03367325, 0.00000000,  0, 11.60952115, 0
0.15207612, 0.03386474, 0.00000000,  0, 11.63070297, 0
0.15264450, 0.03406436, 0.00000000,  0, 11.65285206, 0
0.15351754, 0.03437653, 0.00000000,  0, 11.67464209, 0
0.15410626, 0.03459216, 0.00000000,  0, 11.69561410, 0
0.15468158, 0.03481134, 0.00000000,  0, 11.71476007, 0
0.15496538, 0.03492076, 0.00000000,  0, 11.73372698, 0
0.15579700, 0.03523208, 0.00000000,  0, 11.75868201, 0
0.15634191, 0.03542167, 0.00000000,  0, 11.78066611, 0
0.15714296, 0.03569678, 0.00000000,  0, 11.81085610, 0
0.15792919, 0.03595994, 0.00000000,  0, 11.83684611, 0
0.15845069, 0.03613779, 0.00000000,  0, 11.86674404, 0
0.15922339, 0.03640640, 0.00000000,  0, 11.89420295, 0
0.15974028, 0.03658844, 0.00000000,  0, 11.91452193, 0
0.16025113, 0.03676995, 0.00000000,  0, 11.93354797, 0
0.16076379, 0.03695203, 0.00000000,  0, 11.95473313, 0
0.16155100, 0.03722740, 0.00000000,  0, 11.98305297, 0
0.16213295, 0.03742532, 0.00000000,  0, 12.00822306, 0
0.16267951, 0.03760225, 0.00000000,  0, 12.03015113, 0
0.16322740, 0.03777748, 0.00000000,  0, 12.05172205, 0
0.16377019, 0.03794902, 0.00000000,  0, 12.07133794, 0
0.16458174, 0.03818416, 0.00000000,  0, 12.09384012, 0
0.16512668, 0.03833162, 0.00000000,  0, 12.11336303, 0
0.16539368, 0.03840145, 0.00000000,  0, 12.13167405, 0
0.16617849, 0.03860253, 0.00000000,  0, 12.15363193, 0
0.16643941, 0.03867182, 0.00000000,  0, 12.17222905, 0
0.16696978, 0.03882882, 0.00000000,  0, 12.19380498, 0
0.16775630, 0.03905613, 0.00000000,  0, 12.21889210, 0
0.16854031, 0.03927893, 0.00000000,  0, 12.25020814, 0
0.16929696, 0.03949549, 0.00000000,  0, 12.28321600, 0
0.17026208, 0.03977941, 0.00000000,  0, 12.31680894, 0
0.17076538, 0.03993159, 0.00000000,  0, 12.34608698, 0
0.17151740, 0.04018743, 0.00000000,  0, 12.37047315, 0
0.17201180, 0.04036565, 0.00000000,  0, 12.39181304, 0
0.17250514, 0.04054751, 0.00000000,  0, 12.41462803, 0
0.17297930, 0.04070715, 0.00000000,  0, 12.43773103, 0
0.17344163, 0.04084464, 0.00000000,  0, 12.45825315, 0
0.17415967, 0.04107118, 0.00000000,  0, 12.48179007, 0
0.17465954, 0.04123424, 0.00000000,  0, 12.50507808, 0
0.17545671, 0.04149651, 0.00000000,  0, 12.53038812, 0
0.17574019, 0.04159207, 0.00000000,  0, 12.54977393, 0
0.17660277, 0.04189127, 0.00000000,  0, 12.57575393, 0
0.17743745, 0.04219616, 0.00000000,  0, 12.60195708, 0
0.17798967, 0.04239723, 0.00000000,  0, 12.63099408, 0
0.17883963, 0.04271090, 0.00000000,  0, 12.66023302, 0
0.17942432, 0.04292659, 0.00000000,  0, 12.68226600, 0
0.18031744, 0.04325779, 0.00000000,  0, 12.70378208, 0
0.18091498, 0.04347592, 0.00000000,  0, 12.72588396, 0
0.18150158, 0.04368326, 0.00000000,  0, 12.75233698, 0
0.18206623, 0.04386754, 0.00000000,  0, 12.77227402, 0
0.18261584, 0.04403229, 0.00000000,  0, 12.79275203, 0
0.18316442, 0.04419454, 0.00000000,  0, 12.81165504, 0
0.18398715, 0.04442546, 0.00000000,  0, 12.83636212, 0
0.18454829, 0.04458711, 0.00000000,  0, 12.85666800, 0
0.18512495, 0.04475371, 0.00000000,  0, 12.87637997, 0
0.18571585, 0.04491878, 0.00000000,  0, 12.90314102, 0
0.18659663, 0.04514601, 0.00000000,  0, 12.93426514, 0
0.18745918, 0.04536505, 0.00000000,  0, 12.96136713, 0
0.18804117, 0.04552941, 0.00000000,  0, 12.98104596, 0
0.18862937, 0.04569711, 0.00000000,  0, 13.00020504, 0
0.18923140, 0.04585881, 0.00000000,  0, 13.02132392, 0
0.18982696, 0.04600615, 0.00000000,  0, 13.04055405, 0
0.19043905, 0.04614957, 0.00000000,  0, 13.06302810, 0
0.19105939, 0.04627485, 0.00000000,  0, 13.08566308, 0
0.19167151, 0.04638202, 0.00000000,  0, 13.10532093, 0
0.19227462, 0.04648244, 0.00000000,  0, 13.12757707, 0
0.19287939, 0.04658219, 0.00000000,  0, 13.14660811, 0
0.19347961, 0.04668329, 0.00000000,  0, 13.16736603, 0
0.19411440, 0.04679318, 0.00000000,  0, 13.19103694, 0
0.19476875, 0.04691118, 0.00000000,  0, 13.21034908, 0
0.19578883, 0.04709649, 0.00000000,  0, 13.23379993, 0
0.19646920, 0.04721161, 0.00000000,  0, 13.25880098, 0
0.19714118, 0.04732742, 0.00000000,  0, 13.28095603, 0
0.19780332, 0.04745303, 0.00000000,  0, 13.29963994, 0
0.19880751, 0.04765328, 0.00000000,  0, 13.32751894, 0
0.19948800, 0.04779698, 0.00000000,  0, 13.35210395, 0
0.20017628, 0.04794161, 0.00000000,  0, 13.37278199, 0
0.20084978, 0.04809239, 0.00000000,  0, 13.39374208, 0
0.20150887, 0.04823650, 0.00000000,  0, 13.41097713, 0
0.20215432, 0.04837477, 0.00000000,  0, 13.42921805, 0
0.20278871, 0.04851318, 0.00000000,  0, 13.44936514, 0
0.20341780, 0.04865571, 0.00000000,  0, 13.46874404, 0
0.20405330, 0.04880682, 0.00000000,  0, 13.49079514, 0
0.20467038, 0.04896290, 0.00000000,  0, 13.51548409, 0
0.20586887, 0.04927736, 0.00000000,  0, 13.54965591, 0
0.20645587, 0.04944392, 0.00000000,  0, 13.57362294, 0
0.20703310, 0.04961413, 0.00000000,  0, 13.59379411, 0
0.20791562, 0.04987702, 0.00000000,  0, 13.62707496, 0
0.20913887, 0.05023224, 0.00000000,  0, 13.66212893, 0
0.20975478, 0.05040170, 0.00000000,  0, 13.68900394, 0
0.21096604, 0.05072111, 0.00000000,  0, 13.72388601, 0
0.21184472, 0.05093235, 0.00000000,  0, 13.75768399, 0
0.21241621, 0.05106271, 0.00000000,  0, 13.77705503, 0
0.21299393, 0.05119634, 0.00000000,  0, 13.79950809, 0
0.21357655, 0.05134071, 0.00000000,  0, 13.82119608, 0
0.21416723, 0.05149486, 0.00000000,  0, 13.84250712, 0
0.21503379, 0.05171393, 0.00000000,  0, 13.86519408, 0
0.21560488, 0.05185000, 0.00000000,  0, 13.89234304, 0
0.21645730, 0.05205527, 0.00000000,  0, 13.92131996, 0
0.21736817, 0.05228038, 0.00000000,  0, 13.94611311, 0
0.21798743, 0.05243612, 0.00000000,  0, 13.96724892, 0
0.21862396, 0.05258836, 0.00000000,  0, 13.98641109, 0
0.21893407, 0.05264780, 0.00000000,  0, 14.00562310, 0
0.21954393, 0.05275651, 0.00000000,  0, 14.02567291, 0
0.22014578, 0.05285854, 0.00000000,  0, 14.04289508, 0
0.22075061, 0.05296861, 0.00000000,  0, 14.06391907, 0
0.22135181, 0.05308400, 0.00000000,  0, 14.08395410, 0
0.22194447, 0.05320401, 0.00000000,  0, 14.10157204, 0
0.22253903, 0.05332767, 0.00000000,  0, 14.12664104, 0
0.22341391, 0.05350368, 0.00000000,  0, 14.15475392, 0
0.22399048, 0.05362222, 0.00000000,  0, 14.17680407, 0
0.22485218, 0.05378824, 0.00000000,  0, 14.20049596, 0
0.22544134, 0.05390059, 0.00000000,  0, 14.22294807, 0
0.22604196, 0.05401816, 0.00000000,  0, 14.24791408, 0
0.22666335, 0.05413981, 0.00000000,  0, 14.26832604, 0
0.22762241, 0.05431834, 0.00000000,  0, 14.29265809, 0
0.22825761, 0.05442975, 0.00000000,  0, 14.31438303, 0
0.22886501, 0.05452929, 0.00000000,  0, 14.33409715, 0
0.22944368, 0.05461598, 0.00000000,  0, 14.35501599, 0
0.23002432, 0.05470488, 0.00000000,  0, 14.37775803, 0
0.23062008, 0.05480399, 0.00000000,  0, 14.40038013, 0
0.23122697, 0.05491152, 0.00000000,  0, 14.41982603, 0
0.23213577, 0.05509292, 0.00000000,  0, 14.44354415, 0
0.23272067, 0.05522303, 0.00000000,  0, 14.47207499, 0
0.23329583, 0.05535490, 0.00000000,  0, 14.49431515, 0
0.23416331, 0.05555458, 0.00000000,  0, 14.51743293, 0
0.23478656, 0.05568443, 0.00000000,  0, 14.54049897, 0
0.23538414, 0.05581172, 0.00000000,  0, 14.56254196, 0
0.23629650, 0.05598976, 0.00000000,  0, 14.59307194, 0
0.23720758, 0.05615461, 0.00000000,  0, 14.62583995, 0
0.23814493, 0.05631169, 0.00000000,  0, 14.64994693, 0
0.23876560, 0.05642284, 0.00000000,  0, 14.67089105, 0
0.23935883, 0.05652895, 0.00000000,  0, 14.68978310, 0
0.23997726, 0.05663226, 0.00000000,  0, 14.70916200, 0
0.24060139, 0.05673260, 0.00000000,  0, 14.73171401, 0
0.24123294, 0.05683918, 0.00000000,  0, 14.75117302, 0
0.24186660, 0.05695184, 0.00000000,  0, 14.77288103, 0
0.24249713, 0.05706376, 0.00000000,  0, 14.79239702, 0
0.24311480, 0.05717689, 0.00000000,  0, 14.81369305, 0
0.24371986, 0.05729491, 0.00000000,  0, 14.83477592, 0
0.24433186, 0.05741675, 0.00000000,  0, 14.85606003, 0
0.24526986, 0.05759925, 0.00000000,  0, 14.88222814, 0
0.24588818, 0.05772039, 0.00000000,  0, 14.90797806, 0
0.24649184, 0.05783820, 0.00000000,  0, 14.92766404, 0
0.24716114, 0.05796901, 0.00000000,  0, 14.94838095, 0
0.24778468, 0.05809220, 0.00000000,  0, 14.96948099, 0
0.24839973, 0.05821289, 0.00000000,  0, 14.99063706, 0
0.24901018, 0.05833177, 0.00000000,  0, 15.01360011, 0
0.24964600, 0.05845838, 0.00000000,  0, 15.03236413, 0
0.25031340, 0.05859706, 0.00000000,  0, 15.05511904, 0
0.25136581, 0.05882452, 0.00000000,  0, 15.07987404, 0
0.25206034, 0.05897924, 0.00000000,  0, 15.10344410, 0
0.25273618, 0.05913069, 0.00000000,  0, 15.12549710, 0
0.25340931, 0.05928335, 0.00000000,  0, 15.14436793, 0
0.25409438, 0.05944231, 0.00000000,  0, 15.16359711, 0
0.25476917, 0.05959513, 0.00000000,  0, 15.18289995, 0
0.25546149, 0.05974405, 0.00000000,  0, 15.20301008, 0
0.25615414, 0.05988151, 0.00000000,  0, 15.22573805, 0
0.25685703, 0.06001907, 0.00000000,  0, 15.24694514, 0
0.25768565, 0.06016743, 0.00000000,  0, 15.26840115, 0
0.25834243, 0.06026372, 0.00000000,  0, 15.28565693, 0
0.25895681, 0.06034848, 0.00000000,  0, 15.31122899, 0
0.25956719, 0.06044446, 0.00000000,  0, 15.33388805, 0
0.26020776, 0.06055007, 0.00000000,  0, 15.35466409, 0
0.26120143, 0.06070640, 0.00000000,  0, 15.38056302, 0
0.26187336, 0.06081584, 0.00000000,  0, 15.39977312, 0
0.26254902, 0.06092153, 0.00000000,  0, 15.42419100, 0
0.26319797, 0.06102384, 0.00000000,  0, 15.44281101, 0
0.26382794, 0.06112383, 0.00000000,  0, 15.46283197, 0
0.26446924, 0.06123996, 0.00000000,  0, 15.48748708, 0
0.26511327, 0.06136280, 0.00000000,  0, 15.50744414, 0
0.26575859, 0.06148898, 0.00000000,  0, 15.52873302, 0
0.26671463, 0.06168188, 0.00000000,  0, 15.55120111, 0
0.26702174, 0.06174215, 0.00000000,  0, 15.56775594, 0
0.26763533, 0.06185948, 0.00000000,  0, 15.58962893, 0
0.26824382, 0.06196677, 0.00000000,  0, 15.60958004, 0
0.26884362, 0.06206831, 0.00000000,  0, 15.63010311, 0
0.26974449, 0.06223510, 0.00000000,  0, 15.65357804, 0
0.27034935, 0.06235915, 0.00000000,  0, 15.67424011, 0
0.27095802, 0.06249774, 0.00000000,  0, 15.69866705, 0
0.27156130, 0.06264105, 0.00000000,  0, 15.72024393, 0
0.27246401, 0.06288478, 0.00000000,  0, 15.74452710, 0
0.27276321, 0.06297308, 0.00000000,  0, 15.76336813, 0
0.27362333, 0.06323277, 0.00000000,  0, 15.78772593, 0
0.27446531, 0.06347759, 0.00000000,  0, 15.81768894, 0
0.27535692, 0.06372298, 0.00000000,  0, 15.85169411, 0
0.27637760, 0.06399479, 0.00000000,  0, 15.87780905, 0
0.27701376, 0.06413646, 0.00000000,  0, 15.89837098, 0
0.27761834, 0.06426715, 0.00000000,  0, 15.92349005, 0
0.27819714, 0.06437950, 0.00000000,  0, 15.94641495, 0
0.27876779, 0.06447721, 0.00000000,  0, 15.96838212, 0
0.27934718, 0.06457063, 0.00000000,  0, 15.98714614, 0
0.27995530, 0.06466354, 0.00000000,  0, 16.00867510, 0
0.28057584, 0.06475580, 0.00000000,  0, 16.02901101, 0
0.28148873, 0.06489325, 0.00000000,  0, 16.05387211, 0
0.28209048, 0.06498438, 0.00000000,  0, 16.07727313, 0
0.28269101, 0.06508260, 0.00000000,  0, 16.09453106, 0
0.28348253, 0.06522832, 0.00000000,  0, 16.11984706, 0
0.28412872, 0.06535258, 0.00000000,  0, 16.14278197, 0
0.28476913, 0.06548723, 0.00000000,  0, 16.16493702, 0
0.28540132, 0.06562604, 0.00000000,  0, 16.18348598, 0
0.28601968, 0.06575182, 0.00000000,  0, 16.20468307, 0
0.28662162, 0.06586195, 0.00000000,  0, 16.22388697, 0
0.28748558, 0.06601081, 0.00000000,  0, 16.25064611, 0
0.28807901, 0.06612632, 0.00000000,  0, 16.27650404, 0
0.28869395, 0.06625689, 0.00000000,  0, 16.29810715, 0
0.28961875, 0.06648291, 0.00000000,  0, 16.32175493, 0
0.29023018, 0.06665723, 0.00000000,  0, 16.34163094, 0
0.29082935, 0.06683496, 0.00000000,  0, 16.36603999, 0
0.29142729, 0.06701446, 0.00000000,  0, 16.38620496, 0
0.29205339, 0.06720514, 0.00000000,  0, 16.40760112, 0
0.29269432, 0.06740451, 0.00000000,  0, 16.42729497, 0
0.29369338, 0.06770482, 0.00000000,  0, 16.45357513, 0
0.29434880, 0.06789110, 0.00000000,  0, 16.47929692, 0
0.29565044, 0.06820691, 0.00000000,  0, 16.51544094, 0
0.29662403, 0.06842934, 0.00000000,  0, 16.54667091, 0
0.29766277, 0.06867491, 0.00000000,  0, 16.58066511, 0
0.29874067, 0.06895097, 0.00000000,  0, 16.60877299, 0
0.29947822, 0.06913855, 0.00000000,  0, 16.62754107, 0
0.30020632, 0.06932592, 0.00000000,  0, 16.64995599, 0
0.30094868, 0.06953298, 0.00000000,  0, 16.67040110, 0
0.30170823, 0.06973816, 0.00000000,  0, 16.69171906, 0
0.30247264, 0.06994835, 0.00000000,  0, 16.71572208, 0
0.30363483, 0.07025959, 0.00000000,  0, 16.73906612, 0
0.30480592, 0.07054462, 0.00000000,  0, 16.76882792, 0
0.30594121, 0.07079574, 0.00000000,  0, 16.79872203, 0
0.30669187, 0.07095235, 0.00000000,  0, 16.82672215, 0
0.30744836, 0.07110451, 0.00000000,  0, 16.84519911, 0
0.30821497, 0.07126154, 0.00000000,  0, 16.86601305, 0
0.30897398, 0.07141267, 0.00000000,  0, 16.88797498, 0
0.31006241, 0.07161767, 0.00000000,  0, 16.91041994, 0
0.31073742, 0.07174095, 0.00000000,  0, 16.93185210, 0
0.31138586, 0.07185693, 0.00000000,  0, 16.95547414, 0
0.31203153, 0.07198317, 0.00000000,  0, 16.97573113, 0
0.31267898, 0.07212227, 0.00000000,  0, 16.99935508, 0
0.31332597, 0.07226520, 0.00000000,  0, 17.01853108, 0
0.31396003, 0.07239533, 0.00000000,  0, 17.03753114, 0
0.31488888, 0.07256808, 0.00000000,  0, 17.06574893, 0
0.31548379, 0.07267634, 0.00000000,  0, 17.08328009, 0
0.31578163, 0.07273204, 0.00000000,  0, 17.10011292, 0
0.31637770, 0.07284755, 0.00000000,  0, 17.11910200, 0
0.31698612, 0.07296774, 0.00000000,  0, 17.13694310, 0
0.31762141, 0.07309139, 0.00000000,  0, 17.16084599, 0
0.31825891, 0.07321815, 0.00000000,  0, 17.18096304, 0
0.31895070, 0.07336252, 0.00000000,  0, 17.20453501, 0
0.31955441, 0.07350430, 0.00000000,  0, 17.22694898, 0
0.32046269, 0.07373629, 0.00000000,  0, 17.25016093, 0
0.32108826, 0.07390835, 0.00000000,  0, 17.27153802, 0
0.32171370, 0.07408135, 0.00000000,  0, 17.29293299, 0
0.32233513, 0.07424794, 0.00000000,  0, 17.31476998, 0
0.32323763, 0.07446776, 0.00000000,  0, 17.34420300, 0
0.32381537, 0.07460394, 0.00000000,  0, 17.36288309, 0
0.32439880, 0.07474524, 0.00000000,  0, 17.38483405, 0
0.32499474, 0.07489448, 0.00000000,  0, 17.40476203, 0
0.32562709, 0.07505449, 0.00000000,  0, 17.42656493, 0
0.32628893, 0.07522948, 0.00000000,  0, 17.44880009, 0
0.32695870, 0.07541743, 0.00000000,  0, 17.46662498, 0
0.32762212, 0.07560482, 0.00000000,  0, 17.48789001, 0
0.32861796, 0.07587285, 0.00000000,  0, 17.51282811, 0
0.32928662, 0.07605210, 0.00000000,  0, 17.53495693, 0
0.32995437, 0.07623138, 0.00000000,  0, 17.55695415, 0
0.33059101, 0.07640089, 0.00000000,  0, 17.58089805, 0
0.33122837, 0.07655356, 0.00000000,  0, 17.60205698, 0
0.33185763, 0.07669269, 0.00000000,  0, 17.62296200, 0
0.33247346, 0.07681391, 0.00000000,  0, 17.64152813, 0
0.33307237, 0.07692559, 0.00000000,  0, 17.66369796, 0
0.33367894, 0.07703314, 0.00000000,  0, 17.68477201, 0
0.33462774, 0.07720365, 0.00000000,  0, 17.70710111, 0
0.33527870, 0.07734380, 0.00000000,  0, 17.73009014, 0
0.33591978, 0.07749448, 0.00000000,  0, 17.74974799, 0
0.33655262, 0.07765270, 0.00000000,  0, 17.76707506, 0
0.33718525, 0.07781648, 0.00000000,  0, 17.79361010, 0
0.33784761, 0.07799376, 0.00000000,  0, 17.81556892, 0
0.33854320, 0.07819013, 0.00000000,  0, 17.83617997, 0
0.33926316, 0.07839840, 0.00000000,  0, 17.85768104, 0
0.33998691, 0.07860129, 0.00000000,  0, 17.87841702, 0
0.34087148, 0.07883143, 0.00000000,  0, 17.89968514, 0
0.34158730, 0.07900817, 0.00000000,  0, 17.92165804, 0
0.34229974, 0.07917693, 0.00000000,  0, 17.94033599, 0
0.34300922, 0.07933491, 0.00000000,  0, 17.96050215, 0
0.34370999, 0.07948240, 0.00000000,  0, 17.98170805, 0
0.34441395, 0.07962822, 0.00000000,  0, 18.00241899, 0
0.34548251, 0.07984457, 0.00000000,  0, 18.02728605, 0
0.34615720, 0.07998684, 0.00000000,  0, 18.05407810, 0
0.34713081, 0.08018901, 0.00000000,  0, 18.08373213, 0
0.34804286, 0.08036849, 0.00000000,  0, 18.10771799, 0
0.34865100, 0.08048401, 0.00000000,  0, 18.12791991, 0
0.34926647, 0.08060416, 0.00000000,  0, 18.15022206, 0
0.34988768, 0.08072623, 0.00000000,  0, 18.17245007, 0
0.35051534, 0.08084244, 0.00000000,  0, 18.19272995, 0
0.35115658, 0.08097372, 0.00000000,  0, 18.21325707, 0
0.35178194, 0.08107584, 0.00000000,  0, 18.23511410, 0
0.35237818, 0.08115427, 0.00000000,  0, 18.25160408, 0
0.35295789, 0.08122473, 0.00000000,  0, 18.27425504, 0
0.35352885, 0.08129636, 0.00000000,  0, 18.29223299, 0
0.35413339, 0.08137198, 0.00000000,  0, 18.31775999, 0
0.35505584, 0.08151347, 0.00000000,  0, 18.34207511, 0
0.35566546, 0.08163221, 0.00000000,  0, 18.36552501, 0
0.35632126, 0.08175029, 0.00000000,  0, 18.38579106, 0
0.35688965, 0.08184977, 0.00000000,  0, 18.41144395, 0
0.35763090, 0.08193941, 0.00000000,  0, 18.44283509, 0
0.35824218, 0.08194238, 0.00000000,  0, 18.47214413, 0
0.35873761, 0.08187517, 0.00000000,  0, 18.49864411, 0
0.35907066, 0.08184271, 0.00000000,  0, 18.52107096, 0
0.35942826, 0.08183542, 0.00000000,  0, 18.53908992, 0
0.35971234, 0.08179238, 0.00000000,  0, 18.56244302, 0
0.35993587, 0.08171876, 0.00000000,  0, 18.58443594, 0
0.36011494, 0.08163154, 0.00000000,  0, 18.60570192, 0
0.36031726, 0.08146954, 0.00000000,  0, 18.63344097, 0
0.36040666, 0.08134663, 0.00000000,  0, 18.65736198, 0
0.36046798, 0.08112673, 0.00000000,  0, 18.67987013, 0
0.36044881, 0.08094876, 0.00000000,  0, 18.70057011, 0
0.36040761, 0.08076577, 0.00000000,  0, 18.72125006, 0
0.36035689, 0.08057867, 0.00000000,  0, 18.74509811, 0
0.36028911, 0.08038832, 0.00000000,  0, 18.76348209, 0
0.36018632, 0.08017446, 0.00000000,  0, 18.78366208, 0
0.36010828, 0.07997319, 0.00000000,  0, 18.80636907, 0
0.36007858, 0.07982081, 0.00000000,  0, 18.82458115, 0
0.36006126, 0.07967273, 0.00000000,  0, 18.84555411, 0
0.36015488, 0.07961149, 0.00000000,  0, 18.87176299, 0
0.36049880, 0.07966423, 0.00000000,  0, 18.90172100, 0
0.36091542, 0.07978005, 0.00000000,  0, 18.93168807, 0
0.36160182, 0.08008986, 0.00000000,  0, 18.96082711, 0
0.36222485, 0.08040933, 0.00000000,  0, 18.98294592, 0
0.36294913, 0.08080342, 0.00000000,  0, 19.00259805, 0
0.36375523, 0.08125538, 0.00000000,  0, 19.02056813, 0
0.36464251, 0.08176621, 0.00000000,  0, 19.04180813, 0
0.36556885, 0.08231714, 0.00000000,  0, 19.06421494, 0
0.36648613, 0.08288336, 0.00000000,  0, 19.08351207, 0
0.36785178, 0.08375936, 0.00000000,  0, 19.11259604, 0
0.36919612, 0.08466112, 0.00000000,  0, 19.14228010, 0
0.37016922, 0.08534922, 0.00000000,  0, 19.16758299, 0
0.37105941, 0.08598108, 0.00000000,  0, 19.18790603, 0
0.37192958, 0.08661163, 0.00000000,  0, 19.20598197, 0
0.37276616, 0.08722261, 0.00000000,  0, 19.22822213, 0
0.37344261, 0.08771279, 0.00000000,  0, 19.24691200, 0
0.37408764, 0.08817866, 0.00000000,  0, 19.26958799, 0
0.37465266, 0.08857470, 0.00000000,  0, 19.28974199, 0
0.37547342, 0.08913100, 0.00000000,  0, 19.31397700, 0
0.37612272, 0.08952981, 0.00000000,  0, 19.34783101, 0
0.37652467, 0.08975408, 0.00000000,  0, 19.37282610, 0
0.37697445, 0.08999546, 0.00000000,  0, 19.39230394, 0
0.37745494, 0.09022281, 0.00000000,  0, 19.41279507, 0
0.37795321, 0.09043300, 0.00000000,  0, 19.43232703, 0
0.37874582, 0.09074502, 0.00000000,  0, 19.46092796, 0
0.37961117, 0.09107847, 0.00000000,  0, 19.49095511, 0
0.38025833, 0.09133833, 0.00000000,  0, 19.51094103, 0
0.38093734, 0.09163363, 0.00000000,  0, 19.53503013, 0
0.38196864, 0.09210688, 0.00000000,  0, 19.56270194, 0
0.38267526, 0.09244378, 0.00000000,  0, 19.58338213, 0
0.38340472, 0.09281246, 0.00000000,  0, 19.60335994, 0
0.38415754, 0.09321317, 0.00000000,  0, 19.62327695, 0
0.38491196, 0.09359993, 0.00000000,  0, 19.64459610, 0
0.38563847, 0.09399260, 0.00000000,  0, 19.66333103, 0
0.38636163, 0.09437461, 0.00000000,  0, 19.68299103, 0
0.38707268, 0.09472983, 0.00000000,  0, 19.70273614, 0
0.38775800, 0.09506046, 0.00000000,  0, 19.72463107, 0
0.38842572, 0.09537277, 0.00000000,  0, 19.74536800, 0
0.38908185, 0.09567761, 0.00000000,  0, 19.76853609, 0
0.38974655, 0.09599578, 0.00000000,  0, 19.78747892, 0
0.39043027, 0.09632665, 0.00000000,  0, 19.80956912, 0
0.39145209, 0.09680405, 0.00000000,  0, 19.83176303, 0
0.39177639, 0.09695988, 0.00000000,  0, 19.85010195, 0
0.39271059, 0.09742928, 0.00000000,  0, 19.87222195, 0
0.39333979, 0.09775794, 0.00000000,  0, 19.89472294, 0
0.39397604, 0.09810294, 0.00000000,  0, 19.91434908, 0
0.39460634, 0.09845918, 0.00000000,  0, 19.93390512, 0
0.39523877, 0.09881760, 0.00000000,  0, 19.95407200, 0
0.39586703, 0.09916734, 0.00000000,  0, 19.97639012, 0
0.39649706, 0.09950238, 0.00000000,  0, 19.99528503, 0
0.39679839, 0.09965894, 0.00000000,  0, 20.01285791, 0
0.39740223, 0.09996257, 0.00000000,  0, 20.03198695, 0
0.39830741, 0.10039290, 0.00000000,  0, 20.05829310, 0
0.39913171, 0.10074802, 0.00000000,  0, 20.08639598, 0
0.39957708, 0.10092235, 0.00000000,  0, 20.10613108, 0
0.40005422, 0.10111917, 0.00000000,  0, 20.12734795, 0
0.40055033, 0.10133359, 0.00000000,  0, 20.14705515, 0
0.40105673, 0.10155063, 0.00000000,  0, 20.16861892, 0
0.40189027, 0.10193042, 0.00000000,  0, 20.19878912, 0
0.40248198, 0.10219273, 0.00000000,  0, 20.22555494, 0
0.40341566, 0.10261205, 0.00000000,  0, 20.25089407, 0
0.40404342, 0.10290306, 0.00000000,  0, 20.27531910, 0
0.40498494, 0.10333162, 0.00000000,  0, 20.30008197, 0
0.40564035, 0.10364474, 0.00000000,  0, 20.32529306, 0
0.40628489, 0.10396197, 0.00000000,  0, 20.34445596, 0
0.40693034, 0.10428185, 0.00000000,  0, 20.36804199, 0
0.40757830, 0.10459619, 0.00000000,  0, 20.39015293, 0
0.40854911, 0.10505491, 0.00000000,  0, 20.41546702, 0
0.40915559, 0.10534340, 0.00000000,  0, 20.43818092, 0
0.40976270, 0.10564101, 0.00000000,  0, 20.45815206, 0
0.41034843, 0.10591585, 0.00000000,  0, 20.47887611, 0
0.41095138, 0.10617936, 0.00000000,  0, 20.49995995, 0
0.41155789, 0.10642859, 0.00000000,  0, 20.51800013, 0
0.41217191, 0.10667045, 0.00000000,  0, 20.53818703, 0
0.41309384, 0.10702961, 0.00000000,  0, 20.56734705, 0
0.41371550, 0.10725586, 0.00000000,  0, 20.59281397, 0
0.41467831, 0.10761106, 0.00000000,  0, 20.61635804, 0
0.41532876, 0.10785080, 0.00000000,  0, 20.64050603, 0
0.41595854, 0.10808975, 0.00000000,  0, 20.66356707, 0
0.41652704, 0.10830015, 0.00000000,  0, 20.68627906, 0
0.41737206, 0.10862300, 0.00000000,  0, 20.70974398, 0
0.41794829, 0.10885434, 0.00000000,  0, 20.73433208, 0
0.41853501, 0.10909459, 0.00000000,  0, 20.75452614, 0
0.41914059, 0.10933589, 0.00000000,  0, 20.77687407, 0
0.41977779, 0.10958744, 0.00000000,  0, 20.79834294, 0
0.42078038, 0.10998243, 0.00000000,  0, 20.82378411, 0
0.42144079, 0.11022951, 0.00000000,  0, 20.84676194, 0
0.42210770, 0.11046415, 0.00000000,  0, 20.86818409, 0
0.42276848, 0.11068649, 0.00000000,  0, 20.88840508, 0
0.42342698, 0.11090845, 0.00000000,  0, 20.90926600, 0
0.42441840, 0.11127150, 0.00000000,  0, 20.93813109, 0
0.42537955, 0.11165593, 0.00000000,  0, 20.96819997, 0
0.42630411, 0.11203124, 0.00000000,  0, 20.99450898, 0
0.42692413, 0.11228441, 0.00000000,  0, 21.01309609, 0
0.42724107, 0.11241710, 0.00000000,  0, 21.03178096, 0
0.42789628, 0.11268526, 0.00000000,  0, 21.05193400, 0
0.42857009, 0.11297201, 0.00000000,  0, 21.07078600, 0
0.42925232, 0.11325472, 0.00000000,  0, 21.09180498, 0
0.42993009, 0.11350798, 0.00000000,  0, 21.11209202, 0
0.43093518, 0.11384869, 0.00000000,  0, 21.13437200, 0
0.43159048, 0.11406339, 0.00000000,  0, 21.15633202, 0
0.43225199, 0.11427075, 0.00000000,  0, 21.18103695, 0
0.43325422, 0.11458581, 0.00000000,  0, 21.21534109, 0
0.43423713, 0.11488969, 0.00000000,  0, 21.23819399, 0
0.43488613, 0.11508740, 0.00000000,  0, 21.26038599, 0
0.43553361, 0.11528114, 0.00000000,  0, 21.28193498, 0
0.43619947, 0.11548071, 0.00000000,  0, 21.30728912, 0
0.43725278, 0.11582536, 0.00000000,  0, 21.33088803, 0
0.43793554, 0.11604622, 0.00000000,  0, 21.35697103, 0
0.43859013, 0.11624871, 0.00000000,  0, 21.37718701, 0
0.43921853, 0.11643605, 0.00000000,  0, 21.39723992, 0
0.43983131, 0.11661234, 0.00000000,  0, 21.41540313, 0
0.44043982, 0.11678862, 0.00000000,  0, 21.43712091, 0
0.44106093, 0.11697612, 0.00000000,  0, 21.45815992, 0
0.44169430, 0.11717840, 0.00000000,  0, 21.47755814, 0
0.44232920, 0.11740222, 0.00000000,  0, 21.49510407, 0
0.44295656, 0.11762739, 0.00000000,  0, 21.51519704, 0
0.44354542, 0.11785357, 0.00000000,  0, 21.53421211, 0
0.44412639, 0.11809109, 0.00000000,  0, 21.55426002, 0
0.44465912, 0.11832713, 0.00000000,  0, 21.57533097, 0
0.44521112, 0.11856220, 0.00000000,  0, 21.60000515, 0
0.44607252, 0.11894692, 0.00000000,  0, 21.62986612, 0
0.44695131, 0.11939036, 0.00000000,  0, 21.65728402, 0
0.44755238, 0.11968925, 0.00000000,  0, 21.68038201, 0
0.44817139, 0.11999024, 0.00000000,  0, 21.70194602, 0
0.44879621, 0.12028865, 0.00000000,  0, 21.72088599, 0
0.44941889, 0.12057849, 0.00000000,  0, 21.74169493, 0
0.45005074, 0.12090054, 0.00000000,  0, 21.76419902, 0
0.45068312, 0.12123160, 0.00000000,  0, 21.78457403, 0
0.45131803, 0.12156170, 0.00000000,  0, 21.80416703, 0
0.45196062, 0.12189391, 0.00000000,  0, 21.82523203, 0
0.45259586, 0.12222612, 0.00000000,  0, 21.84426594, 0
0.45322951, 0.12254611, 0.00000000,  0, 21.86420393, 0
0.45422979, 0.12305970, 0.00000000,  0, 21.88811803, 0
0.45490576, 0.12341815, 0.00000000,  0, 21.91023993, 0
0.45557624, 0.12376045, 0.00000000,  0, 21.93245912, 0
0.45627612, 0.12409462, 0.00000000,  0, 21.95395613, 0
0.45691565, 0.12439287, 0.00000000,  0, 21.97397709, 0
0.45754663, 0.12467687, 0.00000000,  0, 21.99256015, 0
0.45819022, 0.12496842, 0.00000000,  0, 22.01311803, 0
0.45885753, 0.12526050, 0.00000000,  0, 22.03502393, 0
0.45951739, 0.12554977, 0.00000000,  0, 22.05664015, 0
0.46016156, 0.12583146, 0.00000000,  0, 22.07984900, 0
0.46111133, 0.12625559, 0.00000000,  0, 22.10450101, 0
0.46207414, 0.12668889, 0.00000000,  0, 22.13448811, 0
0.46274024, 0.12699361, 0.00000000,  0, 22.16245508, 0
0.46371707, 0.12741570, 0.00000000,  0, 22.18455505, 0
0.46403504, 0.12754633, 0.00000000,  0, 22.20307803, 0
0.46500154, 0.12791985, 0.00000000,  0, 22.22826815, 0
0.46587547, 0.12822273, 0.00000000,  0, 22.25632000, 0
0.46644701, 0.12841407, 0.00000000,  0, 22.28351402, 0
0.46704190, 0.12861282, 0.00000000,  0, 22.30429602, 0
0.46759493, 0.12877856, 0.00000000,  0, 22.32523513, 0
0.46841711, 0.12902801, 0.00000000,  0, 22.34712505, 0
0.46900126, 0.12921132, 0.00000000,  0, 22.37035394, 0
0.46960890, 0.12941507, 0.00000000,  0, 22.38750005, 0
0.47025643, 0.12966480, 0.00000000,  0, 22.40777302, 0
0.47058841, 0.12979787, 0.00000000,  0, 22.42695904, 0
0.47161087, 0.13021686, 0.00000000,  0, 22.44937491, 0
0.47228058, 0.13049097, 0.00000000,  0, 22.47230506, 0
0.47294035, 0.13076704, 0.00000000,  0, 22.49121404, 0
0.47360927, 0.13105976, 0.00000000,  0, 22.51163602, 0
0.47427788, 0.13136851, 0.00000000,  0, 22.53219199, 0
0.47495540, 0.13169238, 0.00000000,  0, 22.55334115, 0
0.47566948, 0.13203305, 0.00000000,  0, 22.57309008, 0
0.47643064, 0.13239588, 0.00000000,  0, 22.59551406, 0
0.47711963, 0.13273497, 0.00000000,  0, 22.61817408, 0
0.47778635, 0.13307076, 0.00000000,  0, 22.63660812, 0
0.47849033, 0.13344498, 0.00000000,  0, 22.65549612, 0
0.47913807, 0.13380988, 0.00000000,  0, 22.67592502, 0
0.47984292, 0.13419873, 0.00000000,  0, 22.70165110, 0
0.48050258, 0.13457137, 0.00000000,  0, 22.72472095, 0
0.48115699, 0.13495365, 0.00000000,  0, 22.74767208, 0
0.48179294, 0.13531768, 0.00000000,  0, 22.76811600, 0
0.48269093, 0.13579051, 0.00000000,  0, 22.79262209, 0
0.48356589, 0.13620115, 0.00000000,  0, 22.82509398, 0
0.48445608, 0.13659342, 0.00000000,  0, 22.85835314, 0
0.48540538, 0.13699297, 0.00000000,  0, 22.88889503, 0
0.48604162, 0.13725920, 0.00000000,  0, 22.90974998, 0
0.48695091, 0.13762158, 0.00000000,  0, 22.93448710, 0
0.48753097, 0.13785487, 0.00000000,  0, 22.95546007, 0
0.48810852, 0.13809602, 0.00000000,  0, 22.97522807, 0
0.48871435, 0.13835060, 0.00000000,  0, 22.99927902, 0
0.48933892, 0.13861313, 0.00000000,  0, 23.01714492, 0
0.49029709, 0.13901027, 0.00000000,  0, 23.04406905, 0
0.49123817, 0.13938523, 0.00000000,  0, 23.07472897, 0
0.49184416, 0.13961715, 0.00000000,  0, 23.10118294, 0
0.49244013, 0.13984880, 0.00000000,  0, 23.12117100, 0
0.49334531, 0.14021016, 0.00000000,  0, 23.14559913, 0
0.49394924, 0.14046168, 0.00000000,  0, 23.16794014, 0
0.49454963, 0.14072076, 0.00000000,  0, 23.18697000, 0
0.49484590, 0.14085657, 0.00000000,  0, 23.20446110, 0
0.49572271, 0.14128028, 0.00000000,  0, 23.22767115, 0
0.49658002, 0.14172411, 0.00000000,  0, 23.25766492, 0
0.49717155, 0.14202830, 0.00000000,  0, 23.28527904, 0
0.49806582, 0.14249924, 0.00000000,  0, 23.30965209, 0
0.49865915, 0.14282359, 0.00000000,  0, 23.33329105, 0
0.49924888, 0.14314732, 0.00000000,  0, 23.35927010, 0
0.50010398, 0.14362344, 0.00000000,  0, 23.38863397, 0
0.50088462, 0.14403415, 0.00000000,  0, 23.41533208, 0
0.50152754, 0.14434564, 0.00000000,  0, 23.44298506, 0
0.50197971, 0.14456911, 0.00000000,  0, 23.46278501, 0
0.50245231, 0.14481481, 0.00000000,  0, 23.48781109, 0
0.50289288, 0.14503882, 0.00000000,  0, 23.50875711, 0
0.50330542, 0.14524804, 0.00000000,  0, 23.53029895, 0
0.50378830, 0.14550369, 0.00000000,  0, 23.55129695, 0
0.50428653, 0.14577635, 0.00000000,  0, 23.57027006, 0
0.50482844, 0.14608234, 0.00000000,  0, 23.59376907, 0
0.50539985, 0.14640954, 0.00000000,  0, 23.61340404, 0
0.50598722, 0.14674767, 0.00000000,  0, 23.63337207, 0
0.50660180, 0.14710715, 0.00000000,  0, 23.65212202, 0
0.50724220, 0.14748857, 0.00000000,  0, 23.67283511, 0
0.50789579, 0.14787970, 0.00000000,  0, 23.69409108, 0
0.50855805, 0.14826749, 0.00000000,  0, 23.71619201, 0
0.50931712, 0.14862102, 0.00000000,  0, 23.73734212, 0
0.50986463, 0.14887575, 0.00000000,  0, 23.76028013, 0
0.51045741, 0.14915736, 0.00000000,  0, 23.78067207, 0
0.51109960, 0.14946648, 0.00000000,  0, 23.80330396, 0
0.51177731, 0.14979094, 0.00000000,  0, 23.82288408, 0
0.51249278, 0.15013770, 0.00000000,  0, 23.84583902, 0
0.51321328, 0.15049995, 0.00000000,  0, 23.86842799, 0
0.51428781, 0.15105126, 0.00000000,  0, 23.89344692, 0
0.51499955, 0.15143093, 0.00000000,  0, 23.91647315, 0
0.51566640, 0.15179452, 0.00000000,  0, 23.93645000, 0
0.51646325, 0.15220530, 0.00000000,  0, 23.96144009, 0
0.51726817, 0.15262751, 0.00000000,  0, 23.99554706, 0
0.51798391, 0.15297902, 0.00000000,  0, 24.02397799, 0
0.51830542, 0.15309228, 0.00000000,  0, 24.04295492, 0
0.51841890, 0.15310950, 0.00000000,  0, 24.05936909, 0
0.51871061, 0.15311400, 0.00000000,  0, 24.08559203, 0
0.51884626, 0.15297556, 0.00000000,  0, 24.11571312, 0
0.51886406, 0.15282778, 0.00000000,  0, 24.14345908, 0
0.51888811, 0.15269345, 0.00000000,  0, 24.16392899, 0
0.51897682, 0.15261296, 0.00000000,  0, 24.18456197, 0
0.51911045, 0.15248321, 0.00000000,  0, 24.20947695, 0
0.51932980, 0.15251323, 0.00000000,  0, 24.23115492, 0
0.51963968, 0.15262697, 0.00000000,  0, 24.24956512, 0
0.52003297, 0.15281920, 0.00000000,  0, 24.26679897, 0
0.52050257, 0.15307897, 0.00000000,  0, 24.28994513, 0
0.52102722, 0.15338374, 0.00000000,  0, 24.30910492, 0
0.52156808, 0.15371426, 0.00000000,  0, 24.33201599, 0
0.52220953, 0.15408173, 0.00000000,  0, 24.35773206, 0
0.52262795, 0.15433350, 0.00000000,  0, 24.37842298, 0
0.52294862, 0.15452497, 0.00000000,  0, 24.39947796, 0
0.52316787, 0.15465809, 0.00000000,  0, 24.42112303, 0
0.52329634, 0.15473647, 0.00000000,  0, 24.44624496, 0
0.52337797, 0.15478453, 0.00000000,  0, 24.46912193, 0
0.52338207, 0.15479517, 0.00000000,  0, 24.49281001, 0
0.52328605, 0.15475511, 0.00000000,  0, 24.52111697, 0
0.52317968, 0.15469288, 0.00000000,  0, 24.54352593, 0
0.52305566, 0.15461728, 0.00000000,  0, 24.56462312, 0
0.52283897, 0.15449021, 0.00000000,  0, 24.59445000, 0
0.52258846, 0.15431959, 0.00000000,  0, 24.61740494, 0
0.52245558, 0.15421890, 0.00000000,  0, 24.64282703, 0
0.52245290, 0.15420198, 0.00000000,  0, 24.66723108, 0
0.52257326, 0.15426531, 0.00000000,  0, 24.68777609, 0
0.52293988, 0.15449136, 0.00000000,  0, 24.71020913, 0
0.52328676, 0.15470772, 0.00000000,  0, 24.73593211, 0
0.52370356, 0.15496621, 0.00000000,  0, 24.75847697, 0
0.52419534, 0.15527364, 0.00000000,  0, 24.77808213, 0
0.52475541, 0.15562899, 0.00000000,  0, 24.79971600, 0
0.52575155, 0.15627492, 0.00000000,  0, 24.82215405, 0
0.52644701, 0.15673117, 0.00000000,  0, 24.84259009, 0
0.52718704, 0.15721780, 0.00000000,  0, 24.86370301, 0
0.52795802, 0.15772664, 0.00000000,  0, 24.88374496, 0
0.52873461, 0.15824566, 0.00000000,  0, 24.90433002, 0
0.52953949, 0.15878796, 0.00000000,  0, 24.93111110, 0
0.53072178, 0.15958381, 0.00000000,  0, 24.95512795, 0
0.53148605, 0.16009672, 0.00000000,  0, 24.97766709, 0
0.53221189, 0.16057861, 0.00000000,  0, 24.99845004, 0
0.53287902, 0.16102014, 0.00000000,  0, 25.02152205, 0
0.53365003, 0.16150905, 0.00000000,  0, 25.04829407, 0
0.53415766, 0.16177797, 0.00000000,  0, 25.08224893, 0
0.53438782, 0.16182221, 0.00000000,  0, 25.10700107, 0
0.53445852, 0.16178464, 0.00000000,  0, 25.13334513, 0
0.53445380, 0.16160615, 0.00000000,  0, 25.15716600, 0
0.53437424, 0.16139302, 0.00000000,  0, 25.18606400, 0
0.53420848, 0.16102744, 0.00000000,  0, 25.21073794, 0
0.53405108, 0.16075591, 0.00000000,  0, 25.23306608, 0
0.53388064, 0.16046744, 0.00000000,  0, 25.25584698, 0
0.53370935, 0.16016395, 0.00000000,  0, 25.27497911, 0
0.53353799, 0.15985025, 0.00000000,  0, 25.29693913, 0
0.53333251, 0.15950656, 0.00000000,  0, 25.31784201, 0
0.53295973, 0.15897319, 0.00000000,  0, 25.34916997, 0
0.53260046, 0.15847157, 0.00000000,  0, 25.37865996, 0
0.53225489, 0.15800350, 0.00000000,  0, 25.40431809, 0
0.53183058, 0.15752989, 0.00000000,  0, 25.43305707, 0
0.53138882, 0.15706761, 0.00000000,  0, 25.46682000, 0
0.53111511, 0.15679555, 0.00000000,  0, 25.49225998, 0
0.53070445, 0.15639315, 0.00000000,  0, 25.51601911, 0
0.53046991, 0.15615571, 0.00000000,  0, 25.53585911, 0
0.53021915, 0.15592662, 0.00000000,  0, 25.55746603, 0
0.53007541, 0.15580241, 0.00000000,  0, 25.58395410, 0
0.52993574, 0.15568937, 0.00000000,  0, 25.60488200, 0
0.52977618, 0.15556307, 0.00000000,  0, 25.62509513, 0
0.52971247, 0.15553349, 0.00000000,  0, 25.64835906, 0
0.52985844, 0.15566396, 0.00000000,  0, 25.66877794, 0
0.53034152, 0.15606010, 0.00000000,  0, 25.69870710, 0
0.53076016, 0.15640985, 0.00000000,  0, 25.71884012, 0
0.53122132, 0.15680765, 0.00000000,  0, 25.73837900, 0
0.53173885, 0.15726798, 0.00000000,  0, 25.75937104, 0
0.53230938, 0.15779487, 0.00000000,  0, 25.78188300, 0
0.53326942, 0.15872136, 0.00000000,  0, 25.81048512, 0
0.53396687, 0.15942268, 0.00000000,  0, 25.83070207, 0
0.53433130, 0.15979291, 0.00000000,  0, 25.84790993, 0
0.53546089, 0.16099924, 0.00000000,  0, 25.87292600, 0
0.53620264, 0.16183128, 0.00000000,  0, 25.89409995, 0
0.53693500, 0.16268106, 0.00000000,  0, 25.91594005, 0
0.53763914, 0.16351959, 0.00000000,  0, 25.94074106, 0
0.53862551, 0.16473541, 0.00000000,  0, 25.96227407, 0
0.53923281, 0.16549924, 0.00000000,  0, 25.98323798, 0
0.53980914, 0.16622237, 0.00000000,  0, 26.00550604, 0
0.54034013, 0.16688984, 0.00000000,  0, 26.02724695, 0
0.54080067, 0.16747086, 0.00000000,  0, 26.04780602, 0
0.54112765, 0.16791527, 0.00000000,  0, 26.07091403, 0
0.54131448, 0.16820577, 0.00000000,  0, 26.08912015, 0
0.54140475, 0.16838941, 0.00000000,  0, 26.10989809, 0
0.54133805, 0.16847546, 0.00000000,  0, 26.12922192, 0
0.54120982, 0.16847161, 0.00000000,  0, 26.14864302, 0
0.54105183, 0.16838797, 0.00000000,  0, 26.17100906, 0
0.54092305, 0.16822890, 0.00000000,  0, 26.19255209, 0
0.54082978, 0.16800105, 0.00000000,  0, 26.21465397, 0
0.54065869, 0.16759744, 0.00000000,  0, 26.23568892, 0
0.54071164, 0.16747609, 0.00000000,  0, 26.25936198, 0
0.54073610, 0.16732971, 0.00000000,  0, 26.27782297, 0
0.54092512, 0.16731253, 0.00000000,  0, 26.29905295, 0
0.54130680, 0.16745773, 0.00000000,  0, 26.32061005, 0
0.54184202, 0.16772962, 0.00000000,  0, 26.34209394, 0
0.54249123, 0.16809169, 0.00000000,  0, 26.36165309, 0
0.54325770, 0.16855536, 0.00000000,  0, 26.38287997, 0
0.54410184, 0.16909501, 0.00000000,  0, 26.40152907, 0
0.54503304, 0.16971215, 0.00000000,  0, 26.42342210, 0
0.54606208, 0.17044081, 0.00000000,  0, 26.44784594, 0
0.54767959, 0.17164486, 0.00000000,  0, 26.47226691, 0
0.54933225, 0.17293864, 0.00000000,  0, 26.50211811, 0
0.55096576, 0.17429229, 0.00000000,  0, 26.53224111, 0
0.55202285, 0.17518625, 0.00000000,  0, 26.56026006, 0
0.55305722, 0.17607201, 0.00000000,  0, 26.58065295, 0
0.55449650, 0.17731069, 0.00000000,  0, 26.60348201, 0
0.55537648, 0.17806770, 0.00000000,  0, 26.62654400, 0
0.55618293, 0.17876248, 0.00000000,  0, 26.64978695, 0
0.55694596, 0.17942297, 0.00000000,  0, 26.67103410, 0
0.55788188, 0.18023191, 0.00000000,  0, 26.69637203, 0
0.55823463, 0.18052167, 0.00000000,  0, 26.71932507, 0
0.55854725, 0.18077246, 0.00000000,  0, 26.74286509, 0
0.55879765, 0.18090884, 0.00000000,  0, 26.76497912, 0
0.55904786, 0.18087840, 0.00000000,  0, 26.79529715, 0
0.55914004, 0.18057240, 0.00000000,  0, 26.81746292, 0
0.55914486, 0.18027477, 0.00000000,  0, 26.84006405, 0
0.55913247, 0.18010458, 0.00000000,  0, 26.85681796, 0
0.55905651, 0.17953539, 0.00000000,  0, 26.88016510, 0
0.55899516, 0.17913112, 0.00000000,  0, 26.90323305, 0
0.55893385, 0.17872705, 0.00000000,  0, 26.92286897, 0
0.55885989, 0.17831184, 0.00000000,  0, 26.94334197, 0
0.55874803, 0.17791457, 0.00000000,  0, 26.96798706, 0
0.55858789, 0.17751038, 0.00000000,  0, 26.98773408, 0
0.55858089, 0.17724596, 0.00000000,  0, 27.00933814, 0
0.55876099, 0.17713751, 0.00000000,  0, 27.02790093, 0
0.55910677, 0.17715383, 0.00000000,  0, 27.04559994, 0
0.55959104, 0.17726913, 0.00000000,  0, 27.06764293, 0
0.56021332, 0.17749113, 0.00000000,  0, 27.08981609, 0
0.56133718, 0.17798234, 0.00000000,  0, 27.11325693, 0
0.56219594, 0.17840407, 0.00000000,  0, 27.13712692, 0
0.56313241, 0.17888837, 0.00000000,  0, 27.15525007, 0
0.56413421, 0.17942145, 0.00000000,  0, 27.17383194, 0
0.56517067, 0.17999294, 0.00000000,  0, 27.19573307, 0
0.56621715, 0.18059942, 0.00000000,  0, 27.21796703, 0
0.56725811, 0.18123416, 0.00000000,  0, 27.23803592, 0
0.56827080, 0.18187679, 0.00000000,  0, 27.25875401, 0
0.56923919, 0.18252659, 0.00000000,  0, 27.27751303, 0
0.57050273, 0.18341597, 0.00000000,  0, 27.30794692, 0
0.57107434, 0.18379953, 0.00000000,  0, 27.33057094, 0
0.57152085, 0.18409917, 0.00000000,  0, 27.35173202, 0
0.57198270, 0.18444359, 0.00000000,  0, 27.37392712, 0
0.57245145, 0.18480888, 0.00000000,  0, 27.39589906, 0
0.57289676, 0.18515479, 0.00000000,  0, 27.41593504, 0
0.57314782, 0.18533829, 0.00000000,  0, 27.43419003, 0
0.57327003, 0.18538944, 0.00000000,  0, 27.45679808, 0
0.57339217, 0.18544057, 0.00000000,  0, 27.47671008, 0
0.57351432, 0.18549170, 0.00000000,  0, 27.49653602, 0
0.57376196, 0.18560285, 0.00000000,  0, 27.51679492, 0
0.57435887, 0.18589728, 0.00000000,  0, 27.54194713, 0
0.57522326, 0.18634621, 0.00000000,  0, 27.56997013, 0
0.57590015, 0.18670332, 0.00000000,  0, 27.59121513, 0
0.57635062, 0.18694470, 0.00000000,  0, 27.61177397, 0
0.57754540, 0.18759668, 0.00000000,  0, 27.63339400, 0
0.57839549, 0.18806212, 0.00000000,  0, 27.65320611, 0
0.57927768, 0.18854904, 0.00000000,  0, 27.67675614, 0
0.58017285, 0.18904500, 0.00000000,  0, 27.70206499, 0
0.58154200, 0.18981686, 0.00000000,  0, 27.73354912, 0
0.58247612, 0.19035458, 0.00000000,  0, 27.75386810, 0
0.58385035, 0.19114954, 0.00000000,  0, 27.77772999, 0
0.58474386, 0.19163994, 0.00000000,  0, 27.79606199, 0
0.58561234, 0.19210397, 0.00000000,  0, 27.81817508, 0
0.58608701, 0.19235166, 0.00000000,  0, 27.83727908, 0
0.58739623, 0.19301085, 0.00000000,  0, 27.86465502, 0
0.58816976, 0.19337896, 0.00000000,  0, 27.88529992, 0
0.58881723, 0.19365519, 0.00000000,  0, 27.90457010, 0
0.58930177, 0.19381856, 0.00000000,  0, 27.92197895, 0
0.58951073, 0.19387572, 0.00000000,  0, 27.93992400, 0
0.58980392, 0.19390603, 0.00000000,  0, 27.95973110, 0
0.58998688, 0.19385127, 0.00000000,  0, 27.97855115, 0
0.59010752, 0.19373001, 0.00000000,  0, 28.00135899, 0
0.59017074, 0.19355946, 0.00000000,  0, 28.02190614, 0
0.59037876, 0.19338138, 0.00000000,  0, 28.05017614, 0
0.59085225, 0.19336964, 0.00000000,  0, 28.08141994, 0
0.59134986, 0.19335816, 0.00000000,  0, 28.11238909, 0
0.59203896, 0.19347283, 0.00000000,  0, 28.14068508, 0
0.59264099, 0.19365667, 0.00000000,  0, 28.16080809, 0
0.59334574, 0.19392188, 0.00000000,  0, 28.18215203, 0
0.59413234, 0.19425130, 0.00000000,  0, 28.20191598, 0
0.59499661, 0.19464422, 0.00000000,  0, 28.22002292, 0
0.59593078, 0.19509582, 0.00000000,  0, 28.24004197, 0
0.59691119, 0.19559117, 0.00000000,  0, 28.26122212, 0
0.59791397, 0.19611383, 0.00000000,  0, 28.28079510, 0
0.59894546, 0.19666554, 0.00000000,  0, 28.30027413, 0
0.59998522, 0.19723390, 0.00000000,  0, 28.31999302, 0
0.60101387, 0.19781143, 0.00000000,  0, 28.33848000, 0
0.60202656, 0.19839862, 0.00000000,  0, 28.36352205, 0
0.60302097, 0.19899051, 0.00000000,  0, 28.38540506, 0
0.60398419, 0.19957618, 0.00000000,  0, 28.40801501, 0
0.60535541, 0.20042160, 0.00000000,  0, 28.43116498, 0
0.60623604, 0.20096353, 0.00000000,  0, 28.45469594, 0
0.60708530, 0.20147763, 0.00000000,  0, 28.47333312, 0
0.60750233, 0.20172728, 0.00000000,  0, 28.49410009, 0
0.60875487, 0.20247745, 0.00000000,  0, 28.51527309, 0
0.60997426, 0.20317918, 0.00000000,  0, 28.54280806, 0
0.61114028, 0.20381657, 0.00000000,  0, 28.57299495, 0
0.61187421, 0.20420413, 0.00000000,  0, 28.59765315, 0
0.61294625, 0.20475339, 0.00000000,  0, 28.62760305, 0
0.61362212, 0.20509056, 0.00000000,  0, 28.65104508, 0
0.61426496, 0.20540380, 0.00000000,  0, 28.66920400, 0
0.61487157, 0.20569953, 0.00000000,  0, 28.69297004, 0
0.61545661, 0.20598026, 0.00000000,  0, 28.71332097, 0
0.61637396, 0.20641353, 0.00000000,  0, 28.74410295, 0
0.61719777, 0.20681879, 0.00000000,  0, 28.77441692, 0
0.61805583, 0.20723642, 0.00000000,  0, 28.80473304, 0
0.61890730, 0.20759945, 0.00000000,  0, 28.83460999, 0
0.61973880, 0.20793465, 0.00000000,  0, 28.85962105, 0
0.62030713, 0.20816086, 0.00000000,  0, 28.88117814, 0
0.62060259, 0.20828303, 0.00000000,  0, 28.89922500, 0
0.62121824, 0.20854832, 0.00000000,  0, 28.91861892, 0
0.62185397, 0.20883051, 0.00000000,  0, 28.93985009, 0
0.62248062, 0.20911117, 0.00000000,  0, 28.95909715, 0
0.62309237, 0.20939432, 0.00000000,  0, 28.97857809, 0
0.62403158, 0.20984905, 0.00000000,  0, 29.00760794, 0
0.62468244, 0.21018867, 0.00000000,  0, 29.03173113, 0
0.62535273, 0.21054961, 0.00000000,  0, 29.05211997, 0
0.62640502, 0.21111279, 0.00000000,  0, 29.07327604, 0
0.62713731, 0.21150165, 0.00000000,  0, 29.09927392, 0
0.62786679, 0.21188946, 0.00000000,  0, 29.11830211, 0
0.62858583, 0.21226438, 0.00000000,  0, 29.13550806, 0
0.62931280, 0.21263867, 0.00000000,  0, 29.15854406, 0
0.63003931, 0.21301053, 0.00000000,  0, 29.17788506, 0
0.63076250, 0.21337439, 0.00000000,  0, 29.19730997, 0
0.63146849, 0.21371843, 0.00000000,  0, 29.21914196, 0
0.63215794, 0.21404777, 0.00000000,  0, 29.24096513, 0
0.63281125, 0.21435604, 0.00000000,  0, 29.26204395, 0
0.63347006, 0.21465998, 0.00000000,  0, 29.28528094, 0
0.63415519, 0.21496767, 0.00000000,  0, 29.30613112, 0
0.63519028, 0.21542888, 0.00000000,  0, 29.32932901, 0
0.63588892, 0.21572536, 0.00000000,  0, 29.34872198, 0
0.63659106, 0.21601172, 0.00000000,  0, 29.36912394, 0
0.63693958, 0.21615304, 0.00000000,  0, 29.38754892, 0
0.63762990, 0.21641976, 0.00000000,  0, 29.40650296, 0
0.63831087, 0.21668085, 0.00000000,  0, 29.42708802, 0
0.63900368, 0.21695140, 0.00000000,  0, 29.44817400, 0
0.63970811, 0.21722807, 0.00000000,  0, 29.46823001, 0
0.64074894, 0.21764126, 0.00000000,  0, 29.49102902, 0
0.64144088, 0.21791714, 0.00000000,  0, 29.51178408, 0
0.64214175, 0.21819298, 0.00000000,  0, 29.53292394, 0
0.64285677, 0.21848797, 0.00000000,  0, 29.55372596, 0
0.64407122, 0.21900191, 0.00000000,  0, 29.58391309, 0
0.64484434, 0.21931489, 0.00000000,  0, 29.61340714, 0
0.64562856, 0.21961845, 0.00000000,  0, 29.63252592, 0
0.64639419, 0.21991602, 0.00000000,  0, 29.65154314, 0
0.64714475, 0.22020869, 0.00000000,  0, 29.67508793, 0
0.64825800, 0.22064657, 0.00000000,  0, 29.69733214, 0
0.64899176, 0.22095367, 0.00000000,  0, 29.71592712, 0
0.64971287, 0.22126564, 0.00000000,  0, 29.73894095, 0
0.65042417, 0.22157239, 0.00000000,  0, 29.75968313, 0
0.65111692, 0.22187039, 0.00000000,  0, 29.77915406, 0
0.65181816, 0.22217289, 0.00000000,  0, 29.80250192, 0
0.65254867, 0.22248994, 0.00000000,  0, 29.82447815, 0
0.65328832, 0.22280342, 0.00000000,  0, 29.84310412, 0
0.65402481, 0.22311447, 0.00000000,  0, 29.86488104, 0
0.65475690, 0.22342837, 0.00000000,  0, 29.88676715, 0
0.65547604, 0.22373339, 0.00000000,  0, 29.90489292, 0
0.65618580, 0.22402275, 0.00000000,  0, 29.92532206, 0
0.65689033, 0.22430207, 0.00000000,  0, 29.94674897, 0
0.65759115, 0.22458379, 0.00000000,  0, 29.96960497, 0
0.65827964, 0.22487265, 0.00000000,  0, 29.98988795, 0
0.65928978, 0.22530363, 0.00000000,  0, 30.01170897, 0
0.65996550, 0.22558961, 0.00000000,  0, 30.04086900, 0
0.66098717, 0.22603107, 0.00000000,  0, 30.06470704, 0
0.66169376, 0.22634656, 0.00000000,  0, 30.09018397, 0
0.66280265, 0.22681173, 0.00000000,  0, 30.11608410, 0
0.66356716, 0.22711962, 0.00000000,  0, 30.13602614, 0
0.66434392, 0.22740487, 0.00000000,  0, 30.15813899, 0
0.66510581, 0.22767438, 0.00000000,  0, 30.17760205, 0
0.66591928, 0.22795399, 0.00000000,  0, 30.20296812, 0
0.66668390, 0.22822650, 0.00000000,  0, 30.22435904, 0
0.66744790, 0.22850201, 0.00000000,  0, 30.24630499, 0
0.66856231, 0.22891184, 0.00000000,  0, 30.26913404, 0
0.66891906, 0.22904398, 0.00000000,  0, 30.28665400, 0
0.66999844, 0.22941912, 0.00000000,  0, 30.30910397, 0
0.67075003, 0.22967263, 0.00000000,  0, 30.32862115, 0
0.67151992, 0.22993055, 0.00000000,  0, 30.35183406, 0
0.67269338, 0.23028877, 0.00000000,  0, 30.38275194, 0
0.67345181, 0.23050895, 0.00000000,  0, 30.40970206, 0
0.67493365, 0.23089774, 0.00000000,  0, 30.44417691, 0
0.67605521, 0.23117504, 0.00000000,  0, 30.47859812, 0
0.67718112, 0.23146140, 0.00000000,  0, 30.50471592, 0
0.67791901, 0.23165230, 0.00000000,  0, 30.52629805, 0
0.67865647, 0.23184068, 0.00000000,  0, 30.54822302, 0
0.67980497, 0.23215824, 0.00000000,  0, 30.57755709, 0
0.68099622, 0.23249650, 0.00000000,  0, 30.60444808, 0
0.68181032, 0.23272496, 0.00000000,  0, 30.62768102, 0
0.68262020, 0.23294154, 0.00000000,  0, 30.64853311, 0
0.68340902, 0.23314347, 0.00000000,  0, 30.67049098, 0
0.68457200, 0.23342089, 0.00000000,  0, 30.69607210, 0
0.68533139, 0.23360252, 0.00000000,  0, 30.72094512, 0
0.68609443, 0.23378383, 0.00000000,  0, 30.74108315, 0
0.68685624, 0.23396433, 0.00000000,  0, 30.75704908, 0
0.68761427, 0.23414666, 0.00000000,  0, 30.78521895, 0
0.68834073, 0.23432278, 0.00000000,  0, 30.80533409, 0
0.68905408, 0.23449064, 0.00000000,  0, 30.82651806, 0
0.69013410, 0.23474295, 0.00000000,  0, 30.85047913, 0
0.69086611, 0.23491350, 0.00000000,  0, 30.87701392, 0
0.69196626, 0.23514407, 0.00000000,  0, 30.90603805, 0
0.69268906, 0.23528758, 0.00000000,  0, 30.93004894, 0
0.69374995, 0.23548060, 0.00000000,  0, 30.95094013, 0
0.69446179, 0.23559847, 0.00000000,  0, 30.97162008, 0
0.69481561, 0.23565394, 0.00000000,  0, 30.98929596, 0
0.69552860, 0.23577428, 0.00000000,  0, 31.00887299, 0
0.69624181, 0.23590741, 0.00000000,  0, 31.02534509, 0
0.69694341, 0.23604461, 0.00000000,  0, 31.04435396, 0
0.69763190, 0.23617798, 0.00000000,  0, 31.06699991, 0
0.69830902, 0.23630092, 0.00000000,  0, 31.08826613, 0
0.69900103, 0.23641753, 0.00000000,  0, 31.11079812, 0
0.69968635, 0.23653467, 0.00000000,  0, 31.13132310, 0
0.70034583, 0.23663545, 0.00000000,  0, 31.15359712, 0
0.70100920, 0.23672303, 0.00000000,  0, 31.17224407, 0
0.70168000, 0.23680834, 0.00000000,  0, 31.19350314, 0
0.70234476, 0.23689314, 0.00000000,  0, 31.21329904, 0
0.70300536, 0.23697774, 0.00000000,  0, 31.23402810, 0
0.70400412, 0.23712185, 0.00000000,  0, 31.26447701, 0
0.70500014, 0.23731006, 0.00000000,  0, 31.29208612, 0
0.70565929, 0.23743766, 0.00000000,  0, 31.30953097, 0
0.70633085, 0.23757339, 0.00000000,  0, 31.33068013, 0
0.70704279, 0.23773375, 0.00000000,  0, 31.35189915, 0
0.70811813, 0.23798194, 0.00000000,  0, 31.38303614, 0
0.70917506, 0.23821591, 0.00000000,  0, 31.41059804, 0
0.70986428, 0.23836628, 0.00000000,  0, 31.42858911, 0
0.71054420, 0.23850281, 0.00000000,  0, 31.45194197, 0
0.71159692, 0.23872750, 0.00000000,  0, 31.48260903, 0
0.71229372, 0.23888389, 0.00000000,  0, 31.50610399, 0
0.71299734, 0.23904842, 0.00000000,  0, 31.52743602, 0
0.71369785, 0.23922370, 0.00000000,  0, 31.54762506, 0
0.71476236, 0.23948555, 0.00000000,  0, 31.57247901, 0
0.71588295, 0.23977280, 0.00000000,  0, 31.60384393, 0
0.71666363, 0.23997154, 0.00000000,  0, 31.62638497, 0
0.71745354, 0.24016118, 0.00000000,  0, 31.64642310, 0
0.71823024, 0.24033781, 0.00000000,  0, 31.66700196, 0
0.71900552, 0.24050763, 0.00000000,  0, 31.69048500, 0
0.72018240, 0.24075946, 0.00000000,  0, 31.71579003, 0
0.72100619, 0.24093190, 0.00000000,  0, 31.74108791, 0
0.72183523, 0.24109694, 0.00000000,  0, 31.76377106, 0
0.72302237, 0.24132030, 0.00000000,  0, 31.78572392, 0
0.72379141, 0.24146409, 0.00000000,  0, 31.80634999, 0
0.72457511, 0.24160637, 0.00000000,  0, 31.82738113, 0
0.72534620, 0.24174641, 0.00000000,  0, 31.85031414, 0
0.72613338, 0.24188573, 0.00000000,  0, 31.87043905, 0
0.72692982, 0.24201436, 0.00000000,  0, 31.89623904, 0
0.72811848, 0.24218774, 0.00000000,  0, 31.91872406, 0
0.72887255, 0.24227609, 0.00000000,  0, 31.94164014, 0
0.72961217, 0.24235517, 0.00000000,  0, 31.96148992, 0
0.73035296, 0.24244590, 0.00000000,  0, 31.97971797, 0
0.73109425, 0.24254614, 0.00000000,  0, 31.99928093, 0
0.73185008, 0.24265467, 0.00000000,  0, 32.01970911, 0
0.73261003, 0.24276816, 0.00000000,  0, 32.04538608, 0
0.73335416, 0.24288660, 0.00000000,  0, 32.06695914, 0
0.73408959, 0.24300827, 0.00000000,  0, 32.08718610, 0
0.73483829, 0.24313874, 0.00000000,  0, 32.10584593, 0
0.73559899, 0.24327491, 0.00000000,  0, 32.12454796, 0
0.73635916, 0.24340584, 0.00000000,  0, 32.14737797, 0
0.73711437, 0.24352842, 0.00000000,  0, 32.16917205, 0
0.73822839, 0.24369857, 0.00000000,  0, 32.19718313, 0
0.73897007, 0.24380531, 0.00000000,  0, 32.22061396, 0
0.74007166, 0.24397114, 0.00000000,  0, 32.24324203, 0
0.74080318, 0.24408823, 0.00000000,  0, 32.26519108, 0
0.74153728, 0.24420960, 0.00000000,  0, 32.28737307, 0
0.74225305, 0.24432429, 0.00000000,  0, 32.31083512, 0
0.74329083, 0.24447070, 0.00000000,  0, 32.33471608, 0
0.74398253, 0.24455557, 0.00000000,  0, 32.35719609, 0
0.74467353, 0.24464089, 0.00000000,  0, 32.37628603, 0
0.74537235, 0.24472635, 0.00000000,  0, 32.39812803, 0
0.74642724, 0.24485161, 0.00000000,  0, 32.43238592, 0
0.74747164, 0.24495938, 0.00000000,  0, 32.46630192, 0
0.74848828, 0.24505391, 0.00000000,  0, 32.48996401, 0
0.74917763, 0.24512141, 0.00000000,  0, 32.51309896, 0
0.75019980, 0.24522577, 0.00000000,  0, 32.54211402, 0
0.75119438, 0.24532707, 0.00000000,  0, 32.56878805, 0
0.75184424, 0.24539144, 0.00000000,  0, 32.58921313, 0
0.75250591, 0.24545874, 0.00000000,  0, 32.61351705, 0
0.75318346, 0.24553753, 0.00000000,  0, 32.63937712, 0
0.75421146, 0.24566474, 0.00000000,  0, 32.66790414, 0
0.75525027, 0.24578952, 0.00000000,  0, 32.69838309, 0
0.75627842, 0.24590535, 0.00000000,  0, 32.72585106, 0
0.75698258, 0.24600253, 0.00000000,  0, 32.74644709, 0
0.75771691, 0.24612541, 0.00000000,  0, 32.76504803, 0
0.75849161, 0.24627007, 0.00000000,  0, 32.78420115, 0
0.75924719, 0.24642434, 0.00000000,  0, 32.80534911, 0
0.75962585, 0.24650655, 0.00000000,  0, 32.82205415, 0
0.76077727, 0.24676618, 0.00000000,  0, 32.85187912, 0
0.76156255, 0.24695084, 0.00000000,  0, 32.87066102, 0
0.76235665, 0.24713685, 0.00000000,  0, 32.89242506, 0
0.76356163, 0.24743062, 0.00000000,  0, 32.91716909, 0
0.76474889, 0.24773196, 0.00000000,  0, 32.94784904, 0
0.76591051, 0.24800005, 0.00000000,  0, 32.97811913, 0
0.76667078, 0.24817551, 0.00000000,  0, 33.00306296, 0
0.76739552, 0.24833332, 0.00000000,  0, 33.02361608, 0
0.76809385, 0.24847787, 0.00000000,  0, 33.04400301, 0
0.76911339, 0.24869221, 0.00000000,  0, 33.06799412, 0
0.76976599, 0.24882302, 0.00000000,  0, 33.09221601, 0
0.77039320, 0.24893581, 0.00000000,  0, 33.11660910, 0
0.77129511, 0.24907810, 0.00000000,  0, 33.14067292, 0
0.77191119, 0.24916655, 0.00000000,  0, 33.16067696, 0
0.77253284, 0.24924190, 0.00000000,  0, 33.18163514, 0
0.77316081, 0.24930084, 0.00000000,  0, 33.20263004, 0
0.77380018, 0.24934029, 0.00000000,  0, 33.22469497, 0
0.77446025, 0.24935958, 0.00000000,  0, 33.24678493, 0
0.77513915, 0.24936289, 0.00000000,  0, 33.27072096, 0
0.77616306, 0.24935241, 0.00000000,  0, 33.29240799, 0
0.77686862, 0.24934498, 0.00000000,  0, 33.31488299, 0
0.77762295, 0.24933730, 0.00000000,  0, 33.33453202, 0
0.77840564, 0.24933888, 0.00000000,  0, 33.35510206, 0
0.77918621, 0.24935851, 0.00000000,  0, 33.37723994, 0
0.77997145, 0.24939288, 0.00000000,  0, 33.39948010, 0
0.78076969, 0.24943920, 0.00000000,  0, 33.42069602, 0
0.78201698, 0.24952699, 0.00000000,  0, 33.44690609, 0
0.78329428, 0.24962711, 0.00000000,  0, 33.47632694, 0
0.78462535, 0.24974030, 0.00000000,  0, 33.51047897, 0
0.78591314, 0.24985865, 0.00000000,  0, 33.54081798, 0
0.78674952, 0.24994068, 0.00000000,  0, 33.55723095, 0
0.78757152, 0.25003147, 0.00000000,  0, 33.58033299, 0
0.78876610, 0.25018663, 0.00000000,  0, 33.61415315, 0
0.78992914, 0.25035910, 0.00000000,  0, 33.64806414, 0
0.79106218, 0.25054123, 0.00000000,  0, 33.67342710, 0
