0.00000372, 0.00001739, 0.00000000,  0, 0.02954388, 0
0.00000691, 0.00003956, 0.00000000,  0, 0.06055188, 0
0.00003470, 0.00006025, 0.00000000,  0, 0.09691691, 0
0.00012351, 0.00012359, 0.00000000,  0, 0.12514186, 0
0.00033112, 0.00022383, 0.00000000,  0, 0.15522599, 0
0.00053384, 0.00029903, 0.00000000,  0, 0.18436694, 0
0.00067388, 0.00033388, 0.00000000,  0, 0.21332598, 0
0.00075573, 0.00034893, 0.00000000,  0, 0.24275494, 0
0.00076405, 0.00033978, 0.00000000,  0, 0.26964498, 0
0.00071584, 0.00028973, 0.00000000,  0, 0.29974604, 0
0.00068268, 0.00025620, 0.00000000,  0, 0.33216691, 0
0.00066439, 0.00024687, 0.00000000,  0, 0.36605787, 0
0.00059815, 0.00021084, 0.00000000,  0, 0.39642286, 0
0.00048145, 0.00013758, 0.00000000,  0, 0.42691803, 0
0.00031670, 0.00005771, 0.00000000,  0, 0.45813990, 0
0.00017352, -0.00000259, 0.00000000,  0, 0.48976398, 0
0.00000540, -0.00006763, 0.00000000,  0, 0.52577186, 0
-0.00013219, -0.00012457, 0.00000000,  0, 0.55707908, 0
-0.00031721, -0.00020710, 0.00000000,  0, 0.58854389, 0
-0.00052374, -0.00031438, 0.00000000,  0, 0.62221193, 0
-0.00068822, -0.00040794, 0.00000000,  0, 0.65442586, 0
-0.00082453, -0.00050766, 0.00000000,  0, 0.68651700, 0
-0.00087194, -0.00055515, 0.00000000,  0, 0.72022390, 0
-0.00089496, -0.00056621, 0.00000000,  0, 0.74996591, 0
-0.00088902, -0.00057077, 0.00000000,  0, 0.78329706, 0
-0.00088087, -0.00059002, 0.00000000,  0, 0.81308985, 0
-0.00086255, -0.00060430, 0.00000000,  0, 0.84575486, 0
-0.00084211, -0.00061027, 0.00000000,  0, 0.88054585, 0
-0.00081426, -0.00061262, 0.00000000,  0, 0.91748595, 0
-0.00082452, -0.00063664, 0.00000000,  0, 0.95380497, 0
-0.00082325, -0.00064841, 0.00000000,  0, 0.98420095, 0
-0.00081135, -0.00066190, 0.00000000,  0, 1.01116991, 0
-0.00080078, -0.00068482, 0.00000000,  0, 1.03723907, 0
-0.00077647, -0.00069585, 0.00000000,  0, 1.06530190, 0
-0.00075080, -0.00070203, 0.00000000,  0, 1.09226298, 0
-0.00073441, -0.00074197, 0.00000000,  0, 1.12123299, 0
-0.00071293, -0.00077123, 0.00000000,  0, 1.14986491, 0
-0.00070071, -0.00078109, 0.00000000,  0, 1.17619085, 0
-0.00068827, -0.00078875, 0.00000000,  0, 1.20393085, 0
-0.00066045, -0.00079172, 0.00000000,  0, 1.23001885, 0
-0.00063351, -0.00079253, 0.00000000,  0, 1.26369596, 0
-0.00061776, -0.00079239, 0.00000000,  0, 1.29102492, 0
-0.00061275, -0.00079619, 0.00000000,  0, 1.31684685, 0
-0.00061259, -0.00080612, 0.00000000,  0, 1.34350705, 0
-0.00060805, -0.00081045, 0.00000000,  0, 1.37312198, 0
-0.00060650, -0.00081151, 0.00000000,  0, 1.39863586, 0
-0.00060511, -0.00081195, 0.00000000,  0, 1.42518306, 0
-0.00060363, -0.00081096, 0.00000000,  0, 1.45421004, 0
-0.00059064, -0.00080832, 0.00000000,  0, 1.48264003, 0
-0.00059056, -0.00080935, 0.00000000,  0, 1.50838399, 0
-0.00060060, -0.00080949, 0.00000000,  0, 1.53231907, 0
-0.00059491, -0.00080939, 0.00000000,  0, 1.55416989, 0
-0.00060341, -0.00081560, 0.00000000,  0, 1.58019805, 0
-0.00060858, -0.00082207, 0.00000000,  0, 1.60602498, 0
-0.00060834, -0.00082712, 0.00000000,  0, 1.63526201, 0
-0.00060581, -0.00082913, 0.00000000,  0, 1.66274691, 0
-0.00060111, -0.00082965, 0.00000000,  0, 1.68488598, 0
-0.00059593, -0.00082978, 0.00000000,  0, 1.70942092, 0
-0.00058540, -0.00083760, 0.00000000,  0, 1.73850489, 0
-0.00057080, -0.00085937, 0.00000000,  0, 1.76596308, 0
-0.00055423, -0.00086901, 0.00000000,  0, 1.79384685, 0
-0.00054100, -0.00087276, 0.00000000,  0, 1.82241988, 0
-0.00052312, -0.00087470, 0.00000000,  0, 1.85023999, 0
-0.00051484, -0.00087881, 0.00000000,  0, 1.88134193, 0
-0.00051203, -0.00088713, 0.00000000,  0, 1.90654993, 0
-0.00050988, -0.00089350, 0.00000000,  0, 1.93199205, 0
-0.00050918, -0.00089555, 0.00000000,  0, 1.95608902, 0
-0.00050860, -0.00089720, 0.00000000,  0, 1.99053001, 0
-0.00050853, -0.00089739, 0.00000000,  0, 2.01911402, 0
-0.00050853, -0.00089731, 0.00000000,  0, 2.04955506, 0
-0.00050861, -0.00089706, 0.00000000,  0, 2.07895207, 0
-0.00050872, -0.00089666, 0.00000000,  0, 2.10556006, 0
-0.00050206, -0.00089641, 0.00000000,  0, 2.13052988, 0
-0.00048841, -0.00089615, 0.00000000,  0, 2.15457797, 0
-0.00047350, -0.00089577, 0.00000000,  0, 2.17795491, 0
-0.00046574, -0.00089552, 0.00000000,  0, 2.20437598, 0
-0.00046384, -0.00089517, 0.00000000,  0, 2.23039985, 0
-0.00047105, -0.00089795, 0.00000000,  0, 2.25865889, 0
-0.00048874, -0.00090637, 0.00000000,  0, 2.28476691, 0
-0.00050434, -0.00091363, 0.00000000,  0, 2.31407785, 0
-0.00049983, -0.00091662, 0.00000000,  0, 2.34165907, 0
-0.00049601, -0.00092585, 0.00000000,  0, 2.36809707, 0
-0.00049467, -0.00093851, 0.00000000,  0, 2.39636397, 0
-0.00047700, -0.00095537, 0.00000000,  0, 2.42379594, 0
-0.00046463, -0.00096022, 0.00000000,  0, 2.44911599, 0
-0.00044025, -0.00096399, 0.00000000,  0, 2.47431207, 0
-0.00042329, -0.00097049, 0.00000000,  0, 2.50181103, 0
-0.00039918, -0.00100053, 0.00000000,  0, 2.52854204, 0
-0.00036377, -0.00103126, 0.00000000,  0, 2.56252003, 0
-0.00034682, -0.00107967, 0.00000000,  0, 2.59708285, 0
-0.00031644, -0.00109523, 0.00000000,  0, 2.62696385, 0
-0.00027817, -0.00110287, 0.00000000,  0, 2.65646100, 0
-0.00025562, -0.00110508, 0.00000000,  0, 2.68289995, 0
-0.00021280, -0.00110946, 0.00000000,  0, 2.70841098, 0
-0.00019268, -0.00112136, 0.00000000,  0, 2.73447585, 0
-0.00018309, -0.00117795, 0.00000000,  0, 2.76610994, 0
-0.00017334, -0.00125544, 0.00000000,  0, 2.79197693, 0
-0.00017724, -0.00136453, 0.00000000,  0, 2.82386398, 0
-0.00018095, -0.00149279, 0.00000000,  0, 2.85393906, 0
-0.00019149, -0.00163061, 0.00000000,  0, 2.88667202, 0
-0.00019453, -0.00182026, 0.00000000,  0, 2.92193007, 0
-0.00018126, -0.00190631, 0.00000000,  0, 2.95132208, 0
-0.00013900, -0.00202538, 0.00000000,  0, 2.97846198, 0
-0.00006999, -0.00212100, 0.00000000,  0, 3.00640607, 0
0.00004796, -0.00217594, 0.00000000,  0, 3.03436208, 0
0.00016813, -0.00224338, 0.00000000,  0, 3.06910801, 0
0.00026168, -0.00233086, 0.00000000,  0, 3.09622598, 0
0.00032637, -0.00238873, 0.00000000,  0, 3.11988902, 0
0.00043359, -0.00247256, 0.00000000,  0, 3.14700985, 0
0.00048501, -0.00252291, 0.00000000,  0, 3.17356586, 0
0.00045861, -0.00262191, 0.00000000,  0, 3.20340586, 0
0.00049470, -0.00265571, 0.00000000,  0, 3.22645998, 0
0.00058794, -0.00267662, 0.00000000,  0, 3.25415707, 0
0.00068319, -0.00269202, 0.00000000,  0, 3.28139591, 0
0.00075228, -0.00270695, 0.00000000,  0, 3.30726790, 0
0.00082812, -0.00273271, 0.00000000,  0, 3.33502889, 0
0.00087766, -0.00274878, 0.00000000,  0, 3.36281204, 0
0.00082707, -0.00278283, 0.00000000,  0, 3.38814592, 0
0.00070113, -0.00284177, 0.00000000,  0, 3.41249299, 0
0.00065780, -0.00285967, 0.00000000,  0, 3.43653202, 0
0.00064108, -0.00286666, 0.00000000,  0, 3.46287203, 0
0.00066648, -0.00285018, 0.00000000,  0, 3.48975587, 0
0.00074162, -0.00281266, 0.00000000,  0, 3.51487398, 0
0.00079958, -0.00279010, 0.00000000,  0, 3.53966784, 0
0.00085254, -0.00275637, 0.00000000,  0, 3.56161308, 0
0.00092604, -0.00269429, 0.00000000,  0, 3.58360291, 0
0.00095701, -0.00264868, 0.00000000,  0, 3.61207199, 0
0.00101545, -0.00253225, 0.00000000,  0, 3.64438295, 0
0.00104702, -0.00247195, 0.00000000,  0, 3.67179298, 0
0.00106127, -0.00238228, 0.00000000,  0, 3.69895792, 0
0.00107994, -0.00228844, 0.00000000,  0, 3.72646999, 0
0.00108366, -0.00223605, 0.00000000,  0, 3.75265789, 0
0.00111068, -0.00214968, 0.00000000,  0, 3.77827597, 0
0.00114630, -0.00207704, 0.00000000,  0, 3.80338907, 0
0.00123232, -0.00196793, 0.00000000,  0, 3.82926989, 0
0.00132963, -0.00186142, 0.00000000,  0, 3.85938692, 0
0.00136908, -0.00180939, 0.00000000,  0, 3.88569903, 0
0.00142228, -0.00171587, 0.00000000,  0, 3.91335297, 0
0.00144953, -0.00165985, 0.00000000,  0, 3.94026995, 0
0.00144329, -0.00164161, 0.00000000,  0, 3.96456695, 0
0.00142687, -0.00162699, 0.00000000,  0, 3.98983502, 0
0.00132004, -0.00161909, 0.00000000,  0, 4.02164006, 0
0.00115930, -0.00162910, 0.00000000,  0, 4.05601907, 0
0.00099340, -0.00165237, 0.00000000,  0, 4.08719301, 0
0.00086219, -0.00167642, 0.00000000,  0, 4.11158895, 0
0.00070582, -0.00173214, 0.00000000,  0, 4.14076591, 0
0.00057582, -0.00177708, 0.00000000,  0, 4.17125988, 0
0.00041204, -0.00181881, 0.00000000,  0, 4.19996691, 0
0.00035363, -0.00180625, 0.00000000,  0, 4.22628903, 0
0.00032375, -0.00179544, 0.00000000,  0, 4.25289488, 0
0.00027944, -0.00180045, 0.00000000,  0, 4.28156400, 0
0.00018014, -0.00184495, 0.00000000,  0, 4.30982208, 0
0.00005382, -0.00189589, 0.00000000,  0, 4.33886695, 0
-0.00000252, -0.00191759, 0.00000000,  0, 4.36465192, 0
-0.00006143, -0.00194359, 0.00000000,  0, 4.39317203, 0
-0.00021097, -0.00200220, 0.00000000,  0, 4.42002487, 0
-0.00025818, -0.00199952, 0.00000000,  0, 4.44529605, 0
-0.00026374, -0.00196119, 0.00000000,  0, 4.47145200, 0
-0.00024727, -0.00190445, 0.00000000,  0, 4.50777006, 0
-0.00015663, -0.00180680, 0.00000000,  0, 4.54229689, 0
-0.00011314, -0.00175378, 0.00000000,  0, 4.56800008, 0
-0.00006654, -0.00166095, 0.00000000,  0, 4.59688497, 0
-0.00005064, -0.00160976, 0.00000000,  0, 4.62462592, 0
-0.00003195, -0.00150909, 0.00000000,  0, 4.65383697, 0
0.00000173, -0.00138373, 0.00000000,  0, 4.68116403, 0
0.00001001, -0.00127516, 0.00000000,  0, 4.71336889, 0
-0.00004249, -0.00121514, 0.00000000,  0, 4.73924899, 0
-0.00012505, -0.00117652, 0.00000000,  0, 4.76813388, 0
-0.00018701, -0.00113026, 0.00000000,  0, 4.79994202, 0
-0.00023881, -0.00112345, 0.00000000,  0, 4.82603598, 0
-0.00032668, -0.00112277, 0.00000000,  0, 4.85194993, 0
-0.00038196, -0.00109780, 0.00000000,  0, 4.88088202, 0
-0.00042448, -0.00105914, 0.00000000,  0, 4.90815592, 0
-0.00049689, -0.00095807, 0.00000000,  0, 4.94300485, 0
-0.00056595, -0.00090900, 0.00000000,  0, 4.97423697, 0
-0.00061238, -0.00083478, 0.00000000,  0, 5.00421906, 0
-0.00061234, -0.00078058, 0.00000000,  0, 5.03281808, 0
-0.00057212, -0.00070404, 0.00000000,  0, 5.06188798, 0
-0.00049568, -0.00063010, 0.00000000,  0, 5.08739185, 0
-0.00044295, -0.00058188, 0.00000000,  0, 5.11296487, 0
-0.00036539, -0.00050999, 0.00000000,  0, 5.13881493, 0
-0.00031451, -0.00046385, 0.00000000,  0, 5.16134906, 0
-0.00023878, -0.00040447, 0.00000000,  0, 5.19093490, 0
-0.00018349, -0.00035599, 0.00000000,  0, 5.22542000, 0
-0.00013659, -0.00031751, 0.00000000,  0, 5.25589800, 0
-0.00010825, -0.00028435, 0.00000000,  0, 5.28138185, 0
-0.00009507, -0.00026847, 0.00000000,  0, 5.31062388, 0
-0.00009045, -0.00027233, 0.00000000,  0, 5.33865905, 0
-0.00008700, -0.00029019, 0.00000000,  0, 5.36750889, 0
-0.00007141, -0.00031316, 0.00000000,  0, 5.39364386, 0
-0.00005749, -0.00033067, 0.00000000,  0, 5.42183685, 0
-0.00005407, -0.00033893, 0.00000000,  0, 5.44961905, 0
-0.00004726, -0.00035229, 0.00000000,  0, 5.47953391, 0
-0.00003563, -0.00035540, 0.00000000,  0, 5.50981402, 0
-0.00006801, -0.00036421, 0.00000000,  0, 5.54642606, 0
-0.00006432, -0.00036164, 0.00000000,  0, 5.57716489, 0
-0.00003634, -0.00034221, 0.00000000,  0, 5.61155295, 0
0.00000292, -0.00033032, 0.00000000,  0, 5.63776398, 0
0.00002631, -0.00032695, 0.00000000,  0, 5.66566396, 0
0.00006332, -0.00031753, 0.00000000,  0, 5.69213295, 0
0.00008799, -0.00032152, 0.00000000,  0, 5.71836996, 0
0.00010241, -0.00031401, 0.00000000,  0, 5.75090504, 0
0.00011085, -0.00031907, 0.00000000,  0, 5.78582191, 0
0.00012040, -0.00031972, 0.00000000,  0, 5.81773591, 0
0.00011567, -0.00033623, 0.00000000,  0, 5.84141588, 0
0.00009669, -0.00035952, 0.00000000,  0, 5.86590290, 0
0.00007550, -0.00038466, 0.00000000,  0, 5.89236307, 0
0.00007067, -0.00039578, 0.00000000,  0, 5.91836500, 0
0.00004183, -0.00043624, 0.00000000,  0, 5.94836903, 0
0.00000744, -0.00047634, 0.00000000,  0, 5.97774100, 0
-0.00001124, -0.00049264, 0.00000000,  0, 6.00957108, 0
-0.00004404, -0.00052179, 0.00000000,  0, 6.03893995, 0
-0.00006571, -0.00054364, 0.00000000,  0, 6.06949687, 0
-0.00007243, -0.00055253, 0.00000000,  0, 6.09852004, 0
-0.00007591, -0.00056509, 0.00000000,  0, 6.12686586, 0
-0.00006410, -0.00058463, 0.00000000,  0, 6.15648508, 0
-0.00005337, -0.00060851, 0.00000000,  0, 6.18409896, 0
-0.00001424, -0.00062897, 0.00000000,  0, 6.21423697, 0
0.00003605, -0.00060765, 0.00000000,  0, 6.24135399, 0
0.00010039, -0.00057709, 0.00000000,  0, 6.27748108, 0
0.00011863, -0.00056981, 0.00000000,  0, 6.30302095, 0
0.00014329, -0.00057364, 0.00000000,  0, 6.33104396, 0
0.00016321, -0.00056788, 0.00000000,  0, 6.35613585, 0
0.00016156, -0.00057651, 0.00000000,  0, 6.38343096, 0
0.00013302, -0.00060788, 0.00000000,  0, 6.41058588, 0
0.00007565, -0.00067507, 0.00000000,  0, 6.44591594, 0
-0.00000282, -0.00076611, 0.00000000,  0, 6.47236896, 0
-0.00002497, -0.00079750, 0.00000000,  0, 6.49904108, 0
-0.00002446, -0.00082743, 0.00000000,  0, 6.52536798, 0
-0.00000921, -0.00084911, 0.00000000,  0, 6.55218887, 0
0.00000035, -0.00087320, 0.00000000,  0, 6.58438206, 0
-0.00001358, -0.00089794, 0.00000000,  0, 6.61074996, 0
-0.00004816, -0.00094119, 0.00000000,  0, 6.64005208, 0
-0.00007422, -0.00097060, 0.00000000,  0, 6.66825700, 0
-0.00009520, -0.00099272, 0.00000000,  0, 6.69787002, 0
-0.00009740, -0.00101317, 0.00000000,  0, 6.72766805, 0
-0.00011622, -0.00104753, 0.00000000,  0, 6.75747085, 0
-0.00012204, -0.00105968, 0.00000000,  0, 6.78249288, 0
-0.00013918, -0.00108315, 0.00000000,  0, 6.80653286, 0
-0.00014209, -0.00110753, 0.00000000,  0, 6.83323503, 0
-0.00013844, -0.00113764, 0.00000000,  0, 6.86047006, 0
-0.00012833, -0.00114818, 0.00000000,  0, 6.88733792, 0
-0.00012978, -0.00116455, 0.00000000,  0, 6.91250205, 0
-0.00012324, -0.00117230, 0.00000000,  0, 6.94269705, 0
-0.00011418, -0.00118122, 0.00000000,  0, 6.96802807, 0
-0.00009593, -0.00119238, 0.00000000,  0, 6.99577594, 0
-0.00010111, -0.00119596, 0.00000000,  0, 7.02628803, 0
-0.00012479, -0.00122183, 0.00000000,  0, 7.05346489, 0
-0.00011438, -0.00122074, 0.00000000,  0, 7.07999587, 0
-0.00012548, -0.00124397, 0.00000000,  0, 7.10801792, 0
-0.00015574, -0.00127949, 0.00000000,  0, 7.13986301, 0
-0.00018488, -0.00131232, 0.00000000,  0, 7.16749692, 0
-0.00020358, -0.00134029, 0.00000000,  0, 7.19425988, 0
-0.00028885, -0.00143401, 0.00000000,  0, 7.22598886, 0
-0.00037005, -0.00151734, 0.00000000,  0, 7.25847387, 0
-0.00042373, -0.00157453, 0.00000000,  0, 7.29045701, 0
-0.00043151, -0.00159362, 0.00000000,  0, 7.31661892, 0
-0.00044369, -0.00159744, 0.00000000,  0, 7.34337687, 0
-0.00044986, -0.00158351, 0.00000000,  0, 7.37128496, 0
-0.00044621, -0.00156987, 0.00000000,  0, 7.39534402, 0
-0.00040930, -0.00153207, 0.00000000,  0, 7.42039299, 0
-0.00037857, -0.00150083, 0.00000000,  0, 7.44642591, 0
-0.00032524, -0.00145875, 0.00000000,  0, 7.47387099, 0
-0.00028478, -0.00143381, 0.00000000,  0, 7.50281405, 0
-0.00024160, -0.00140848, 0.00000000,  0, 7.53350592, 0
-0.00021046, -0.00138718, 0.00000000,  0, 7.56010199, 0
-0.00015825, -0.00135303, 0.00000000,  0, 7.59050202, 0
-0.00008882, -0.00131315, 0.00000000,  0, 7.62503099, 0
-0.00004318, -0.00128621, 0.00000000,  0, 7.66037989, 0
0.00001090, -0.00125068, 0.00000000,  0, 7.68620706, 0
0.00004229, -0.00123135, 0.00000000,  0, 7.71253586, 0
0.00006790, -0.00121528, 0.00000000,  0, 7.73828506, 0
0.00006415, -0.00120705, 0.00000000,  0, 7.76799703, 0
0.00004002, -0.00121816, 0.00000000,  0, 7.79295897, 0
0.00000910, -0.00125125, 0.00000000,  0, 7.81990504, 0
-0.00000950, -0.00127423, 0.00000000,  0, 7.84770894, 0
-0.00000620, -0.00127364, 0.00000000,  0, 7.87661290, 0
0.00000415, -0.00125261, 0.00000000,  0, 7.90605497, 0
-0.00001644, -0.00127152, 0.00000000,  0, 7.93642592, 0
-0.00003693, -0.00128637, 0.00000000,  0, 7.96447706, 0
-0.00009722, -0.00132178, 0.00000000,  0, 7.99294591, 0
-0.00013692, -0.00133782, 0.00000000,  0, 8.02254891, 0
-0.00017203, -0.00133947, 0.00000000,  0, 8.05697107, 0
-0.00019352, -0.00134498, 0.00000000,  0, 8.09208989, 0
-0.00019298, -0.00135588, 0.00000000,  0, 8.11970687, 0
-0.00016976, -0.00134930, 0.00000000,  0, 8.14621401, 0
-0.00013234, -0.00132162, 0.00000000,  0, 8.17300200, 0
-0.00012532, -0.00130576, 0.00000000,  0, 8.19859695, 0
-0.00013044, -0.00130116, 0.00000000,  0, 8.22414804, 0
-0.00014703, -0.00131199, 0.00000000,  0, 8.24931288, 0
-0.00020458, -0.00136558, 0.00000000,  0, 8.27631807, 0
-0.00024582, -0.00142189, 0.00000000,  0, 8.30295897, 0
-0.00027010, -0.00148347, 0.00000000,  0, 8.33375502, 0
-0.00025308, -0.00151475, 0.00000000,  0, 8.35911703, 0
-0.00012850, -0.00153961, 0.00000000,  0, 8.38886690, 0
0.00008332, -0.00151537, 0.00000000,  0, 8.41511703, 0
0.00026636, -0.00148801, 0.00000000,  0, 8.44209886, 0
0.00060054, -0.00143164, 0.00000000,  0, 8.47039986, 0
0.00099389, -0.00135450, 0.00000000,  0, 8.49535990, 0
0.00126190, -0.00130235, 0.00000000,  0, 8.52329493, 0
0.00160880, -0.00120744, 0.00000000,  0, 8.54786301, 0
0.00180155, -0.00116550, 0.00000000,  0, 8.57343388, 0
0.00204575, -0.00117058, 0.00000000,  0, 8.60127997, 0
0.00223308, -0.00124161, 0.00000000,  0, 8.62945700, 0
0.00230373, -0.00132164, 0.00000000,  0, 8.65596485, 0
0.00238236, -0.00139305, 0.00000000,  0, 8.68223500, 0
0.00242967, -0.00136973, 0.00000000,  0, 8.71276808, 0
0.00246525, -0.00128958, 0.00000000,  0, 8.73889899, 0
0.00248584, -0.00125471, 0.00000000,  0, 8.76559997, 0
0.00250152, -0.00121640, 0.00000000,  0, 8.80047393, 0
0.00249839, -0.00119513, 0.00000000,  0, 8.82539296, 0
0.00247375, -0.00117118, 0.00000000,  0, 8.85448194, 0
0.00246314, -0.00118637, 0.00000000,  0, 8.88087893, 0
0.00243719, -0.00124149, 0.00000000,  0, 8.90371990, 0
0.00241824, -0.00126191, 0.00000000,  0, 8.92849302, 0
0.00238301, -0.00126853, 0.00000000,  0, 8.95825291, 0
0.00233668, -0.00131934, 0.00000000,  0, 8.98632097, 0
0.00230141, -0.00142414, 0.00000000,  0, 9.01483989, 0
0.00226650, -0.00151753, 0.00000000,  0, 9.04215693, 0
0.00221132, -0.00168655, 0.00000000,  0, 9.06684208, 0
0.00216400, -0.00185839, 0.00000000,  0, 9.09965301, 0
0.00213197, -0.00205003, 0.00000000,  0, 9.13451004, 0
0.00212367, -0.00232980, 0.00000000,  0, 9.16851687, 0
0.00212479, -0.00255231, 0.00000000,  0, 9.19829988, 0
0.00212360, -0.00271587, 0.00000000,  0, 9.22364306, 0
0.00215332, -0.00287642, 0.00000000,  0, 9.25709796, 0
0.00217369, -0.00287344, 0.00000000,  0, 9.28727388, 0
0.00215779, -0.00278264, 0.00000000,  0, 9.31253886, 0
0.00212445, -0.00266950, 0.00000000,  0, 9.33840585, 0
0.00207592, -0.00247317, 0.00000000,  0, 9.36659288, 0
0.00199755, -0.00223847, 0.00000000,  0, 9.39871502, 0
0.00192401, -0.00204682, 0.00000000,  0, 9.43089986, 0
0.00182205, -0.00185826, 0.00000000,  0, 9.45827603, 0
0.00176301, -0.00173824, 0.00000000,  0, 9.48940206, 0
0.00166628, -0.00147740, 0.00000000,  0, 9.51875091, 0
0.00159687, -0.00123730, 0.00000000,  0, 9.55234385, 0
0.00153462, -0.00099098, 0.00000000,  0, 9.58186007, 0
0.00146631, -0.00074882, 0.00000000,  0, 9.61151886, 0
0.00139571, -0.00052904, 0.00000000,  0, 9.64100599, 0
0.00135224, -0.00038627, 0.00000000,  0, 9.66950297, 0
0.00130823, -0.00017523, 0.00000000,  0, 9.69856191, 0
0.00127543, -0.00004679, 0.00000000,  0, 9.72879004, 0
0.00116682, 0.00026819, 0.00000000,  0, 9.76438498, 0
0.00115128, 0.00038619, 0.00000000,  0, 9.79718685, 0
0.00121202, 0.00046884, 0.00000000,  0, 9.82416701, 0
0.00127843, 0.00051479, 0.00000000,  0, 9.85366488, 0
0.00136677, 0.00057743, 0.00000000,  0, 9.87850189, 0
0.00140265, 0.00063633, 0.00000000,  0, 9.90475392, 0
0.00136689, 0.00076588, 0.00000000,  0, 9.93199492, 0
0.00126238, 0.00096122, 0.00000000,  0, 9.96220303, 0
0.00116296, 0.00116795, 0.00000000,  0, 9.99039388, 0
0.00111490, 0.00132953, 0.00000000,  0, 10.02173305, 0
0.00113058, 0.00145427, 0.00000000,  0, 10.04831386, 0
0.00117829, 0.00154433, 0.00000000,  0, 10.07957602, 0
0.00123593, 0.00159022, 0.00000000,  0, 10.11468387, 0
0.00127435, 0.00158587, 0.00000000,  0, 10.15014291, 0
0.00125697, 0.00154950, 0.00000000,  0, 10.17987204, 0
0.00121916, 0.00151612, 0.00000000,  0, 10.20757604, 0
0.00116055, 0.00149791, 0.00000000,  0, 10.23306799, 0
0.00112309, 0.00147447, 0.00000000,  0, 10.25918889, 0
0.00106363, 0.00142642, 0.00000000,  0, 10.28680086, 0
0.00099732, 0.00139081, 0.00000000,  0, 10.31394196, 0
0.00095119, 0.00136372, 0.00000000,  0, 10.33882999, 0
0.00087317, 0.00133650, 0.00000000,  0, 10.36715603, 0
0.00078005, 0.00130933, 0.00000000,  0, 10.39748096, 0
0.00066952, 0.00126260, 0.00000000,  0, 10.43544507, 0
0.00056114, 0.00122435, 0.00000000,  0, 10.46008205, 0
0.00048842, 0.00120092, 0.00000000,  0, 10.48511195, 0
0.00035380, 0.00117303, 0.00000000,  0, 10.51935101, 0
0.00029276, 0.00116538, 0.00000000,  0, 10.54490089, 0
0.00020421, 0.00115467, 0.00000000,  0, 10.56906796, 0
0.00015886, 0.00114788, 0.00000000,  0, 10.59691691, 0
0.00013828, 0.00114840, 0.00000000,  0, 10.62434697, 0
0.00013113, 0.00113545, 0.00000000,  0, 10.65801001, 0
0.00012794, 0.00110154, 0.00000000,  0, 10.68764687, 0
0.00009767, 0.00105096, 0.00000000,  0, 10.71521306, 0
0.00006998, 0.00101489, 0.00000000,  0, 10.74167800, 0
0.00002087, 0.00095147, 0.00000000,  0, 10.76783800, 0
-0.00003292, 0.00088817, 0.00000000,  0, 10.79303694, 0
-0.00008788, 0.00086119, 0.00000000,  0, 10.82040405, 0
-0.00023238, 0.00087448, 0.00000000,  0, 10.84451985, 0
-0.00033370, 0.00089406, 0.00000000,  0, 10.87406588, 0
-0.00045572, 0.00092647, 0.00000000,  0, 10.90158701, 0
-0.00054836, 0.00098219, 0.00000000,  0, 10.93056607, 0
-0.00064270, 0.00104701, 0.00000000,  0, 10.96405101, 0
-0.00073361, 0.00111634, 0.00000000,  0, 10.99555898, 0
-0.00078039, 0.00117332, 0.00000000,  0, 11.02318287, 0
-0.00079165, 0.00120068, 0.00000000,  0, 11.05467391, 0
-0.00076297, 0.00120136, 0.00000000,  0, 11.08916903, 0
-0.00072169, 0.00117880, 0.00000000,  0, 11.12032485, 0
-0.00068627, 0.00114800, 0.00000000,  0, 11.14778090, 0
-0.00065153, 0.00111369, 0.00000000,  0, 11.17547894, 0
-0.00063353, 0.00109709, 0.00000000,  0, 11.20265603, 0
-0.00059835, 0.00107179, 0.00000000,  0, 11.23411703, 0
-0.00061534, 0.00104633, 0.00000000,  0, 11.26832700, 0
-0.00066373, 0.00103789, 0.00000000,  0, 11.30439305, 0
-0.00074969, 0.00106652, 0.00000000,  0, 11.33451700, 0
-0.00081219, 0.00109766, 0.00000000,  0, 11.36095595, 0
-0.00090618, 0.00115635, 0.00000000,  0, 11.38728905, 0
-0.00096362, 0.00120743, 0.00000000,  0, 11.41073704, 0
-0.00104437, 0.00128074, 0.00000000,  0, 11.43767190, 0
-0.00109633, 0.00130842, 0.00000000,  0, 11.46143699, 0
-0.00115531, 0.00133739, 0.00000000,  0, 11.49541998, 0
-0.00120142, 0.00138027, 0.00000000,  0, 11.52365899, 0
-0.00121671, 0.00141574, 0.00000000,  0, 11.54693294, 0
-0.00122795, 0.00146953, 0.00000000,  0, 11.57140493, 0
-0.00123549, 0.00152947, 0.00000000,  0, 11.60105300, 0
-0.00124386, 0.00155809, 0.00000000,  0, 11.62751198, 0
-0.00123636, 0.00157267, 0.00000000,  0, 11.65680194, 0
-0.00116276, 0.00158076, 0.00000000,  0, 11.68397403, 0
-0.00109950, 0.00156705, 0.00000000,  0, 11.70782804, 0
-0.00100295, 0.00152723, 0.00000000,  0, 11.73716903, 0
-0.00090591, 0.00147577, 0.00000000,  0, 11.76905298, 0
-0.00083930, 0.00141182, 0.00000000,  0, 11.79644489, 0
-0.00077652, 0.00136570, 0.00000000,  0, 11.82317090, 0
-0.00069096, 0.00129418, 0.00000000,  0, 11.84951186, 0
-0.00059575, 0.00122143, 0.00000000,  0, 11.87842798, 0
-0.00050634, 0.00114802, 0.00000000,  0, 11.90717196, 0
-0.00042096, 0.00107453, 0.00000000,  0, 11.93615890, 0
-0.00037177, 0.00102555, 0.00000000,  0, 11.96409297, 0
-0.00028935, 0.00094333, 0.00000000,  0, 11.99256492, 0
-0.00026137, 0.00086181, 0.00000000,  0, 12.02206492, 0
-0.00022570, 0.00077331, 0.00000000,  0, 12.05113602, 0
-0.00020651, 0.00071034, 0.00000000,  0, 12.07839799, 0
-0.00018577, 0.00060343, 0.00000000,  0, 12.10354400, 0
-0.00016042, 0.00051013, 0.00000000,  0, 12.13091397, 0
-0.00013685, 0.00045467, 0.00000000,  0, 12.15958905, 0
-0.00009057, 0.00037699, 0.00000000,  0, 12.18625188, 0
-0.00004935, 0.00030235, 0.00000000,  0, 12.21362591, 0
-0.00000513, 0.00025817, 0.00000000,  0, 12.24324298, 0
0.00000317, 0.00023404, 0.00000000,  0, 12.27086496, 0
0.00001174, 0.00020554, 0.00000000,  0, 12.30009198, 0
0.00002905, 0.00017361, 0.00000000,  0, 12.32680297, 0
0.00005174, 0.00014697, 0.00000000,  0, 12.35195303, 0
0.00005066, 0.00012708, 0.00000000,  0, 12.38039804, 0
0.00000589, 0.00009932, 0.00000000,  0, 12.40966487, 0
-0.00003286, 0.00005933, 0.00000000,  0, 12.43888807, 0
-0.00004795, 0.00002675, 0.00000000,  0, 12.46508288, 0
-0.00007980, 0.00000168, 0.00000000,  0, 12.49511099, 0
-0.00013504, 0.00000121, 0.00000000,  0, 12.52701592, 0
-0.00015482, 0.00000197, 0.00000000,  0, 12.55686593, 0
-0.00019887, 0.00000358, 0.00000000,  0, 12.58347797, 0
-0.00023648, 0.00000544, 0.00000000,  0, 12.61102200, 0
-0.00026395, -0.00000183, 0.00000000,  0, 12.64020586, 0
-0.00027376, -0.00000680, 0.00000000,  0, 12.66643500, 0
-0.00027793, -0.00001045, 0.00000000,  0, 12.69385290, 0
-0.00028238, -0.00001097, 0.00000000,  0, 12.71870494, 0
-0.00029590, -0.00001063, 0.00000000,  0, 12.74701190, 0
-0.00030569, -0.00001926, 0.00000000,  0, 12.77480102, 0
-0.00030493, -0.00002587, 0.00000000,  0, 12.80523086, 0
-0.00029711, -0.00002817, 0.00000000,  0, 12.83456492, 0
-0.00029337, -0.00001756, 0.00000000,  0, 12.86340690, 0
-0.00029202, 0.00000455, 0.00000000,  0, 12.89295101, 0
-0.00028370, 0.00004569, 0.00000000,  0, 12.92129898, 0
-0.00024432, 0.00007326, 0.00000000,  0, 12.94753194, 0
-0.00021469, 0.00011880, 0.00000000,  0, 12.98118997, 0
-0.00020538, 0.00015440, 0.00000000,  0, 13.00633001, 0
-0.00022182, 0.00020590, 0.00000000,  0, 13.03390503, 0
-0.00025336, 0.00025999, 0.00000000,  0, 13.06257987, 0
-0.00028551, 0.00032477, 0.00000000,  0, 13.09084296, 0
-0.00032597, 0.00039407, 0.00000000,  0, 13.12129688, 0
-0.00042742, 0.00050103, 0.00000000,  0, 13.15053797, 0
-0.00051180, 0.00058978, 0.00000000,  0, 13.17875385, 0
-0.00067195, 0.00075325, 0.00000000,  0, 13.21038985, 0
-0.00080952, 0.00093258, 0.00000000,  0, 13.24211192, 0
-0.00091652, 0.00109142, 0.00000000,  0, 13.27475286, 0
-0.00100327, 0.00124721, 0.00000000,  0, 13.30420089, 0
-0.00104122, 0.00134744, 0.00000000,  0, 13.33042192, 0
-0.00108764, 0.00148868, 0.00000000,  0, 13.36035085, 0
-0.00109631, 0.00156973, 0.00000000,  0, 13.38421392, 0
-0.00107106, 0.00167716, 0.00000000,  0, 13.40929699, 0
-0.00105761, 0.00174881, 0.00000000,  0, 13.43256092, 0
-0.00105258, 0.00185965, 0.00000000,  0, 13.45813799, 0
-0.00106766, 0.00194266, 0.00000000,  0, 13.48597193, 0
-0.00109579, 0.00207765, 0.00000000,  0, 13.51635885, 0
-0.00113309, 0.00221721, 0.00000000,  0, 13.53948402, 0
-0.00117202, 0.00235808, 0.00000000,  0, 13.57080793, 0
-0.00118145, 0.00249550, 0.00000000,  0, 13.60687304, 0
-0.00118536, 0.00263664, 0.00000000,  0, 13.64262486, 0
-0.00118608, 0.00273220, 0.00000000,  0, 13.67258501, 0
-0.00120166, 0.00278602, 0.00000000,  0, 13.69614100, 0
-0.00122997, 0.00283643, 0.00000000,  0, 13.72125602, 0
-0.00128602, 0.00290853, 0.00000000,  0, 13.74436307, 0
-0.00132766, 0.00295625, 0.00000000,  0, 13.77206087, 0
-0.00137159, 0.00302601, 0.00000000,  0, 13.80000997, 0
-0.00139990, 0.00308615, 0.00000000,  0, 13.82677388, 0
-0.00141336, 0.00311663, 0.00000000,  0, 13.85511398, 0
-0.00141815, 0.00312693, 0.00000000,  0, 13.88835406, 0
-0.00141431, 0.00312656, 0.00000000,  0, 13.92389703, 0
-0.00137610, 0.00308855, 0.00000000,  0, 13.96010685, 0
-0.00127431, 0.00302276, 0.00000000,  0, 13.99671197, 0
-0.00110666, 0.00292061, 0.00000000,  0, 14.03316498, 0
-0.00097265, 0.00283947, 0.00000000,  0, 14.06525898, 0
-0.00082567, 0.00270019, 0.00000000,  0, 14.10018492, 0
-0.00075446, 0.00262696, 0.00000000,  0, 14.12826204, 0
-0.00062955, 0.00250346, 0.00000000,  0, 14.16367388, 0
-0.00058163, 0.00240377, 0.00000000,  0, 14.20056987, 0
-0.00061690, 0.00235333, 0.00000000,  0, 14.22905207, 0
-0.00066254, 0.00229330, 0.00000000,  0, 14.26055408, 0
-0.00065740, 0.00221333, 0.00000000,  0, 14.29327893, 0
-0.00065691, 0.00218298, 0.00000000,  0, 14.31942487, 0
-0.00067971, 0.00213209, 0.00000000,  0, 14.35724998, 0
-0.00071109, 0.00210636, 0.00000000,  0, 14.39120388, 0
-0.00072818, 0.00207782, 0.00000000,  0, 14.42777705, 0
-0.00074542, 0.00206595, 0.00000000,  0, 14.46376085, 0
-0.00078451, 0.00205426, 0.00000000,  0, 14.49329305, 0
-0.00083766, 0.00204347, 0.00000000,  0, 14.52911186, 0
-0.00086071, 0.00204115, 0.00000000,  0, 14.55613494, 0
-0.00090927, 0.00203944, 0.00000000,  0, 14.58427691, 0
-0.00096694, 0.00203022, 0.00000000,  0, 14.61250997, 0
-0.00102563, 0.00202190, 0.00000000,  0, 14.64761806, 0
-0.00106006, 0.00201793, 0.00000000,  0, 14.67912698, 0
-0.00107519, 0.00201645, 0.00000000,  0, 14.70957899, 0
-0.00111040, 0.00201610, 0.00000000,  0, 14.74335790, 0
-0.00112354, 0.00200976, 0.00000000,  0, 14.76717401, 0
-0.00112718, 0.00199004, 0.00000000,  0, 14.79121208, 0
-0.00109733, 0.00194458, 0.00000000,  0, 14.81905007, 0
-0.00106190, 0.00191126, 0.00000000,  0, 14.84873700, 0
-0.00098370, 0.00183580, 0.00000000,  0, 14.87958407, 0
-0.00092556, 0.00178077, 0.00000000,  0, 14.90766096, 0
-0.00088006, 0.00174241, 0.00000000,  0, 14.93521905, 0
-0.00082381, 0.00169796, 0.00000000,  0, 14.96485186, 0
-0.00071861, 0.00163600, 0.00000000,  0, 14.99295807, 0
-0.00057698, 0.00155201, 0.00000000,  0, 15.01889992, 0
-0.00047107, 0.00147718, 0.00000000,  0, 15.04695702, 0
-0.00034815, 0.00136198, 0.00000000,  0, 15.07716203, 0
-0.00025712, 0.00123657, 0.00000000,  0, 15.11356091, 0
-0.00022735, 0.00113447, 0.00000000,  0, 15.14337897, 0
-0.00023211, 0.00100915, 0.00000000,  0, 15.17207408, 0
-0.00024348, 0.00091930, 0.00000000,  0, 15.19463706, 0
-0.00024192, 0.00083613, 0.00000000,  0, 15.22025895, 0
-0.00023294, 0.00070900, 0.00000000,  0, 15.24684095, 0
-0.00024222, 0.00061137, 0.00000000,  0, 15.27504396, 0
-0.00027379, 0.00051618, 0.00000000,  0, 15.30305195, 0
-0.00031770, 0.00042306, 0.00000000,  0, 15.33130288, 0
-0.00034794, 0.00036663, 0.00000000,  0, 15.36292005, 0
-0.00036022, 0.00027340, 0.00000000,  0, 15.39074707, 0
-0.00034832, 0.00020931, 0.00000000,  0, 15.42380500, 0
-0.00031750, 0.00014268, 0.00000000,  0, 15.45730400, 0
-0.00033173, 0.00010295, 0.00000000,  0, 15.48317695, 0
-0.00033838, 0.00008631, 0.00000000,  0, 15.51624608, 0
-0.00034897, 0.00008066, 0.00000000,  0, 15.54806900, 0
-0.00035476, 0.00007965, 0.00000000,  0, 15.57604194, 0
-0.00035709, 0.00008039, 0.00000000,  0, 15.60232401, 0
-0.00036428, 0.00008275, 0.00000000,  0, 15.63177586, 0
-0.00036274, 0.00008658, 0.00000000,  0, 15.66539598, 0
-0.00036723, 0.00009544, 0.00000000,  0, 15.69360089, 0
-0.00034888, 0.00010750, 0.00000000,  0, 15.72085690, 0
-0.00032226, 0.00011461, 0.00000000,  0, 15.74814606, 0
-0.00028863, 0.00011796, 0.00000000,  0, 15.77673388, 0
-0.00025224, 0.00012166, 0.00000000,  0, 15.80380297, 0
-0.00022597, 0.00012464, 0.00000000,  0, 15.82954907, 0
-0.00020502, 0.00012639, 0.00000000,  0, 15.85694194, 0
-0.00017604, 0.00012868, 0.00000000,  0, 15.88561296, 0
-0.00015791, 0.00012162, 0.00000000,  0, 15.91772604, 0
-0.00011569, 0.00012504, 0.00000000,  0, 15.94460297, 0
-0.00009248, 0.00013097, 0.00000000,  0, 15.97299099, 0
-0.00004620, 0.00013459, 0.00000000,  0, 16.00467706, 0
0.00001524, 0.00013776, 0.00000000,  0, 16.04293489, 0
0.00002546, 0.00013953, 0.00000000,  0, 16.08059907, 0
0.00002197, 0.00014151, 0.00000000,  0, 16.11869907, 0
-0.00002207, 0.00014282, 0.00000000,  0, 16.15108299, 0
-0.00007056, 0.00014403, 0.00000000,  0, 16.17976189, 0
-0.00010351, 0.00014514, 0.00000000,  0, 16.20799994, 0
-0.00013812, 0.00014333, 0.00000000,  0, 16.23622704, 0
-0.00018550, 0.00012581, 0.00000000,  0, 16.27022886, 0
-0.00023406, 0.00010934, 0.00000000,  0, 16.30075788, 0
-0.00027410, 0.00010366, 0.00000000,  0, 16.32818198, 0
-0.00029558, 0.00010195, 0.00000000,  0, 16.35387492, 0
-0.00033686, 0.00010098, 0.00000000,  0, 16.38205600, 0
-0.00038407, 0.00010097, 0.00000000,  0, 16.40932393, 0
-0.00038751, 0.00010122, 0.00000000,  0, 16.44039798, 0
-0.00042924, 0.00010184, 0.00000000,  0, 16.46755290, 0
-0.00042915, 0.00010247, 0.00000000,  0, 16.49708200, 0
-0.00042007, 0.00010296, 0.00000000,  0, 16.52963686, 0
-0.00042886, 0.00010373, 0.00000000,  0, 16.56084204, 0
-0.00044917, 0.00010435, 0.00000000,  0, 16.58718204, 0
-0.00046679, 0.00009778, 0.00000000,  0, 16.61250305, 0
-0.00046057, 0.00008926, 0.00000000,  0, 16.63855004, 0
-0.00046008, 0.00008553, 0.00000000,  0, 16.66806602, 0
-0.00045785, 0.00008439, 0.00000000,  0, 16.69491887, 0
-0.00046917, 0.00008373, 0.00000000,  0, 16.72243905, 0
-0.00048292, 0.00009170, 0.00000000,  0, 16.75951385, 0
-0.00050153, 0.00009810, 0.00000000,  0, 16.78502107, 0
-0.00050130, 0.00010338, 0.00000000,  0, 16.81373501, 0
-0.00049959, 0.00010448, 0.00000000,  0, 16.83739495, 0
-0.00052179, 0.00010712, 0.00000000,  0, 16.86501002, 0
-0.00056197, 0.00009452, 0.00000000,  0, 16.89186907, 0
-0.00058783, 0.00008109, 0.00000000,  0, 16.91762304, 0
-0.00060720, 0.00007049, 0.00000000,  0, 16.94707298, 0
-0.00063206, 0.00006038, 0.00000000,  0, 16.97565794, 0
-0.00067775, 0.00006099, 0.00000000,  0, 17.00414395, 0
-0.00067438, 0.00007244, 0.00000000,  0, 17.03452301, 0
-0.00066826, 0.00007815, 0.00000000,  0, 17.06080008, 0
-0.00066976, 0.00009359, 0.00000000,  0, 17.08943391, 0
-0.00067494, 0.00010553, 0.00000000,  0, 17.11664987, 0
-0.00069482, 0.00012117, 0.00000000,  0, 17.14665508, 0
-0.00071872, 0.00012881, 0.00000000,  0, 17.18036294, 0
-0.00071306, 0.00013597, 0.00000000,  0, 17.20797801, 0
-0.00069509, 0.00014526, 0.00000000,  0, 17.23036599, 0
-0.00069473, 0.00014277, 0.00000000,  0, 17.25738788, 0
-0.00071572, 0.00013887, 0.00000000,  0, 17.28520989, 0
-0.00072839, 0.00014946, 0.00000000,  0, 17.31194687, 0
-0.00072686, 0.00015848, 0.00000000,  0, 17.33856702, 0
-0.00073014, 0.00017202, 0.00000000,  0, 17.36753607, 0
-0.00072373, 0.00018845, 0.00000000,  0, 17.39961004, 0
-0.00071877, 0.00021409, 0.00000000,  0, 17.43252897, 0
-0.00071296, 0.00021814, 0.00000000,  0, 17.45443797, 0
-0.00068580, 0.00023424, 0.00000000,  0, 17.48058295, 0
-0.00066642, 0.00023492, 0.00000000,  0, 17.50900388, 0
-0.00066833, 0.00023504, 0.00000000,  0, 17.53656292, 0
-0.00067529, 0.00023501, 0.00000000,  0, 17.56366801, 0
-0.00068364, 0.00024315, 0.00000000,  0, 17.59475088, 0
-0.00068600, 0.00026335, 0.00000000,  0, 17.62785506, 0
-0.00069196, 0.00027356, 0.00000000,  0, 17.65483999, 0
-0.00071967, 0.00028323, 0.00000000,  0, 17.68255401, 0
-0.00073478, 0.00029231, 0.00000000,  0, 17.70771289, 0
-0.00077494, 0.00029080, 0.00000000,  0, 17.73609996, 0
-0.00080269, 0.00028607, 0.00000000,  0, 17.76162696, 0
-0.00083856, 0.00028432, 0.00000000,  0, 17.78924799, 0
-0.00092401, 0.00028346, 0.00000000,  0, 17.81776190, 0
-0.00105180, 0.00029509, 0.00000000,  0, 17.84971690, 0
-0.00112980, 0.00030034, 0.00000000,  0, 17.87974191, 0
-0.00116572, 0.00030266, 0.00000000,  0, 17.90503502, 0
-0.00117972, 0.00030338, 0.00000000,  0, 17.92883301, 0
-0.00120609, 0.00030183, 0.00000000,  0, 17.95316505, 0
-0.00127282, 0.00028997, 0.00000000,  0, 17.98081994, 0
-0.00134495, 0.00028450, 0.00000000,  0, 18.01101208, 0
-0.00140914, 0.00028257, 0.00000000,  0, 18.03623986, 0
-0.00152808, 0.00027330, 0.00000000,  0, 18.06301904, 0
-0.00159998, 0.00029730, 0.00000000,  0, 18.09311986, 0
-0.00162831, 0.00033886, 0.00000000,  0, 18.12340689, 0
-0.00160671, 0.00039719, 0.00000000,  0, 18.15134001, 0
-0.00157479, 0.00042725, 0.00000000,  0, 18.17915893, 0
-0.00151566, 0.00045422, 0.00000000,  0, 18.20487785, 0
-0.00144649, 0.00048457, 0.00000000,  0, 18.23505497, 0
-0.00134617, 0.00050205, 0.00000000,  0, 18.26146007, 0
-0.00126526, 0.00052315, 0.00000000,  0, 18.28817701, 0
-0.00117157, 0.00054585, 0.00000000,  0, 18.31737185, 0
-0.00110398, 0.00058462, 0.00000000,  0, 18.35015893, 0
-0.00105889, 0.00062472, 0.00000000,  0, 18.38063908, 0
-0.00101607, 0.00066093, 0.00000000,  0, 18.40896297, 0
-0.00099952, 0.00069007, 0.00000000,  0, 18.43323588, 0
-0.00097923, 0.00074400, 0.00000000,  0, 18.46035886, 0
-0.00094716, 0.00080727, 0.00000000,  0, 18.49078298, 0
-0.00089878, 0.00087569, 0.00000000,  0, 18.51826000, 0
-0.00088201, 0.00092276, 0.00000000,  0, 18.54224396, 0
-0.00086509, 0.00097024, 0.00000000,  0, 18.56602287, 0
-0.00083800, 0.00103380, 0.00000000,  0, 18.59439707, 0
-0.00082204, 0.00111911, 0.00000000,  0, 18.62884307, 0
-0.00082313, 0.00116026, 0.00000000,  0, 18.65745807, 0
-0.00083707, 0.00121361, 0.00000000,  0, 18.68834400, 0
-0.00084588, 0.00125712, 0.00000000,  0, 18.72201395, 0
-0.00085271, 0.00127417, 0.00000000,  0, 18.75140190, 0
-0.00082810, 0.00128087, 0.00000000,  0, 18.78790593, 0
-0.00079146, 0.00128295, 0.00000000,  0, 18.82296491, 0
-0.00077087, 0.00128258, 0.00000000,  0, 18.85110593, 0
-0.00076234, 0.00128142, 0.00000000,  0, 18.87790203, 0
-0.00077398, 0.00128043, 0.00000000,  0, 18.90490603, 0
-0.00078793, 0.00127886, 0.00000000,  0, 18.93148398, 0
-0.00080464, 0.00127725, 0.00000000,  0, 18.95994496, 0
-0.00080555, 0.00127619, 0.00000000,  0, 18.98624802, 0
-0.00082733, 0.00127466, 0.00000000,  0, 19.01045895, 0
-0.00084758, 0.00127369, 0.00000000,  0, 19.03669286, 0
-0.00087265, 0.00127228, 0.00000000,  0, 19.06537604, 0
-0.00090697, 0.00127096, 0.00000000,  0, 19.09408307, 0
-0.00091921, 0.00126971, 0.00000000,  0, 19.12319088, 0
-0.00092375, 0.00126862, 0.00000000,  0, 19.14824486, 0
-0.00093590, 0.00125487, 0.00000000,  0, 19.17480302, 0
-0.00093783, 0.00124983, 0.00000000,  0, 19.19868898, 0
-0.00094615, 0.00124535, 0.00000000,  0, 19.22562790, 0
-0.00094910, 0.00124349, 0.00000000,  0, 19.24680686, 0
-0.00094508, 0.00124160, 0.00000000,  0, 19.27463293, 0
-0.00093238, 0.00124070, 0.00000000,  0, 19.30176687, 0
-0.00092909, 0.00123966, 0.00000000,  0, 19.32973099, 0
-0.00093250, 0.00123585, 0.00000000,  0, 19.35668588, 0
-0.00096309, 0.00122345, 0.00000000,  0, 19.39163399, 0
-0.00099524, 0.00121739, 0.00000000,  0, 19.41724992, 0
-0.00102422, 0.00121513, 0.00000000,  0, 19.44210291, 0
-0.00104318, 0.00121314, 0.00000000,  0, 19.47304893, 0
-0.00104730, 0.00121198, 0.00000000,  0, 19.50480008, 0
-0.00102731, 0.00121122, 0.00000000,  0, 19.53696585, 0
-0.00101180, 0.00121065, 0.00000000,  0, 19.56454587, 0
-0.00104583, 0.00121020, 0.00000000,  0, 19.59304094, 0
-0.00106606, 0.00120994, 0.00000000,  0, 19.62323308, 0
-0.00108025, 0.00120955, 0.00000000,  0, 19.65236592, 0
-0.00107577, 0.00120923, 0.00000000,  0, 19.68191099, 0
-0.00106028, 0.00120894, 0.00000000,  0, 19.71135402, 0
-0.00106464, 0.00120867, 0.00000000,  0, 19.73812294, 0
-0.00106686, 0.00120849, 0.00000000,  0, 19.76648688, 0
-0.00108917, 0.00120825, 0.00000000,  0, 19.79454398, 0
-0.00110920, 0.00122019, 0.00000000,  0, 19.82189989, 0
-0.00112685, 0.00122641, 0.00000000,  0, 19.84942985, 0
-0.00112405, 0.00122851, 0.00000000,  0, 19.87575388, 0
-0.00111503, 0.00123004, 0.00000000,  0, 19.90262699, 0
-0.00110078, 0.00123049, 0.00000000,  0, 19.92876196, 0
-0.00107299, 0.00123075, 0.00000000,  0, 19.95542288, 0
-0.00104590, 0.00123077, 0.00000000,  0, 19.98028088, 0
-0.00101944, 0.00123069, 0.00000000,  0, 20.00990701, 0
-0.00101909, 0.00123054, 0.00000000,  0, 20.03716207, 0
-0.00103039, 0.00123037, 0.00000000,  0, 20.06485200, 0
-0.00105177, 0.00123025, 0.00000000,  0, 20.09256101, 0
-0.00104828, 0.00123515, 0.00000000,  0, 20.11906385, 0
-0.00102443, 0.00125278, 0.00000000,  0, 20.14622903, 0
-0.00100855, 0.00126795, 0.00000000,  0, 20.17363286, 0
-0.00099430, 0.00127507, 0.00000000,  0, 20.20349789, 0
-0.00095038, 0.00128632, 0.00000000,  0, 20.23346496, 0
-0.00088194, 0.00129961, 0.00000000,  0, 20.26168799, 0
-0.00080654, 0.00131038, 0.00000000,  0, 20.29176307, 0
-0.00073676, 0.00131956, 0.00000000,  0, 20.31996608, 0
-0.00067843, 0.00133225, 0.00000000,  0, 20.34954000, 0
-0.00064543, 0.00134570, 0.00000000,  0, 20.37819290, 0
-0.00058600, 0.00135806, 0.00000000,  0, 20.40583897, 0
-0.00052627, 0.00136258, 0.00000000,  0, 20.43428397, 0
-0.00048665, 0.00136406, 0.00000000,  0, 20.46029592, 0
-0.00043713, 0.00136243, 0.00000000,  0, 20.48837590, 0
-0.00041180, 0.00135083, 0.00000000,  0, 20.51427889, 0
-0.00040341, 0.00131332, 0.00000000,  0, 20.54248595, 0
-0.00040984, 0.00128581, 0.00000000,  0, 20.56738901, 0
-0.00044106, 0.00126096, 0.00000000,  0, 20.59380198, 0
-0.00049730, 0.00124464, 0.00000000,  0, 20.61645389, 0
-0.00058760, 0.00122883, 0.00000000,  0, 20.65090799, 0
-0.00068141, 0.00122301, 0.00000000,  0, 20.68932605, 0
-0.00071494, 0.00122134, 0.00000000,  0, 20.72890687, 0
-0.00072244, 0.00122051, 0.00000000,  0, 20.76766706, 0
-0.00071196, 0.00122031, 0.00000000,  0, 20.80627799, 0
-0.00072197, 0.00122032, 0.00000000,  0, 20.84091496, 0
-0.00074990, 0.00122038, 0.00000000,  0, 20.86686993, 0
-0.00078393, 0.00120892, 0.00000000,  0, 20.89487696, 0
-0.00080537, 0.00118951, 0.00000000,  0, 20.92303300, 0
-0.00080367, 0.00118192, 0.00000000,  0, 20.94898391, 0
-0.00079877, 0.00117570, 0.00000000,  0, 20.97346306, 0
-0.00079311, 0.00115020, 0.00000000,  0, 20.99779487, 0
-0.00077548, 0.00113609, 0.00000000,  0, 21.02654290, 0
-0.00076438, 0.00113129, 0.00000000,  0, 21.05213904, 0
-0.00074799, 0.00112754, 0.00000000,  0, 21.07908201, 0
-0.00073815, 0.00112596, 0.00000000,  0, 21.11504292, 0
-0.00074315, 0.00112541, 0.00000000,  0, 21.14444900, 0
-0.00075032, 0.00112052, 0.00000000,  0, 21.16909599, 0
-0.00074923, 0.00112270, 0.00000000,  0, 21.19565392, 0
-0.00074654, 0.00112376, 0.00000000,  0, 21.22160292, 0
-0.00071647, 0.00112474, 0.00000000,  0, 21.24798608, 0
-0.00068665, 0.00112535, 0.00000000,  0, 21.27641797, 0
-0.00066367, 0.00112566, 0.00000000,  0, 21.30385995, 0
-0.00064050, 0.00112600, 0.00000000,  0, 21.33241391, 0
-0.00061202, 0.00112628, 0.00000000,  0, 21.36002493, 0
-0.00059435, 0.00113859, 0.00000000,  0, 21.39295197, 0
-0.00056672, 0.00114527, 0.00000000,  0, 21.41792798, 0
-0.00054910, 0.00116092, 0.00000000,  0, 21.43992686, 0
-0.00052230, 0.00118172, 0.00000000,  0, 21.46854997, 0
-0.00049724, 0.00119145, 0.00000000,  0, 21.50155497, 0
-0.00046837, 0.00120411, 0.00000000,  0, 21.52563906, 0
-0.00042640, 0.00121475, 0.00000000,  0, 21.55001092, 0
-0.00039697, 0.00122358, 0.00000000,  0, 21.57312894, 0
-0.00035213, 0.00123647, 0.00000000,  0, 21.60164404, 0
-0.00030949, 0.00124617, 0.00000000,  0, 21.63853908, 0
-0.00027012, 0.00126035, 0.00000000,  0, 21.66931295, 0
-0.00024540, 0.00126810, 0.00000000,  0, 21.69425893, 0
-0.00023290, 0.00127922, 0.00000000,  0, 21.72142196, 0
-0.00020549, 0.00128804, 0.00000000,  0, 21.75109601, 0
-0.00016748, 0.00128500, 0.00000000,  0, 21.77719593, 0
-0.00013881, 0.00128771, 0.00000000,  0, 21.80724597, 0
-0.00013177, 0.00129111, 0.00000000,  0, 21.83706594, 0
-0.00012911, 0.00129258, 0.00000000,  0, 21.87203693, 0
-0.00012860, 0.00130077, 0.00000000,  0, 21.89710999, 0
-0.00012881, 0.00130725, 0.00000000,  0, 21.92387199, 0
-0.00013783, 0.00131602, 0.00000000,  0, 21.95069885, 0
-0.00014705, 0.00133336, 0.00000000,  0, 21.98077607, 0
-0.00014719, 0.00135817, 0.00000000,  0, 22.01204991, 0
-0.00013966, 0.00137358, 0.00000000,  0, 22.03926396, 0
-0.00012284, 0.00137888, 0.00000000,  0, 22.06766891, 0
-0.00008959, 0.00138387, 0.00000000,  0, 22.10455203, 0
-0.00007661, 0.00138503, 0.00000000,  0, 22.13063192, 0
-0.00007809, 0.00138558, 0.00000000,  0, 22.15676498, 0
-0.00008119, 0.00138564, 0.00000000,  0, 22.18116808, 0
-0.00009576, 0.00138552, 0.00000000,  0, 22.20949006, 0
-0.00013699, 0.00138525, 0.00000000,  0, 22.23934507, 0
-0.00016709, 0.00138493, 0.00000000,  0, 22.26357698, 0
-0.00018631, 0.00138471, 0.00000000,  0, 22.29117703, 0
-0.00021456, 0.00138438, 0.00000000,  0, 22.31591296, 0
-0.00022589, 0.00138416, 0.00000000,  0, 22.34258795, 0
-0.00022468, 0.00138385, 0.00000000,  0, 22.37048101, 0
-0.00021762, 0.00138356, 0.00000000,  0, 22.39567494, 0
-0.00021549, 0.00138337, 0.00000000,  0, 22.42231894, 0
-0.00020567, 0.00138310, 0.00000000,  0, 22.45268488, 0
-0.00019288, 0.00138285, 0.00000000,  0, 22.48632407, 0
-0.00014449, 0.00138254, 0.00000000,  0, 22.51953793, 0
-0.00010790, 0.00138233, 0.00000000,  0, 22.55622506, 0
-0.00007193, 0.00138206, 0.00000000,  0, 22.59403801, 0
-0.00005674, 0.00138187, 0.00000000,  0, 22.62393498, 0
-0.00003161, 0.00138169, 0.00000000,  0, 22.65031600, 0
-0.00001032, 0.00138152, 0.00000000,  0, 22.68747091, 0
-0.00001726, 0.00136162, 0.00000000,  0, 22.71865797, 0
-0.00001852, 0.00134520, 0.00000000,  0, 22.74547195, 0
-0.00002617, 0.00133121, 0.00000000,  0, 22.77606702, 0
-0.00004497, 0.00130434, 0.00000000,  0, 22.80532408, 0
-0.00005805, 0.00129293, 0.00000000,  0, 22.83331704, 0
-0.00006551, 0.00128897, 0.00000000,  0, 22.85921907, 0
-0.00008102, 0.00128584, 0.00000000,  0, 22.88907194, 0
-0.00008929, 0.00127860, 0.00000000,  0, 22.92157888, 0
-0.00009289, 0.00127126, 0.00000000,  0, 22.95316195, 0
-0.00009481, 0.00126769, 0.00000000,  0, 22.98191595, 0
-0.00009569, 0.00126636, 0.00000000,  0, 23.00999403, 0
-0.00011646, 0.00126596, 0.00000000,  0, 23.03615904, 0
-0.00015051, 0.00126575, 0.00000000,  0, 23.06321096, 0
-0.00018285, 0.00126574, 0.00000000,  0, 23.09000993, 0
-0.00022526, 0.00126583, 0.00000000,  0, 23.11723804, 0
-0.00026997, 0.00126597, 0.00000000,  0, 23.14448285, 0
-0.00028659, 0.00126613, 0.00000000,  0, 23.17347407, 0
-0.00027868, 0.00126624, 0.00000000,  0, 23.20211601, 0
-0.00026530, 0.00126640, 0.00000000,  0, 23.23109198, 0
-0.00025280, 0.00126656, 0.00000000,  0, 23.25978494, 0
-0.00024931, 0.00126671, 0.00000000,  0, 23.28508806, 0
-0.00025565, 0.00126681, 0.00000000,  0, 23.31186986, 0
-0.00026064, 0.00126694, 0.00000000,  0, 23.34035587, 0
-0.00026632, 0.00126707, 0.00000000,  0, 23.36676288, 0
-0.00026648, 0.00126720, 0.00000000,  0, 23.40282893, 0
-0.00026107, 0.00126731, 0.00000000,  0, 23.43521905, 0
-0.00024481, 0.00126742, 0.00000000,  0, 23.46428990, 0
-0.00024629, 0.00126752, 0.00000000,  0, 23.49168086, 0
-0.00026410, 0.00126761, 0.00000000,  0, 23.51849508, 0
-0.00027304, 0.00126767, 0.00000000,  0, 23.54497004, 0
-0.00028059, 0.00126776, 0.00000000,  0, 23.57768297, 0
-0.00028779, 0.00127778, 0.00000000,  0, 23.60709906, 0
-0.00029738, 0.00128559, 0.00000000,  0, 23.63546896, 0
-0.00028510, 0.00128922, 0.00000000,  0, 23.66346097, 0
-0.00026358, 0.00129093, 0.00000000,  0, 23.69270396, 0
-0.00025013, 0.00129153, 0.00000000,  0, 23.71916389, 0
-0.00022122, 0.00129872, 0.00000000,  0, 23.74499702, 0
-0.00019893, 0.00130619, 0.00000000,  0, 23.77136302, 0
-0.00017719, 0.00130306, 0.00000000,  0, 23.80112386, 0
-0.00016737, 0.00130018, 0.00000000,  0, 23.82997489, 0
-0.00016931, 0.00129871, 0.00000000,  0, 23.85595107, 0
-0.00019269, 0.00129822, 0.00000000,  0, 23.88335085, 0
-0.00021332, 0.00129784, 0.00000000,  0, 23.91495705, 0
-0.00021461, 0.00129764, 0.00000000,  0, 23.94503903, 0
-0.00021067, 0.00129754, 0.00000000,  0, 23.97024608, 0
-0.00021436, 0.00129750, 0.00000000,  0, 23.99747992, 0
-0.00022502, 0.00128333, 0.00000000,  0, 24.02650595, 0
-0.00022298, 0.00127593, 0.00000000,  0, 24.05171394, 0
-0.00022901, 0.00126440, 0.00000000,  0, 24.07743502, 0
-0.00022171, 0.00124550, 0.00000000,  0, 24.10626888, 0
-0.00021764, 0.00123677, 0.00000000,  0, 24.13164997, 0
-0.00020352, 0.00122981, 0.00000000,  0, 24.15912294, 0
-0.00017391, 0.00123722, 0.00000000,  0, 24.18701386, 0
-0.00012655, 0.00125010, 0.00000000,  0, 24.21543407, 0
-0.00009687, 0.00125915, 0.00000000,  0, 24.24272895, 0
-0.00004879, 0.00127340, 0.00000000,  0, 24.26895404, 0
-0.00000894, 0.00128597, 0.00000000,  0, 24.29472589, 0
0.00000084, 0.00128633, 0.00000000,  0, 24.32266498, 0
0.00002844, 0.00129240, 0.00000000,  0, 24.35273886, 0
0.00006026, 0.00129521, 0.00000000,  0, 24.38108897, 0
0.00007982, 0.00129651, 0.00000000,  0, 24.40999508, 0
0.00008465, 0.00129708, 0.00000000,  0, 24.43959093, 0
0.00007937, 0.00129727, 0.00000000,  0, 24.46658993, 0
0.00009559, 0.00129741, 0.00000000,  0, 24.49416208, 0
0.00012729, 0.00129744, 0.00000000,  0, 24.52200603, 0
0.00016996, 0.00129742, 0.00000000,  0, 24.54942393, 0
0.00020480, 0.00128781, 0.00000000,  0, 24.57599998, 0
0.00023526, 0.00126937, 0.00000000,  0, 24.60433102, 0
0.00025965, 0.00126093, 0.00000000,  0, 24.62812686, 0
0.00031679, 0.00126433, 0.00000000,  0, 24.65687799, 0
0.00041263, 0.00128965, 0.00000000,  0, 24.68242407, 0
0.00048382, 0.00131927, 0.00000000,  0, 24.70936704, 0
0.00059496, 0.00136944, 0.00000000,  0, 24.73582387, 0
0.00069282, 0.00141296, 0.00000000,  0, 24.76479793, 0
0.00074565, 0.00143852, 0.00000000,  0, 24.79065394, 0
0.00080143, 0.00146441, 0.00000000,  0, 24.81836891, 0
0.00081158, 0.00146579, 0.00000000,  0, 24.84361005, 0
0.00079244, 0.00146378, 0.00000000,  0, 24.87386394, 0
0.00074913, 0.00146253, 0.00000000,  0, 24.90150094, 0
0.00067021, 0.00145066, 0.00000000,  0, 24.93155694, 0
0.00052640, 0.00140612, 0.00000000,  0, 24.95794106, 0
0.00040666, 0.00136708, 0.00000000,  0, 24.98338604, 0
0.00021666, 0.00130143, 0.00000000,  0, 25.01219797, 0
0.00005184, 0.00124405, 0.00000000,  0, 25.04043198, 0
-0.00010196, 0.00117871, 0.00000000,  0, 25.07726192, 0
-0.00024278, 0.00110939, 0.00000000,  0, 25.10789704, 0
-0.00035277, 0.00105606, 0.00000000,  0, 25.13898706, 0
-0.00045563, 0.00099970, 0.00000000,  0, 25.16421795, 0
-0.00052660, 0.00096321, 0.00000000,  0, 25.18894386, 0
-0.00061052, 0.00092418, 0.00000000,  0, 25.21691704, 0
-0.00066013, 0.00090370, 0.00000000,  0, 25.24201894, 0
-0.00068681, 0.00088982, 0.00000000,  0, 25.26998496, 0
-0.00074021, 0.00086189, 0.00000000,  0, 25.29676390, 0
-0.00076951, 0.00084023, 0.00000000,  0, 25.32170105, 0
-0.00081479, 0.00079763, 0.00000000,  0, 25.35081601, 0
-0.00087123, 0.00074771, 0.00000000,  0, 25.37421703, 0
-0.00092281, 0.00072691, 0.00000000,  0, 25.40220404, 0
-0.00101174, 0.00068722, 0.00000000,  0, 25.43135905, 0
-0.00109632, 0.00064680, 0.00000000,  0, 25.45796204, 0
-0.00120507, 0.00059914, 0.00000000,  0, 25.48599100, 0
-0.00129575, 0.00056691, 0.00000000,  0, 25.51262593, 0
-0.00141893, 0.00053986, 0.00000000,  0, 25.54240108, 0
-0.00150721, 0.00051920, 0.00000000,  0, 25.57106686, 0
-0.00158552, 0.00049201, 0.00000000,  0, 25.60440803, 0
-0.00163904, 0.00043182, 0.00000000,  0, 25.63919997, 0
-0.00166270, 0.00040414, 0.00000000,  0, 25.66878200, 0
-0.00169831, 0.00037318, 0.00000000,  0, 25.69327307, 0
-0.00169366, 0.00034413, 0.00000000,  0, 25.72106600, 0
-0.00167579, 0.00032849, 0.00000000,  0, 25.74825692, 0
-0.00164481, 0.00030945, 0.00000000,  0, 25.77383590, 0
-0.00162519, 0.00029389, 0.00000000,  0, 25.79951191, 0
-0.00160288, 0.00028319, 0.00000000,  0, 25.82528496, 0
-0.00158138, 0.00027992, 0.00000000,  0, 25.85163093, 0
-0.00155113, 0.00027809, 0.00000000,  0, 25.87803102, 0
-0.00152148, 0.00027785, 0.00000000,  0, 25.90313387, 0
-0.00146813, 0.00028976, 0.00000000,  0, 25.92982388, 0
-0.00141501, 0.00029790, 0.00000000,  0, 25.95933604, 0
-0.00136352, 0.00030246, 0.00000000,  0, 25.99179506, 0
-0.00130882, 0.00029427, 0.00000000,  0, 26.01914907, 0
-0.00124876, 0.00029069, 0.00000000,  0, 26.04445100, 0
-0.00117379, 0.00031328, 0.00000000,  0, 26.07600307, 0
-0.00105791, 0.00035130, 0.00000000,  0, 26.10415602, 0
-0.00097936, 0.00038845, 0.00000000,  0, 26.13171291, 0
-0.00092577, 0.00041637, 0.00000000,  0, 26.15702200, 0
-0.00087758, 0.00044468, 0.00000000,  0, 26.18294501, 0
-0.00086072, 0.00047645, 0.00000000,  0, 26.21091986, 0
-0.00085787, 0.00049832, 0.00000000,  0, 26.23855495, 0
-0.00085940, 0.00052987, 0.00000000,  0, 26.26456094, 0
-0.00084875, 0.00055973, 0.00000000,  0, 26.29503703, 0
-0.00084419, 0.00058429, 0.00000000,  0, 26.33085489, 0
-0.00082780, 0.00061917, 0.00000000,  0, 26.36578608, 0
-0.00082851, 0.00063761, 0.00000000,  0, 26.40002203, 0
-0.00086651, 0.00062708, 0.00000000,  0, 26.42783999, 0
-0.00090397, 0.00062300, 0.00000000,  0, 26.45757794, 0
-0.00092940, 0.00063375, 0.00000000,  0, 26.49137402, 0
-0.00093607, 0.00064348, 0.00000000,  0, 26.51821899, 0
-0.00092629, 0.00064684, 0.00000000,  0, 26.54233289, 0
-0.00091330, 0.00066166, 0.00000000,  0, 26.56929994, 0
-0.00091136, 0.00067624, 0.00000000,  0, 26.59749985, 0
-0.00092769, 0.00068538, 0.00000000,  0, 26.62413001, 0
-0.00091845, 0.00070259, 0.00000000,  0, 26.64998293, 0
-0.00089916, 0.00071095, 0.00000000,  0, 26.67417789, 0
-0.00088899, 0.00071754, 0.00000000,  0, 26.70897794, 0
-0.00090555, 0.00072053, 0.00000000,  0, 26.73832393, 0
-0.00093246, 0.00072181, 0.00000000,  0, 26.76281285, 0
-0.00094910, 0.00072206, 0.00000000,  0, 26.79081798, 0
-0.00097335, 0.00073294, 0.00000000,  0, 26.81784701, 0
-0.00099500, 0.00075045, 0.00000000,  0, 26.84513187, 0
-0.00101236, 0.00076046, 0.00000000,  0, 26.87244892, 0
-0.00102636, 0.00078544, 0.00000000,  0, 26.90309787, 0
-0.00104904, 0.00079916, 0.00000000,  0, 26.93413401, 0
-0.00108191, 0.00082010, 0.00000000,  0, 26.96173406, 0
-0.00108691, 0.00083231, 0.00000000,  0, 26.98989987, 0
-0.00108701, 0.00083720, 0.00000000,  0, 27.01915288, 0
-0.00109885, 0.00082717, 0.00000000,  0, 27.05034089, 0
-0.00109961, 0.00082276, 0.00000000,  0, 27.07542706, 0
-0.00111230, 0.00081870, 0.00000000,  0, 27.10268998, 0
-0.00112406, 0.00081683, 0.00000000,  0, 27.13172793, 0
-0.00114255, 0.00080970, 0.00000000,  0, 27.15926290, 0
-0.00119573, 0.00079792, 0.00000000,  0, 27.19165897, 0
-0.00125711, 0.00077449, 0.00000000,  0, 27.21767306, 0
-0.00129167, 0.00076815, 0.00000000,  0, 27.24047494, 0
-0.00133688, 0.00074803, 0.00000000,  0, 27.26915598, 0
-0.00134690, 0.00074106, 0.00000000,  0, 27.29632998, 0
-0.00129814, 0.00076064, 0.00000000,  0, 27.32322693, 0
-0.00121156, 0.00079985, 0.00000000,  0, 27.35015798, 0
-0.00112877, 0.00083268, 0.00000000,  0, 27.37966084, 0
-0.00107638, 0.00086657, 0.00000000,  0, 27.40858698, 0
-0.00102116, 0.00089230, 0.00000000,  0, 27.44496799, 0
-0.00093267, 0.00092996, 0.00000000,  0, 27.48005605, 0
-0.00088633, 0.00094325, 0.00000000,  0, 27.51018500, 0
-0.00086496, 0.00094767, 0.00000000,  0, 27.53568888, 0
-0.00086066, 0.00095051, 0.00000000,  0, 27.56270385, 0
-0.00087537, 0.00094165, 0.00000000,  0, 27.58893585, 0
-0.00091398, 0.00092599, 0.00000000,  0, 27.61621594, 0
-0.00095609, 0.00091081, 0.00000000,  0, 27.64423704, 0
-0.00100377, 0.00090879, 0.00000000,  0, 27.67660594, 0
-0.00101705, 0.00090765, 0.00000000,  0, 27.71099687, 0
-0.00100588, 0.00090508, 0.00000000,  0, 27.73798704, 0
-0.00099902, 0.00089255, 0.00000000,  0, 27.76349306, 0
-0.00100203, 0.00088539, 0.00000000,  0, 27.78949094, 0
-0.00099662, 0.00087039, 0.00000000,  0, 27.81520891, 0
-0.00098220, 0.00086512, 0.00000000,  0, 27.83892202, 0
-0.00097620, 0.00085575, 0.00000000,  0, 27.86545491, 0
-0.00099374, 0.00084425, 0.00000000,  0, 27.89891505, 0
-0.00098928, 0.00083941, 0.00000000,  0, 27.92548585, 0
-0.00096464, 0.00083549, 0.00000000,  0, 27.94985390, 0
-0.00094747, 0.00083365, 0.00000000,  0, 27.98019695, 0
-0.00089000, 0.00084990, 0.00000000,  0, 28.01656985, 0
-0.00083864, 0.00086617, 0.00000000,  0, 28.04288387, 0
-0.00079882, 0.00087322, 0.00000000,  0, 28.06927085, 0
-0.00078846, 0.00086591, 0.00000000,  0, 28.09715891, 0
-0.00078588, 0.00086626, 0.00000000,  0, 28.12249088, 0
-0.00078382, 0.00087027, 0.00000000,  0, 28.14637995, 0
-0.00081361, 0.00086873, 0.00000000,  0, 28.17277884, 0
-0.00083718, 0.00085340, 0.00000000,  0, 28.19993305, 0
-0.00086337, 0.00084103, 0.00000000,  0, 28.22690892, 0
-0.00088210, 0.00083509, 0.00000000,  0, 28.25954795, 0
-0.00089312, 0.00083232, 0.00000000,  0, 28.29371786, 0
-0.00090255, 0.00083097, 0.00000000,  0, 28.32197499, 0
-0.00089853, 0.00083037, 0.00000000,  0, 28.34922695, 0
-0.00090886, 0.00083010, 0.00000000,  0, 28.38116193, 0
-0.00089290, 0.00083000, 0.00000000,  0, 28.41770387, 0
-0.00088455, 0.00082999, 0.00000000,  0, 28.44212699, 0
-0.00087492, 0.00082999, 0.00000000,  0, 28.46756101, 0
-0.00086031, 0.00083911, 0.00000000,  0, 28.49493790, 0
-0.00084503, 0.00084706, 0.00000000,  0, 28.51936507, 0
-0.00083135, 0.00085498, 0.00000000,  0, 28.54462290, 0
-0.00082768, 0.00086802, 0.00000000,  0, 28.57064700, 0
-0.00080261, 0.00089663, 0.00000000,  0, 28.60033393, 0
-0.00079864, 0.00090860, 0.00000000,  0, 28.62771702, 0
-0.00080353, 0.00091916, 0.00000000,  0, 28.65537000, 0
-0.00079413, 0.00091719, 0.00000000,  0, 28.68321705, 0
-0.00078201, 0.00090874, 0.00000000,  0, 28.71533990, 0
-0.00079204, 0.00090366, 0.00000000,  0, 28.74352598, 0
-0.00079254, 0.00093474, 0.00000000,  0, 28.77403402, 0
-0.00080280, 0.00094916, 0.00000000,  0, 28.80788994, 0
-0.00080728, 0.00095368, 0.00000000,  0, 28.83729601, 0
-0.00080190, 0.00095516, 0.00000000,  0, 28.85909605, 0
-0.00078486, 0.00095636, 0.00000000,  0, 28.88605499, 0
-0.00078068, 0.00096186, 0.00000000,  0, 28.91026402, 0
-0.00078435, 0.00095963, 0.00000000,  0, 28.94123888, 0
-0.00081031, 0.00097089, 0.00000000,  0, 28.97518992, 0
-0.00086593, 0.00097669, 0.00000000,  0, 29.00710392, 0
-0.00091970, 0.00097036, 0.00000000,  0, 29.03294706, 0
-0.00095012, 0.00096869, 0.00000000,  0, 29.06018400, 0
-0.00095967, 0.00097378, 0.00000000,  0, 29.08828187, 0
-0.00099282, 0.00097771, 0.00000000,  0, 29.11778593, 0
-0.00101530, 0.00097947, 0.00000000,  0, 29.14702201, 0
-0.00097938, 0.00099249, 0.00000000,  0, 29.17456985, 0
-0.00094334, 0.00100173, 0.00000000,  0, 29.20221305, 0
-0.00092668, 0.00100521, 0.00000000,  0, 29.22769594, 0
-0.00086648, 0.00102541, 0.00000000,  0, 29.25523996, 0
-0.00080946, 0.00104535, 0.00000000,  0, 29.28289104, 0
-0.00075267, 0.00108203, 0.00000000,  0, 29.31152797, 0
-0.00070937, 0.00110470, 0.00000000,  0, 29.33804703, 0
-0.00067782, 0.00111262, 0.00000000,  0, 29.36597085, 0
-0.00060417, 0.00112713, 0.00000000,  0, 29.39437103, 0
-0.00046338, 0.00117366, 0.00000000,  0, 29.42023802, 0
-0.00031773, 0.00123448, 0.00000000,  0, 29.44785786, 0
-0.00023004, 0.00127895, 0.00000000,  0, 29.47646904, 0
-0.00008646, 0.00135444, 0.00000000,  0, 29.50597286, 0
0.00004271, 0.00143547, 0.00000000,  0, 29.53300190, 0
0.00011997, 0.00149438, 0.00000000,  0, 29.56033301, 0
0.00015029, 0.00152776, 0.00000000,  0, 29.59133887, 0
0.00013179, 0.00156485, 0.00000000,  0, 29.62394500, 0
0.00009010, 0.00158728, 0.00000000,  0, 29.65121889, 0
0.00000258, 0.00160705, 0.00000000,  0, 29.67970395, 0
-0.00006791, 0.00162560, 0.00000000,  0, 29.70723104, 0
-0.00012871, 0.00165316, 0.00000000,  0, 29.73885393, 0
-0.00018404, 0.00169470, 0.00000000,  0, 29.77106094, 0
-0.00024782, 0.00172620, 0.00000000,  0, 29.79608488, 0
-0.00029670, 0.00175885, 0.00000000,  0, 29.82132792, 0
-0.00037767, 0.00180491, 0.00000000,  0, 29.84872699, 0
-0.00040140, 0.00184273, 0.00000000,  0, 29.87401295, 0
-0.00041474, 0.00191053, 0.00000000,  0, 29.90078092, 0
-0.00041241, 0.00196755, 0.00000000,  0, 29.92568088, 0
-0.00040085, 0.00204187, 0.00000000,  0, 29.95100093, 0
-0.00045267, 0.00209352, 0.00000000,  0, 29.97888803, 0
-0.00022158, 0.00049751, 0.00000000,  0, 30.00000405, 0
-0.00020104, -0.00066693, 0.00000000,  1, 30.00000405, 0
-0.00025721, -0.00008643, 0.00000000,  2, 30.00000405, 0
-0.00006113, -0.00016925, 0.00000000,  3, 39.07234097, 0
-0.00016852, -0.00022121, 0.00000000,  4, 39.07234097, 0
0.00033079, 0.00018041, 0.00000000,  5, 39.07234097, 0
0.00026452, 0.00004307, 0.00000000,  6, 48.14541888, 0
-0.00010253, 0.00029107, 0.00000000,  7, 48.14541888, 0
-0.00003630, -0.00006384, 0.00000000,  8, 48.14541888, 0
-0.00031464, -0.00014122, 0.00000000,  9, 57.21559191, 0
-0.00056248, 0.00034296, 0.00000000,  10, 57.21559191, 0
-0.00113029, -0.00010986, 0.00000000,  11, 57.21559191, 0
-0.00007582, 0.00001091, 0.00000000,  12, 66.28733587, 0
0.00057414, -0.00035515, 0.00000000,  13, 66.28733587, 0
-0.00020839, 0.00033719, 0.00000000,  14, 66.28733587, 0
0.00064982, -0.00035411, 0.00000000,  15, 75.35869503, 0
-0.00026477, -0.00001847, 0.00000000,  16, 75.35869503, 0
-0.00011113, -0.00023312, 0.00000000,  17, 75.35869503, 0
-0.00011581, 0.00002175, 0.00000000,  18, 84.43043804, 0
-0.00048391, -0.00054903, 0.00000000,  19, 84.43043804, 0
0.00084325, 0.00194101, 0.00000000,  20, 84.43043804, 0
-0.00008835, -0.00036952, 0.00000000,  21, 93.50120807, 0
0.00000393, -0.00002149, 0.00000000,  22, 93.50120807, 0
0.00004814, 0.00010527, 0.00000000,  23, 93.50120807, 0
-0.00002240, 0.00011380, 0.00000000,  24, 102.57143497, 0
