-0.00021368, 0.00031951, 0.00000000,  0, 0.02686810, 0
-0.00021966, 0.00033909, 0.00000000,  0, 0.05210805, 0
-0.00022851, 0.00037198, 0.00000000,  0, 0.07300615, 0
-0.00024819, 0.00043048, 0.00000000,  0, 0.09541011, 0
-0.00029261, 0.00054044, 0.00000000,  0, 0.11897397, 0
-0.00032166, 0.00059576, 0.00000000,  0, 0.14101720, 0
-0.00034175, 0.00062553, 0.00000000,  0, 0.16174912, 0
-0.00035942, 0.00063469, 0.00000000,  0, 0.18287110, 0
-0.00037474, 0.00063288, 0.00000000,  0, 0.20104218, 0
-0.00037996, 0.00062452, 0.00000000,  0, 0.22483611, 0
-0.00038668, 0.00062290, 0.00000000,  0, 0.24807215, 0
-0.00039795, 0.00063649, 0.00000000,  0, 0.27220607, 0
-0.00039806, 0.00063062, 0.00000000,  0, 0.29718208, 0
-0.00039809, 0.00062197, 0.00000000,  0, 0.31804609, 0
-0.00040200, 0.00061479, 0.00000000,  0, 0.33975911, 0
-0.00041175, 0.00060910, 0.00000000,  0, 0.36052299, 0
-0.00043143, 0.00061992, 0.00000000,  0, 0.38417411, 0
-0.00044608, 0.00063485, 0.00000000,  0, 0.40552807, 0
-0.00045744, 0.00064640, 0.00000000,  0, 0.42416000, 0
-0.00046264, 0.00065166, 0.00000000,  0, 0.44142604, 0
-0.00047072, 0.00065981, 0.00000000,  0, 0.45984411, 0
-0.00047702, 0.00065591, 0.00000000,  0, 0.47805715, 0
-0.00048193, 0.00062251, 0.00000000,  0, 0.50069118, 0
-0.00048579, 0.00060165, 0.00000000,  0, 0.52065516, 0
-0.00048878, 0.00057882, 0.00000000,  0, 0.54235697, 0
-0.00049156, 0.00055425, 0.00000000,  0, 0.56126618, 0
-0.00049398, 0.00052691, 0.00000000,  0, 0.58164907, 0
-0.00050070, 0.00048997, 0.00000000,  0, 0.60107207, 0
-0.00051204, 0.00044847, 0.00000000,  0, 0.62058020, 0
-0.00052097, 0.00041546, 0.00000000,  0, 0.64332318, 0
-0.00052790, 0.00038954, 0.00000000,  0, 0.66263509, 0
-0.00053345, 0.00036656, 0.00000000,  0, 0.68204618, 0
-0.00053774, 0.00033721, 0.00000000,  0, 0.70358920, 0
-0.00054109, 0.00029390, 0.00000000,  0, 0.72465920, 0
-0.00054366, 0.00025975, 0.00000000,  0, 0.74559999, 0
-0.00054562, 0.00022291, 0.00000000,  0, 0.76696205, 0
-0.00054711, 0.00018345, 0.00000000,  0, 0.78785110, 0
-0.00054871, 0.00013567, 0.00000000,  0, 0.81349015, 0
-0.00054968, 0.00008891, 0.00000000,  0, 0.84004807, 0
-0.00053901, 0.00004869, 0.00000000,  0, 0.87063313, 0
-0.00053070, 0.00003234, 0.00000000,  0, 0.89297318, 0
-0.00052395, 0.00001921, 0.00000000,  0, 0.91412520, 0
-0.00051856, 0.00000887, 0.00000000,  0, 0.93800306, 0
-0.00049906, -0.00000421, 0.00000000,  0, 0.96973705, 0
-0.00048292, -0.00002724, 0.00000000,  0, 1.00217009, 0
-0.00046923, -0.00004666, 0.00000000,  0, 1.02488899, 0
-0.00045223, -0.00006665, 0.00000000,  0, 1.04445910, 0
-0.00043425, -0.00008752, 0.00000000,  0, 1.06591010, 0
-0.00041175, -0.00010536, 0.00000000,  0, 1.08413601, 0
-0.00039956, -0.00011377, 0.00000000,  0, 1.10131812, 0
-0.00038034, -0.00013689, 0.00000000,  0, 1.12233710, 0
-0.00035922, -0.00016212, 0.00000000,  0, 1.14478207, 0
-0.00035327, -0.00016919, 0.00000000,  0, 1.16444302, 0
-0.00034364, -0.00020030, 0.00000000,  0, 1.18347716, 0
-0.00031892, -0.00025026, 0.00000000,  0, 1.21010399, 0
-0.00029955, -0.00028058, 0.00000000,  0, 1.23906207, 0
-0.00028554, -0.00029989, 0.00000000,  0, 1.26781797, 0
-0.00027874, -0.00030613, 0.00000000,  0, 1.29131603, 0
-0.00027958, -0.00031139, 0.00000000,  0, 1.31285310, 0
-0.00027524, -0.00032409, 0.00000000,  0, 1.33062100, 0
-0.00026163, -0.00033596, 0.00000000,  0, 1.35246205, 0
-0.00024812, -0.00035269, 0.00000000,  0, 1.37304997, 0
-0.00023723, -0.00036973, 0.00000000,  0, 1.39589310, 0
-0.00022863, -0.00037774, 0.00000000,  0, 1.41791916, 0
-0.00021780, -0.00037847, 0.00000000,  0, 1.43983197, 0
-0.00019573, -0.00037028, 0.00000000,  0, 1.46706200, 0
-0.00017862, -0.00037130, 0.00000000,  0, 1.49240303, 0
-0.00016929, -0.00037224, 0.00000000,  0, 1.51075411, 0
-0.00015312, -0.00038034, 0.00000000,  0, 1.52740717, 0
-0.00013514, -0.00039128, 0.00000000,  0, 1.54813313, 0
-0.00011517, -0.00039973, 0.00000000,  0, 1.56922507, 0
-0.00008334, -0.00040913, 0.00000000,  0, 1.59359908, 0
-0.00007140, -0.00040544, 0.00000000,  0, 1.61401320, 0
-0.00006460, -0.00039980, 0.00000000,  0, 1.63877797, 0
-0.00006675, -0.00036816, 0.00000000,  0, 1.67414212, 0
-0.00008773, -0.00033095, 0.00000000,  0, 1.70179200, 0
-0.00012036, -0.00029723, 0.00000000,  0, 1.72984505, 0
-0.00014534, -0.00027168, 0.00000000,  0, 1.75503707, 0
-0.00016033, -0.00024897, 0.00000000,  0, 1.77542806, 0
-0.00017222, -0.00022304, 0.00000000,  0, 1.79848099, 0
-0.00017809, -0.00021023, 0.00000000,  0, 1.82091403, 0
-0.00018464, -0.00019997, 0.00000000,  0, 1.84879303, 0
-0.00019056, -0.00020031, 0.00000000,  0, 1.87419701, 0
-0.00020032, -0.00019229, 0.00000000,  0, 1.89532804, 0
-0.00020017, -0.00018420, 0.00000000,  0, 1.91679311, 0
-0.00020002, -0.00015570, 0.00000000,  0, 1.94021201, 0
-0.00019992, -0.00012548, 0.00000000,  0, 1.96932507, 0
-0.00019989, -0.00011078, 0.00000000,  0, 1.99462104, 0
-0.00020599, -0.00008342, 0.00000000,  0, 2.02397418, 0
-0.00023838, -0.00007393, 0.00000000,  0, 2.05258417, 0
-0.00027710, -0.00005457, 0.00000000,  0, 2.08428717, 0
-0.00030790, -0.00005208, 0.00000000,  0, 2.11179399, 0
-0.00032361, -0.00005101, 0.00000000,  0, 2.13954210, 0
-0.00033616, -0.00005016, 0.00000000,  0, 2.16110516, 0
-0.00034607, -0.00004773, 0.00000000,  0, 2.18171310, 0
-0.00035104, -0.00004414, 0.00000000,  0, 2.20307112, 0
-0.00035205, -0.00005045, 0.00000000,  0, 2.22873807, 0
-0.00035358, -0.00004971, 0.00000000,  0, 2.25302005, 0
-0.00034676, -0.00004887, 0.00000000,  0, 2.27847719, 0
-0.00034332, -0.00004846, 0.00000000,  0, 2.29681897, 0
-0.00034783, -0.00006990, 0.00000000,  0, 2.31837201, 0
-0.00035832, -0.00013346, 0.00000000,  0, 2.35072803, 0
-0.00036539, -0.00018509, 0.00000000,  0, 2.37680602, 0
-0.00037944, -0.00017634, 0.00000000,  0, 2.40159798, 0
-0.00037452, -0.00017737, 0.00000000,  0, 2.42351413, 0
-0.00036516, -0.00017903, 0.00000000,  0, 2.44528103, 0
-0.00035760, -0.00017393, 0.00000000,  0, 2.46886206, 0
-0.00035156, -0.00016714, 0.00000000,  0, 2.49106717, 0
-0.00034481, -0.00014788, 0.00000000,  0, 2.51320314, 0
-0.00034138, -0.00013814, 0.00000000,  0, 2.54257703, 0
-0.00032642, -0.00012708, 0.00000000,  0, 2.57314110, 0
-0.00031130, -0.00010426, 0.00000000,  0, 2.59774709, 0
-0.00030377, -0.00009575, 0.00000000,  0, 2.61734009, 0
-0.00029768, -0.00009669, 0.00000000,  0, 2.63678813, 0
-0.00029280, -0.00009745, 0.00000000,  0, 2.65883398, 0
-0.00028896, -0.00009804, 0.00000000,  0, 2.67864108, 0
-0.00029642, -0.00006708, 0.00000000,  0, 2.70043397, 0
-0.00030260, -0.00003153, 0.00000000,  0, 2.72170806, 0
-0.00029874, 0.00000654, 0.00000000,  0, 2.74481702, 0
-0.00029284, 0.00002509, 0.00000000,  0, 2.76701903, 0
-0.00030090, 0.00001881, 0.00000000,  0, 2.79137707, 0
-0.00031621, -0.00000640, 0.00000000,  0, 2.81504297, 0
-0.00031817, -0.00003670, 0.00000000,  0, 2.83795404, 0
-0.00030992, -0.00006088, 0.00000000,  0, 2.85560298, 0
-0.00028720, -0.00009650, 0.00000000,  0, 2.87887502, 0
-0.00028553, -0.00009165, 0.00000000,  0, 2.89747000, 0
-0.00028954, -0.00006973, 0.00000000,  0, 2.91696000, 0
-0.00029677, -0.00004416, 0.00000000,  0, 2.93822002, 0
-0.00031513, 0.00001532, 0.00000000,  0, 2.96077919, 0
-0.00032163, 0.00004024, 0.00000000,  0, 2.97857904, 0
-0.00033790, 0.00010604, 0.00000000,  0, 3.00175405, 0
-0.00033851, 0.00012393, 0.00000000,  0, 3.02367997, 0
-0.00033575, 0.00013940, 0.00000000,  0, 3.04707313, 0
-0.00033351, 0.00015458, 0.00000000,  0, 3.06680512, 0
-0.00033172, 0.00016652, 0.00000000,  0, 3.08689904, 0
-0.00032507, 0.00017079, 0.00000000,  0, 3.10860801, 0
-0.00031398, 0.00016840, 0.00000000,  0, 3.13242602, 0
-0.00030512, 0.00016279, 0.00000000,  0, 3.15226197, 0
-0.00029825, 0.00015428, 0.00000000,  0, 3.17398810, 0
-0.00029273, 0.00015321, 0.00000000,  0, 3.19246197, 0
-0.00028730, 0.00014335, 0.00000000,  0, 3.20999098, 0
-0.00026751, 0.00013238, 0.00000000,  0, 3.23832512, 0
-0.00025276, 0.00013288, 0.00000000,  0, 3.26821804, 0
-0.00023709, 0.00013772, 0.00000000,  0, 3.28738999, 0
-0.00022204, 0.00014160, 0.00000000,  0, 3.30858302, 0
-0.00021637, 0.00013838, 0.00000000,  0, 3.32860112, 0
-0.00021647, 0.00011873, 0.00000000,  0, 3.34901714, 0
-0.00021658, 0.00009350, 0.00000000,  0, 3.37318420, 0
-0.00021667, 0.00007344, 0.00000000,  0, 3.39653206, 0
-0.00021677, 0.00005751, 0.00000000,  0, 3.41671419, 0
-0.00020967, 0.00002487, 0.00000000,  0, 3.44035602, 0
-0.00020810, 0.00000520, 0.00000000,  0, 3.46286511, 0
-0.00021023, -0.00001385, 0.00000000,  0, 3.48756218, 0
-0.00021274, -0.00006304, 0.00000000,  0, 3.51308298, 0
-0.00020416, -0.00009397, 0.00000000,  0, 3.53672099, 0
-0.00019629, -0.00011882, 0.00000000,  0, 3.55988812, 0
-0.00018588, -0.00013572, 0.00000000,  0, 3.58415103, 0
-0.00017072, -0.00015174, 0.00000000,  0, 3.61044908, 0
-0.00015424, -0.00014299, 0.00000000,  0, 3.63555002, 0
-0.00014597, -0.00012520, 0.00000000,  0, 3.65667510, 0
-0.00013937, -0.00011092, 0.00000000,  0, 3.67829704, 0
-0.00013410, -0.00009945, 0.00000000,  0, 3.69873810, 0
-0.00012993, -0.00009027, 0.00000000,  0, 3.72025108, 0
-0.00012576, -0.00008293, 0.00000000,  0, 3.73901820, 0
-0.00011249, -0.00007676, 0.00000000,  0, 3.76225710, 0
-0.00009801, -0.00006560, 0.00000000,  0, 3.78649712, 0
-0.00007694, -0.00008875, 0.00000000,  0, 3.81627798, 0
-0.00005704, -0.00011009, 0.00000000,  0, 3.84911203, 0
-0.00004314, -0.00013266, 0.00000000,  0, 3.88151717, 0
-0.00004493, -0.00010845, 0.00000000,  0, 3.91381502, 0
-0.00003943, -0.00007295, 0.00000000,  0, 3.94622302, 0
-0.00004428, -0.00004724, 0.00000000,  0, 3.96750307, 0
-0.00004089, -0.00001852, 0.00000000,  0, 3.99805498, 0
-0.00003185, -0.00002167, 0.00000000,  0, 4.02003098, 0
-0.00002960, -0.00001952, 0.00000000,  0, 4.03857517, 0
-0.00002569, -0.00000964, 0.00000000,  0, 4.05797505, 0
-0.00003185, 0.00000859, 0.00000000,  0, 4.08128214, 0
-0.00003854, 0.00001759, 0.00000000,  0, 4.10061097, 0
-0.00005148, 0.00002491, 0.00000000,  0, 4.12113214, 0
-0.00006488, 0.00003817, 0.00000000,  0, 4.14153814, 0
-0.00006877, 0.00004514, 0.00000000,  0, 4.16256404, 0
-0.00006824, 0.00004523, 0.00000000,  0, 4.18083310, 0
-0.00007207, 0.00003684, 0.00000000,  0, 4.20501018, 0
-0.00008130, 0.00004442, 0.00000000,  0, 4.22567320, 0
-0.00008877, 0.00005693, 0.00000000,  0, 4.24997902, 0
-0.00008959, 0.00007097, 0.00000000,  0, 4.27568698, 0
-0.00007786, 0.00006469, 0.00000000,  0, 4.29649997, 0
-0.00007091, 0.00005143, 0.00000000,  0, 4.31587219, 0
-0.00007507, 0.00003551, 0.00000000,  0, 4.33690119, 0
-0.00008862, 0.00001723, 0.00000000,  0, 4.35895920, 0
-0.00010637, 0.00000218, 0.00000000,  0, 4.38020110, 0
-0.00012034, -0.00000786, 0.00000000,  0, 4.40199304, 0
-0.00013152, -0.00000669, 0.00000000,  0, 4.42172599, 0
-0.00014046, -0.00000575, 0.00000000,  0, 4.44281316, 0
-0.00015807, 0.00001626, 0.00000000,  0, 4.46132016, 0
-0.00017239, 0.00003426, 0.00000000,  0, 4.48312306, 0
-0.00018378, 0.00003987, 0.00000000,  0, 4.50514007, 0
-0.00020961, 0.00009469, 0.00000000,  0, 4.52774119, 0
-0.00021713, 0.00011242, 0.00000000,  0, 4.54629302, 0
-0.00023742, 0.00015752, 0.00000000,  0, 4.56679702, 0
-0.00025912, 0.00020493, 0.00000000,  0, 4.58992815, 0
-0.00028122, 0.00026530, 0.00000000,  0, 4.61850810, 0
-0.00029667, 0.00031924, 0.00000000,  0, 4.65101910, 0
-0.00029848, 0.00035774, 0.00000000,  0, 4.68040514, 0
-0.00029488, 0.00038084, 0.00000000,  0, 4.70111513, 0
-0.00027819, 0.00038189, 0.00000000,  0, 4.72362304, 0
-0.00026862, 0.00036487, 0.00000000,  0, 4.74686718, 0
-0.00027212, 0.00031908, 0.00000000,  0, 4.77726007, 0
-0.00027462, 0.00029589, 0.00000000,  0, 4.80805302, 0
-0.00028947, 0.00020901, 0.00000000,  0, 4.83868718, 0
-0.00030241, 0.00015148, 0.00000000,  0, 4.86964297, 0
-0.00031143, 0.00012009, 0.00000000,  0, 4.89765811, 0
-0.00031581, 0.00009403, 0.00000000,  0, 4.92324209, 0
-0.00032072, 0.00007933, 0.00000000,  0, 4.94941401, 0
-0.00032315, 0.00007551, 0.00000000,  0, 4.96927118, 0
-0.00032508, 0.00008032, 0.00000000,  0, 4.98901105, 0
-0.00032660, 0.00008415, 0.00000000,  0, 5.01118398, 0
-0.00032778, 0.00008719, 0.00000000,  0, 5.03377199, 0
-0.00032868, 0.00009991, 0.00000000,  0, 5.05306506, 0
-0.00032938, 0.00011067, 0.00000000,  0, 5.07325006, 0
-0.00032991, 0.00011076, 0.00000000,  0, 5.09583211, 0
-0.00033030, 0.00010841, 0.00000000,  0, 5.11814308, 0
-0.00033060, 0.00010651, 0.00000000,  0, 5.13557816, 0
-0.00032514, 0.00009365, 0.00000000,  0, 5.15947199, 0
-0.00031046, 0.00006279, 0.00000000,  0, 5.17862701, 0
-0.00029492, -0.00000801, 0.00000000,  0, 5.20651412, 0
-0.00030007, -0.00004293, 0.00000000,  0, 5.23115897, 0
-0.00030331, -0.00010522, 0.00000000,  0, 5.26662803, 0
-0.00029544, -0.00016214, 0.00000000,  0, 5.30086613, 0
-0.00029004, -0.00020870, 0.00000000,  0, 5.32906508, 0
-0.00028731, -0.00023655, 0.00000000,  0, 5.35244918, 0
-0.00029332, -0.00025028, 0.00000000,  0, 5.38036799, 0
-0.00030092, -0.00025058, 0.00000000,  0, 5.40331602, 0
-0.00030688, -0.00026136, 0.00000000,  0, 5.42270207, 0
-0.00030246, -0.00030168, 0.00000000,  0, 5.44678211, 0
-0.00029985, -0.00030944, 0.00000000,  0, 5.46467805, 0
-0.00029312, -0.00033787, 0.00000000,  0, 5.49161911, 0
-0.00028948, -0.00035763, 0.00000000,  0, 5.51748013, 0
-0.00028684, -0.00037179, 0.00000000,  0, 5.53683615, 0
-0.00028474, -0.00037525, 0.00000000,  0, 5.55733800, 0
-0.00029349, -0.00035098, 0.00000000,  0, 5.58165717, 0
-0.00028992, -0.00034442, 0.00000000,  0, 5.60478115, 0
-0.00027703, -0.00033906, 0.00000000,  0, 5.63037109, 0
-0.00025716, -0.00033295, 0.00000000,  0, 5.65626121, 0
-0.00023181, -0.00033696, 0.00000000,  0, 5.68295717, 0
-0.00021909, -0.00035106, 0.00000000,  0, 5.71121597, 0
-0.00021670, -0.00034800, 0.00000000,  0, 5.73533010, 0
-0.00021826, -0.00033921, 0.00000000,  0, 5.76062512, 0
-0.00021951, -0.00032289, 0.00000000,  0, 5.78407717, 0
-0.00023592, -0.00026580, 0.00000000,  0, 5.81324100, 0
-0.00024796, -0.00022769, 0.00000000,  0, 5.84199500, 0
-0.00025395, -0.00022312, 0.00000000,  0, 5.86639714, 0
-0.00025869, -0.00021225, 0.00000000,  0, 5.88699412, 0
-0.00026250, -0.00019977, 0.00000000,  0, 5.90764308, 0
-0.00027759, -0.00014251, 0.00000000,  0, 5.93315411, 0
-0.00028849, -0.00008939, 0.00000000,  0, 5.95166516, 0
-0.00029898, -0.00003801, 0.00000000,  0, 5.97382116, 0
-0.00029860, -0.00001391, 0.00000000,  0, 5.99782014, 0
-0.00029533, 0.00000899, 0.00000000,  0, 6.02158117, 0
-0.00029372, 0.00002023, 0.00000000,  0, 6.04235911, 0
-0.00029243, 0.00002913, 0.00000000,  0, 6.06498814, 0
-0.00028136, 0.00003608, 0.00000000,  0, 6.08645320, 0
-0.00026474, 0.00005836, 0.00000000,  0, 6.11608720, 0
-0.00024777, 0.00007020, 0.00000000,  0, 6.13872218, 0
-0.00023427, 0.00008152, 0.00000000,  0, 6.16161108, 0
-0.00022331, 0.00009991, 0.00000000,  0, 6.18230915, 0
-0.00020794, 0.00012573, 0.00000000,  0, 6.20570517, 0
-0.00020024, 0.00013865, 0.00000000,  0, 6.22878098, 0
-0.00019407, 0.00014170, 0.00000000,  0, 6.24989510, 0
-0.00018713, 0.00013227, 0.00000000,  0, 6.27562714, 0
-0.00017005, 0.00013638, 0.00000000,  0, 6.30671811, 0
-0.00016089, 0.00015502, 0.00000000,  0, 6.33719516, 0
-0.00016778, 0.00015570, 0.00000000,  0, 6.36672902, 0
-0.00017506, 0.00015588, 0.00000000,  0, 6.38789105, 0
-0.00017431, 0.00015153, 0.00000000,  0, 6.41188908, 0
-0.00017374, 0.00014061, 0.00000000,  0, 6.43141007, 0
-0.00017330, 0.00012857, 0.00000000,  0, 6.45011616, 0
-0.00017310, 0.00012287, 0.00000000,  0, 6.46802902, 0
-0.00017281, 0.00010346, 0.00000000,  0, 6.48481297, 0
-0.00017252, 0.00009701, 0.00000000,  0, 6.51227498, 0
-0.00017239, 0.00009989, 0.00000000,  0, 6.53306317, 0
-0.00017229, 0.00011587, 0.00000000,  0, 6.55226302, 0
-0.00017223, 0.00011983, 0.00000000,  0, 6.57638311, 0
-0.00017240, 0.00013374, 0.00000000,  0, 6.59767318, 0
-0.00018317, 0.00015531, 0.00000000,  0, 6.61855912, 0
-0.00020173, 0.00017249, 0.00000000,  0, 6.63724518, 0
-0.00021758, 0.00019501, 0.00000000,  0, 6.66008711, 0
-0.00022266, 0.00022285, 0.00000000,  0, 6.67853212, 0
-0.00021511, 0.00023942, 0.00000000,  0, 6.70235014, 0
-0.00020261, 0.00025444, 0.00000000,  0, 6.72699809, 0
-0.00019910, 0.00027473, 0.00000000,  0, 6.75457501, 0
-0.00020211, 0.00028838, 0.00000000,  0, 6.77261209, 0
-0.00021653, 0.00034850, 0.00000000,  0, 6.78879905, 0
-0.00022925, 0.00040128, 0.00000000,  0, 6.80725217, 0
-0.00024720, 0.00045915, 0.00000000,  0, 6.82796097, 0
-0.00025673, 0.00048772, 0.00000000,  0, 6.84546804, 0
-0.00027857, 0.00054727, 0.00000000,  0, 6.87046409, 0
-0.00028968, 0.00056573, 0.00000000,  0, 6.89337802, 0
-0.00029849, 0.00058254, 0.00000000,  0, 6.91487718, 0
-0.00030545, 0.00060596, 0.00000000,  0, 6.93341899, 0
-0.00031102, 0.00061701, 0.00000000,  0, 6.95123720, 0
-0.00031724, 0.00063299, 0.00000000,  0, 6.97708106, 0
-0.00033039, 0.00069499, 0.00000000,  0, 7.00022006, 0
-0.00033069, 0.00072005, 0.00000000,  0, 7.02178502, 0
-0.00033091, 0.00073972, 0.00000000,  0, 7.04516006, 0
-0.00033112, 0.00076183, 0.00000000,  0, 7.07371998, 0
-0.00033120, 0.00077263, 0.00000000,  0, 7.09712315, 0
-0.00033124, 0.00077320, 0.00000000,  0, 7.11636901, 0
-0.00033125, 0.00075612, 0.00000000,  0, 7.14056301, 0
-0.00033123, 0.00072398, 0.00000000,  0, 7.16166401, 0
-0.00034092, 0.00072714, 0.00000000,  0, 7.18873811, 0
-0.00036729, 0.00077735, 0.00000000,  0, 7.21914911, 0
-0.00038740, 0.00081689, 0.00000000,  0, 7.24482203, 0
-0.00040442, 0.00083642, 0.00000000,  0, 7.26654601, 0
-0.00042186, 0.00084579, 0.00000000,  0, 7.29049611, 0
-0.00043568, 0.00084829, 0.00000000,  0, 7.30965710, 0
-0.00046020, 0.00086821, 0.00000000,  0, 7.33395100, 0
-0.00048518, 0.00091176, 0.00000000,  0, 7.35667801, 0
-0.00049933, 0.00092980, 0.00000000,  0, 7.38282800, 0
-0.00051438, 0.00093985, 0.00000000,  0, 7.41906619, 0
-0.00052498, 0.00094316, 0.00000000,  0, 7.44472003, 0
-0.00054479, 0.00095655, 0.00000000,  0, 7.46659613, 0
-0.00055468, 0.00096717, 0.00000000,  0, 7.48970413, 0
-0.00056234, 0.00097531, 0.00000000,  0, 7.51067519, 0
-0.00056861, 0.00099344, 0.00000000,  0, 7.53126502, 0
-0.00057347, 0.00100651, 0.00000000,  0, 7.55200315, 0
-0.00057251, 0.00099658, 0.00000000,  0, 7.57415318, 0
-0.00056563, 0.00098582, 0.00000000,  0, 7.59367108, 0
-0.00056002, 0.00099299, 0.00000000,  0, 7.61567211, 0
-0.00055315, 0.00100151, 0.00000000,  0, 7.63594413, 0
-0.00053910, 0.00098936, 0.00000000,  0, 7.65834618, 0
-0.00052909, 0.00095672, 0.00000000,  0, 7.67993498, 0
-0.00053004, 0.00094336, 0.00000000,  0, 7.69898319, 0
-0.00054259, 0.00094424, 0.00000000,  0, 7.72095418, 0
-0.00054562, 0.00087332, 0.00000000,  0, 7.74271917, 0
-0.00055048, 0.00085248, 0.00000000,  0, 7.76144314, 0
-0.00057486, 0.00079549, 0.00000000,  0, 7.78936911, 0
-0.00059960, 0.00070729, 0.00000000,  0, 7.82377100, 0
-0.00060863, 0.00067896, 0.00000000,  0, 7.85119820, 0
-0.00061536, 0.00065756, 0.00000000,  0, 7.87246919, 0
-0.00062998, 0.00064966, 0.00000000,  0, 7.89056897, 0
-0.00065186, 0.00063606, 0.00000000,  0, 7.91144609, 0
-0.00068000, 0.00061333, 0.00000000,  0, 7.93712306, 0
-0.00069925, 0.00054087, 0.00000000,  0, 7.96627212, 0
-0.00071308, 0.00047740, 0.00000000,  0, 7.99766397, 0
-0.00072257, 0.00041447, 0.00000000,  0, 8.03115702, 0
-0.00072921, 0.00036805, 0.00000000,  0, 8.06181502, 0
-0.00073246, 0.00035123, 0.00000000,  0, 8.08463407, 0
-0.00073682, 0.00033592, 0.00000000,  0, 8.10913610, 0
-0.00074915, 0.00034809, 0.00000000,  0, 8.13305807, 0
-0.00076893, 0.00037792, 0.00000000,  0, 8.15603900, 0
-0.00078613, 0.00041312, 0.00000000,  0, 8.17477512, 0
-0.00080577, 0.00044323, 0.00000000,  0, 8.19890118, 0
-0.00081806, 0.00045916, 0.00000000,  0, 8.22535419, 0
-0.00083264, 0.00046335, 0.00000000,  0, 8.25108099, 0
-0.00083750, 0.00046475, 0.00000000,  0, 8.26973009, 0
-0.00085208, 0.00046792, 0.00000000,  0, 8.29476714, 0
-0.00087690, 0.00047051, 0.00000000,  0, 8.32399011, 0
-0.00089100, 0.00047199, 0.00000000,  0, 8.34193301, 0
-0.00090212, 0.00047318, 0.00000000,  0, 8.36640620, 0
-0.00091091, 0.00047414, 0.00000000,  0, 8.38565207, 0
-0.00091856, 0.00047498, 0.00000000,  0, 8.40953112, 0
-0.00092558, 0.00047577, 0.00000000,  0, 8.43097806, 0
-0.00093338, 0.00047668, 0.00000000,  0, 8.45429611, 0
-0.00093713, 0.00047714, 0.00000000,  0, 8.47684002, 0
-0.00094057, 0.00047757, 0.00000000,  0, 8.49825811, 0
-0.00094925, 0.00049503, 0.00000000,  0, 8.51843810, 0
-0.00096136, 0.00052042, 0.00000000,  0, 8.54201603, 0
-0.00097491, 0.00053077, 0.00000000,  0, 8.56564498, 0
-0.00097836, 0.00051152, 0.00000000,  0, 8.58502316, 0
-0.00098423, 0.00045798, 0.00000000,  0, 8.60359716, 0
-0.00098750, 0.00044990, 0.00000000,  0, 8.62316799, 0
-0.00098045, 0.00043424, 0.00000000,  0, 8.64442706, 0
-0.00098550, 0.00045396, 0.00000000,  0, 8.66389012, 0
-0.00098942, 0.00047991, 0.00000000,  0, 8.68542600, 0
-0.00099368, 0.00050313, 0.00000000,  0, 8.70916319, 0
-0.00099577, 0.00051051, 0.00000000,  0, 8.73034215, 0
-0.00099585, 0.00057667, 0.00000000,  0, 8.75218701, 0
-0.00098622, 0.00061069, 0.00000000,  0, 8.77192712, 0
-0.00097856, 0.00063742, 0.00000000,  0, 8.79614520, 0
-0.00096968, 0.00066479, 0.00000000,  0, 8.81980205, 0
-0.00096519, 0.00066974, 0.00000000,  0, 8.84508610, 0
-0.00096004, 0.00068317, 0.00000000,  0, 8.87634301, 0
-0.00094419, 0.00067828, 0.00000000,  0, 8.90660501, 0
-0.00093381, 0.00070219, 0.00000000,  0, 8.92863202, 0
-0.00091628, 0.00072174, 0.00000000,  0, 8.94919300, 0
-0.00090050, 0.00075394, 0.00000000,  0, 8.96982813, 0
-0.00086800, 0.00078135, 0.00000000,  0, 8.99590802, 0
-0.00084018, 0.00077697, 0.00000000,  0, 9.01577806, 0
-0.00081839, 0.00080409, 0.00000000,  0, 9.03761220, 0
-0.00080101, 0.00084596, 0.00000000,  0, 9.05679703, 0
-0.00078713, 0.00090013, 0.00000000,  0, 9.07913113, 0
-0.00077623, 0.00096300, 0.00000000,  0, 9.09860516, 0
-0.00075861, 0.00101548, 0.00000000,  0, 9.12089705, 0
-0.00075007, 0.00108021, 0.00000000,  0, 9.14363003, 0
-0.00074553, 0.00119367, 0.00000000,  0, 9.16597199, 0
-0.00075376, 0.00127537, 0.00000000,  0, 9.18906116, 0
-0.00076020, 0.00137110, 0.00000000,  0, 9.20904899, 0
-0.00077511, 0.00146755, 0.00000000,  0, 9.23303699, 0
-0.00077921, 0.00153755, 0.00000000,  0, 9.25188398, 0
-0.00078049, 0.00162274, 0.00000000,  0, 9.27324319, 0
-0.00077488, 0.00170316, 0.00000000,  0, 9.29509521, 0
-0.00073847, 0.00178157, 0.00000000,  0, 9.31742215, 0
-0.00070512, 0.00181752, 0.00000000,  0, 9.34103203, 0
-0.00067821, 0.00186595, 0.00000000,  0, 9.35960412, 0
-0.00065680, 0.00192366, 0.00000000,  0, 9.38050318, 0
-0.00063853, 0.00183663, 0.00000000,  0, 9.40474200, 0
-0.00061692, 0.00171525, 0.00000000,  0, 9.42345905, 0
-0.00059705, 0.00160279, 0.00000000,  0, 9.44497418, 0
-0.00057507, 0.00150159, 0.00000000,  0, 9.46565008, 0
-0.00055281, 0.00141150, 0.00000000,  0, 9.48397112, 0
-0.00053522, 0.00133455, 0.00000000,  0, 9.50674415, 0
-0.00051765, 0.00126936, 0.00000000,  0, 9.52484298, 0
-0.00049393, 0.00120733, 0.00000000,  0, 9.55214214, 0
-0.00045529, 0.00113940, 0.00000000,  0, 9.58142614, 0
-0.00043583, 0.00111126, 0.00000000,  0, 9.60281014, 0
-0.00041478, 0.00107830, 0.00000000,  0, 9.62038398, 0
-0.00039284, 0.00105650, 0.00000000,  0, 9.64039898, 0
-0.00037563, 0.00105138, 0.00000000,  0, 9.66125703, 0
-0.00036106, 0.00104699, 0.00000000,  0, 9.68276310, 0
-0.00034699, 0.00104611, 0.00000000,  0, 9.70443416, 0
-0.00033590, 0.00106389, 0.00000000,  0, 9.72128415, 0
-0.00032762, 0.00107905, 0.00000000,  0, 9.73930120, 0
-0.00033166, 0.00112238, 0.00000000,  0, 9.75970602, 0
-0.00033497, 0.00114708, 0.00000000,  0, 9.78021598, 0
-0.00033769, 0.00119195, 0.00000000,  0, 9.80224013, 0
-0.00033992, 0.00122585, 0.00000000,  0, 9.82273602, 0
-0.00034975, 0.00127355, 0.00000000,  0, 9.84383297, 0
-0.00036737, 0.00134078, 0.00000000,  0, 9.86625814, 0
-0.00039083, 0.00142559, 0.00000000,  0, 9.89214206, 0
-0.00039913, 0.00148612, 0.00000000,  0, 9.92105317, 0
-0.00041609, 0.00154657, 0.00000000,  0, 9.94994903, 0
-0.00042478, 0.00156540, 0.00000000,  0, 9.97089314, 0
-0.00043164, 0.00157438, 0.00000000,  0, 9.99400520, 0
-0.00043715, 0.00157748, 0.00000000,  0, 10.01419520, 0
-0.00044153, 0.00156947, 0.00000000,  0, 10.03526211, 0
-0.00044665, 0.00154908, 0.00000000,  0, 10.05837417, 0
-0.00044927, 0.00153866, 0.00000000,  0, 10.08109403, 0
-0.00045137, 0.00152535, 0.00000000,  0, 10.10004807, 0
-0.00045306, 0.00151341, 0.00000000,  0, 10.12534714, 0
-0.00045446, 0.00151008, 0.00000000,  0, 10.14681315, 0
-0.00045559, 0.00151029, 0.00000000,  0, 10.16667604, 0
-0.00045651, 0.00151649, 0.00000000,  0, 10.18951797, 0
-0.00045727, 0.00151049, 0.00000000,  0, 10.20946908, 0
-0.00045816, 0.00150897, 0.00000000,  0, 10.23087311, 0
-0.00045864, 0.00152261, 0.00000000,  0, 10.25395203, 0
-0.00045905, 0.00152303, 0.00000000,  0, 10.27520108, 0
-0.00045940, 0.00152035, 0.00000000,  0, 10.29266000, 0
-0.00045971, 0.00152594, 0.00000000,  0, 10.31309819, 0
-0.00045987, 0.00152874, 0.00000000,  0, 10.33273816, 0
-0.00047188, 0.00155914, 0.00000000,  0, 10.36007404, 0
-0.00046893, 0.00156654, 0.00000000,  0, 10.38409400, 0
-0.00046744, 0.00157627, 0.00000000,  0, 10.40390515, 0
-0.00046628, 0.00159988, 0.00000000,  0, 10.42421412, 0
-0.00046579, 0.00160592, 0.00000000,  0, 10.44289804, 0
-0.00046499, 0.00160850, 0.00000000,  0, 10.46104312, 0
-0.00046390, 0.00164363, 0.00000000,  0, 10.48889709, 0
-0.00045269, 0.00164621, 0.00000000,  0, 10.51048708, 0
-0.00044385, 0.00165845, 0.00000000,  0, 10.53032899, 0
-0.00043680, 0.00167793, 0.00000000,  0, 10.55234003, 0
-0.00043119, 0.00167844, 0.00000000,  0, 10.57034111, 0
-0.00042592, 0.00167280, 0.00000000,  0, 10.58968019, 0
-0.00042136, 0.00168086, 0.00000000,  0, 10.61129999, 0
-0.00041783, 0.00170220, 0.00000000,  0, 10.63167214, 0
-0.00040933, 0.00172331, 0.00000000,  0, 10.65323901, 0
-0.00039728, 0.00174023, 0.00000000,  0, 10.67382312, 0
-0.00038695, 0.00175469, 0.00000000,  0, 10.69253707, 0
-0.00037664, 0.00176517, 0.00000000,  0, 10.71687198, 0
-0.00036864, 0.00176550, 0.00000000,  0, 10.73578215, 0
-0.00036087, 0.00176436, 0.00000000,  0, 10.75456905, 0
-0.00035471, 0.00175326, 0.00000000,  0, 10.77421999, 0
-0.00034989, 0.00173400, 0.00000000,  0, 10.79480815, 0
-0.00034613, 0.00170837, 0.00000000,  0, 10.81561017, 0
-0.00034316, 0.00170645, 0.00000000,  0, 10.83743000, 0
-0.00034029, 0.00170768, 0.00000000,  0, 10.86066198, 0
-0.00033789, 0.00172382, 0.00000000,  0, 10.88236713, 0
-0.00033522, 0.00175107, 0.00000000,  0, 10.90637302, 0
-0.00033395, 0.00175454, 0.00000000,  0, 10.92588902, 0
-0.00033300, 0.00177814, 0.00000000,  0, 10.94462800, 0
