-0.01474244, 0.01935395, 0.00000000,  -1, 0.00016689, 0
-0.01621665, 0.02806769, 0.00000000,  0, 0.00016689, 0
-0.01657476, 0.02896227, 0.00000000,  0, 6.07027793, 0
-0.01692356, 0.02984192, 0.00000000,  0, 6.09886289, 0
-0.01714227, 0.03041298, 0.00000000,  0, 6.12631798, 0
-0.01754518, 0.03150631, 0.00000000,  0, 6.15934181, 0
-0.01788984, 0.03250227, 0.00000000,  0, 6.20311689, 0
-0.01815533, 0.03333078, 0.00000000,  0, 6.24638700, 0
-0.01828545, 0.03383404, 0.00000000,  0, 6.27430987, 0
-0.01836670, 0.03425466, 0.00000000,  0, 6.30663586, 0
-0.01842487, 0.03461376, 0.00000000,  0, 6.33588099, 0
-0.01845420, 0.03491539, 0.00000000,  0, 6.36495185, 0
-0.01844296, 0.03513435, 0.00000000,  0, 6.39229488, 0
-0.01842172, 0.03525070, 0.00000000,  0, 6.41721201, 0
-0.01838207, 0.03538893, 0.00000000,  0, 6.44723582, 0
-0.01834872, 0.03551217, 0.00000000,  0, 6.47363997, 0
-0.01833810, 0.03564289, 0.00000000,  0, 6.50351501, 0
-0.01835437, 0.03578777, 0.00000000,  0, 6.53587294, 0
-0.01843017, 0.03599224, 0.00000000,  0, 6.56848383, 0
-0.01859621, 0.03628693, 0.00000000,  0, 6.59830999, 0
-0.01892102, 0.03681203, 0.00000000,  0, 6.64363790, 0
-0.01925044, 0.03731897, 0.00000000,  0, 6.67490482, 0
-0.01975860, 0.03812891, 0.00000000,  0, 6.70699787, 0
-0.02017361, 0.03882058, 0.00000000,  0, 6.73739886, 0
-0.02047652, 0.03931291, 0.00000000,  0, 6.76363587, 0
-0.02096221, 0.04008671, 0.00000000,  0, 6.78964901, 0
-0.02147838, 0.04090704, 0.00000000,  0, 6.81810784, 0
-0.02188271, 0.04154836, 0.00000000,  0, 6.84716582, 0
-0.02248361, 0.04251651, 0.00000000,  0, 6.87664104, 0
-0.02310427, 0.04353017, 0.00000000,  0, 6.90674782, 0
-0.02394555, 0.04492398, 0.00000000,  0, 6.94708204, 0
-0.02458177, 0.04599852, 0.00000000,  0, 6.97263598, 0
-0.02501530, 0.04673468, 0.00000000,  0, 6.99910998, 0
-0.02567932, 0.04782242, 0.00000000,  0, 7.02843285, 0
-0.02634382, 0.04888476, 0.00000000,  0, 7.05495691, 0
-0.02702163, 0.04995775, 0.00000000,  0, 7.08361888, 0
-0.02792622, 0.05141920, 0.00000000,  0, 7.12730598, 0
-0.02858008, 0.05251123, 0.00000000,  0, 7.16275883, 0
-0.02940218, 0.05393855, 0.00000000,  0, 7.19743705, 0
-0.03000824, 0.05499374, 0.00000000,  0, 7.22558403, 0
-0.03040601, 0.05568992, 0.00000000,  0, 7.25471687, 0
-0.03116161, 0.05703382, 0.00000000,  0, 7.28722596, 0
-0.03151996, 0.05767814, 0.00000000,  0, 7.31520295, 0
-0.03206389, 0.05865403, 0.00000000,  0, 7.34324694, 0
-0.03262161, 0.05966040, 0.00000000,  0, 7.37415099, 0
-0.03321618, 0.06070441, 0.00000000,  0, 7.40497684, 0
-0.03382430, 0.06177301, 0.00000000,  0, 7.43273902, 0
-0.03443809, 0.06285531, 0.00000000,  0, 7.46158886, 0
-0.03507387, 0.06395334, 0.00000000,  0, 7.48936701, 0
-0.03549856, 0.06468629, 0.00000000,  0, 7.51560688, 0
-0.03614121, 0.06575949, 0.00000000,  0, 7.54455686, 0
-0.03680116, 0.06681475, 0.00000000,  0, 7.57159591, 0
-0.03726079, 0.06751707, 0.00000000,  0, 7.59787989, 0
-0.03799043, 0.06860054, 0.00000000,  0, 7.62671804, 0
-0.03874701, 0.06968917, 0.00000000,  0, 7.65771294, 0
-0.03949725, 0.07076862, 0.00000000,  0, 7.68990803, 0
-0.04069592, 0.07252515, 0.00000000,  0, 7.73770094, 0
-0.04180515, 0.07421053, 0.00000000,  0, 7.78814983, 0
-0.04244815, 0.07517763, 0.00000000,  0, 7.81592083, 0
-0.04311980, 0.07613706, 0.00000000,  0, 7.84687304, 0
-0.04380040, 0.07709178, 0.00000000,  0, 7.87821293, 0
-0.04450077, 0.07805142, 0.00000000,  0, 7.90628004, 0
-0.04520384, 0.07901637, 0.00000000,  0, 7.93805385, 0
-0.04613511, 0.08032658, 0.00000000,  0, 7.97960997, 0
-0.04681345, 0.08131134, 0.00000000,  0, 8.00887895, 0
-0.04748741, 0.08230899, 0.00000000,  0, 8.04142404, 0
-0.04814574, 0.08329028, 0.00000000,  0, 8.07091093, 0
-0.04880910, 0.08416242, 0.00000000,  0, 8.10111403, 0
-0.04947956, 0.08499745, 0.00000000,  0, 8.13228798, 0
-0.05014831, 0.08589951, 0.00000000,  0, 8.16187501, 0
-0.05081328, 0.08685611, 0.00000000,  0, 8.19320798, 0
-0.05147204, 0.08787162, 0.00000000,  0, 8.22321582, 0
-0.05210362, 0.08891815, 0.00000000,  0, 8.25571299, 0
-0.05270476, 0.08997955, 0.00000000,  0, 8.28676200, 0
-0.05331536, 0.09106981, 0.00000000,  0, 8.31842804, 0
-0.05393309, 0.09217802, 0.00000000,  0, 8.34965587, 0
-0.05454983, 0.09331355, 0.00000000,  0, 8.38069081, 0
-0.05519967, 0.09450395, 0.00000000,  0, 8.40725899, 0
-0.05588918, 0.09574353, 0.00000000,  0, 8.43987393, 0
-0.05658540, 0.09700230, 0.00000000,  0, 8.47389984, 0
-0.05727394, 0.09827311, 0.00000000,  0, 8.50320697, 0
-0.05844270, 0.10038131, 0.00000000,  0, 8.55231285, 0
-0.05936821, 0.10198948, 0.00000000,  0, 8.59300494, 0
-0.06003896, 0.10314761, 0.00000000,  0, 8.62590694, 0
-0.06070885, 0.10429404, 0.00000000,  0, 8.65455985, 0
-0.06160844, 0.10578219, 0.00000000,  0, 8.68969703, 0
-0.06249946, 0.10720348, 0.00000000,  0, 8.72908497, 0
-0.06292230, 0.10788147, 0.00000000,  0, 8.75773096, 0
-0.06353148, 0.10885251, 0.00000000,  0, 8.78843498, 0
-0.06428706, 0.11010589, 0.00000000,  0, 8.82282495, 0
-0.06483386, 0.11102079, 0.00000000,  0, 8.85423088, 0
-0.06560801, 0.11226117, 0.00000000,  0, 8.89862394, 0
-0.06660359, 0.11388063, 0.00000000,  0, 8.94605303, 0
-0.06759216, 0.11559449, 0.00000000,  0, 8.99639487, 0
-0.06816903, 0.11665337, 0.00000000,  0, 9.02596283, 0
-0.06871915, 0.11769529, 0.00000000,  0, 9.05827403, 0
-0.06924579, 0.11872970, 0.00000000,  0, 9.08567405, 0
-0.06977920, 0.11974881, 0.00000000,  0, 9.11494589, 0
-0.07032682, 0.12077464, 0.00000000,  0, 9.14578986, 0
-0.07088253, 0.12180239, 0.00000000,  0, 9.18013692, 0
-0.07145138, 0.12281409, 0.00000000,  0, 9.20938301, 0
-0.07182866, 0.12348306, 0.00000000,  0, 9.23499489, 0
-0.07239907, 0.12448539, 0.00000000,  0, 9.26510501, 0
-0.07295739, 0.12547094, 0.00000000,  0, 9.29336786, 0
-0.07349041, 0.12642749, 0.00000000,  0, 9.32347894, 0
-0.07401773, 0.12736548, 0.00000000,  0, 9.35058188, 0
-0.07456955, 0.12831042, 0.00000000,  0, 9.38328385, 0
-0.07514974, 0.12928901, 0.00000000,  0, 9.41162491, 0
-0.07575134, 0.13030607, 0.00000000,  0, 9.44032097, 0
-0.07636926, 0.13135105, 0.00000000,  0, 9.47092390, 0
-0.07696102, 0.13240791, 0.00000000,  0, 9.50477290, 0
-0.07753380, 0.13346199, 0.00000000,  0, 9.53456092, 0
-0.07808041, 0.13451848, 0.00000000,  0, 9.56392503, 0
-0.07859764, 0.13554750, 0.00000000,  0, 9.59439182, 0
-0.07907472, 0.13651627, 0.00000000,  0, 9.62229586, 0
-0.07950401, 0.13738904, 0.00000000,  0, 9.65298200, 0
-0.07975429, 0.13791999, 0.00000000,  0, 9.67988491, 0
-0.08007340, 0.13863519, 0.00000000,  0, 9.70585203, 0
-0.08032068, 0.13920251, 0.00000000,  0, 9.73662686, 0
-0.08051205, 0.13967173, 0.00000000,  0, 9.76363897, 0
-0.08064271, 0.14001838, 0.00000000,  0, 9.79448199, 0
-0.08070233, 0.14019398, 0.00000000,  0, 9.82371402, 0
-0.08076178, 0.14044682, 0.00000000,  0, 9.85687089, 0
-0.08077309, 0.14056276, 0.00000000,  0, 9.88910890, 0
-0.08076359, 0.14064952, 0.00000000,  0, 9.91910005, 0
-0.08073952, 0.14069021, 0.00000000,  0, 9.94694591, 0
-0.08071176, 0.14069859, 0.00000000,  0, 9.97608495, 0
-0.08065332, 0.14066293, 0.00000000,  0, 10.00556493, 0
-0.08055700, 0.14060816, 0.00000000,  0, 10.03799701, 0
-0.08047378, 0.14055553, 0.00000000,  0, 10.06863284, 0
-0.08040964, 0.14050780, 0.00000000,  0, 10.09981298, 0
-0.08038710, 0.14049984, 0.00000000,  0, 10.12565184, 0
-0.08037373, 0.14051224, 0.00000000,  0, 10.15341997, 0
-0.08038561, 0.14053753, 0.00000000,  0, 10.18678284, 0
-0.08043783, 0.14059437, 0.00000000,  0, 10.21568990, 0
-0.08051677, 0.14067001, 0.00000000,  0, 10.24691391, 0
-0.08060749, 0.14075312, 0.00000000,  0, 10.28053498, 0
-0.08072371, 0.14084542, 0.00000000,  0, 10.30972099, 0
-0.08090134, 0.14097874, 0.00000000,  0, 10.34351802, 0
-0.08098850, 0.14104266, 0.00000000,  0, 10.37270594, 0
-0.08116092, 0.14117529, 0.00000000,  0, 10.40359282, 0
-0.08124622, 0.14124340, 0.00000000,  0, 10.42891598, 0
-0.08137163, 0.14134516, 0.00000000,  0, 10.45745182, 0
-0.08147708, 0.14142940, 0.00000000,  0, 10.48516989, 0
-0.08156834, 0.14150101, 0.00000000,  0, 10.51696992, 0
-0.08167695, 0.14159140, 0.00000000,  0, 10.54696703, 0
-0.08176397, 0.14166118, 0.00000000,  0, 10.58558297, 0
-0.08184440, 0.14172703, 0.00000000,  0, 10.63332105, 0
-0.08188153, 0.14177862, 0.00000000,  0, 10.66804290, 0
-0.08190228, 0.14181838, 0.00000000,  0, 10.69800282, 0
-0.08191117, 0.14185933, 0.00000000,  0, 10.72991490, 0
-0.08191265, 0.14191295, 0.00000000,  0, 10.76089382, 0
-0.08190605, 0.14201395, 0.00000000,  0, 10.80480886, 0
-0.08192791, 0.14222892, 0.00000000,  0, 10.85712290, 0
-0.08198213, 0.14249158, 0.00000000,  0, 10.90134692, 0
-0.08201422, 0.14261421, 0.00000000,  0, 10.92896295, 0
-0.08212700, 0.14292185, 0.00000000,  0, 10.96546793, 0
-0.08225266, 0.14321073, 0.00000000,  0, 10.99680591, 0
-0.08240081, 0.14352295, 0.00000000,  0, 11.02872992, 0
-0.08268814, 0.14410695, 0.00000000,  0, 11.07370090, 0
-0.08291116, 0.14451956, 0.00000000,  0, 11.10846686, 0
-0.08319278, 0.14501065, 0.00000000,  0, 11.13709784, 0
-0.08353426, 0.14557397, 0.00000000,  0, 11.16850305, 0
-0.08394067, 0.14618845, 0.00000000,  0, 11.19956684, 0
-0.08435850, 0.14682876, 0.00000000,  0, 11.23491001, 0
-0.08491940, 0.14769788, 0.00000000,  0, 11.27218390, 0
-0.08544518, 0.14859780, 0.00000000,  0, 11.31253505, 0
-0.08580292, 0.14926957, 0.00000000,  0, 11.34113884, 0
-0.08603376, 0.14972211, 0.00000000,  0, 11.37176585, 0
-0.08640341, 0.15051252, 0.00000000,  0, 11.40260100, 0
-0.08668048, 0.15112501, 0.00000000,  0, 11.42918396, 0
-0.08694338, 0.15172625, 0.00000000,  0, 11.45698190, 0
-0.08722348, 0.15235108, 0.00000000,  0, 11.48685694, 0
-0.08751052, 0.15300475, 0.00000000,  0, 11.51855588, 0
-0.08781502, 0.15369257, 0.00000000,  0, 11.55106401, 0
-0.08813460, 0.15440844, 0.00000000,  0, 11.58199096, 0
-0.08846323, 0.15512133, 0.00000000,  0, 11.61174393, 0
-0.08879887, 0.15583394, 0.00000000,  0, 11.64147782, 0
-0.08912024, 0.15654018, 0.00000000,  0, 11.67355704, 0
-0.08944059, 0.15722964, 0.00000000,  0, 11.70680189, 0
-0.08985544, 0.15807039, 0.00000000,  0, 11.74086404, 0
-0.09012002, 0.15861831, 0.00000000,  0, 11.77857590, 0
-0.09042496, 0.15920655, 0.00000000,  0, 11.82085204, 0
-0.09062934, 0.15957222, 0.00000000,  0, 11.84988689, 0
-0.09077378, 0.15984066, 0.00000000,  0, 11.88059187, 0
-0.09088524, 0.16003730, 0.00000000,  0, 11.91019082, 0
-0.09095858, 0.16016582, 0.00000000,  0, 11.93803501, 0
-0.09099595, 0.16023974, 0.00000000,  0, 11.96531081, 0
-0.09101771, 0.16028316, 0.00000000,  0, 11.99480987, 0
-0.09102152, 0.16029731, 0.00000000,  0, 12.02508688, 0
-0.09101444, 0.16029339, 0.00000000,  0, 12.05383492, 0
-0.09100270, 0.16027199, 0.00000000,  0, 12.08236003, 0
-0.09097577, 0.16022538, 0.00000000,  0, 12.11567402, 0
-0.09095644, 0.16015312, 0.00000000,  0, 12.14678597, 0
-0.09095090, 0.16011214, 0.00000000,  0, 12.17436194, 0
-0.09095613, 0.16007532, 0.00000000,  0, 12.20135689, 0
-0.09095639, 0.16004173, 0.00000000,  0, 12.23254204, 0
-0.09097508, 0.16000087, 0.00000000,  0, 12.27339602, 0
-0.09099277, 0.15997258, 0.00000000,  0, 12.30548191, 0
-0.09102048, 0.15995033, 0.00000000,  0, 12.33408499, 0
-0.09104799, 0.15993908, 0.00000000,  0, 12.36446095, 0
-0.09107706, 0.15992489, 0.00000000,  0, 12.39626789, 0
-0.09110315, 0.15990863, 0.00000000,  0, 12.42820382, 0
-0.09112796, 0.15989122, 0.00000000,  0, 12.45653892, 0
-0.09114147, 0.15987304, 0.00000000,  0, 12.48320389, 0
-0.09114670, 0.15986077, 0.00000000,  0, 12.51128197, 0
-0.09115138, 0.15983602, 0.00000000,  0, 12.54308391, 0
-0.09116481, 0.15981221, 0.00000000,  0, 12.58026695, 0
-0.09117275, 0.15978473, 0.00000000,  0, 12.61493182, 0
-0.09117349, 0.15976933, 0.00000000,  0, 12.64440084, 0
-0.09117234, 0.15975189, 0.00000000,  0, 12.67380095, 0
-0.09116888, 0.15972234, 0.00000000,  0, 12.70387387, 0
-0.09116167, 0.15968944, 0.00000000,  0, 12.73873997, 0
-0.09115522, 0.15966788, 0.00000000,  0, 12.77372193, 0
-0.09114821, 0.15964823, 0.00000000,  0, 12.80363393, 0
-0.09115256, 0.15963008, 0.00000000,  0, 12.83154488, 0
-0.09115678, 0.15961327, 0.00000000,  0, 12.86031103, 0
-0.09116188, 0.15960668, 0.00000000,  0, 12.88717604, 0
-0.09119206, 0.15961795, 0.00000000,  0, 12.91841197, 0
-0.09120931, 0.15962397, 0.00000000,  0, 12.94947290, 0
-0.09121977, 0.15962484, 0.00000000,  0, 12.97919798, 0
-0.09122890, 0.15960705, 0.00000000,  0, 13.01080585, 0
-0.09124054, 0.15959566, 0.00000000,  0, 13.03886795, 0
-0.09125183, 0.15957994, 0.00000000,  0, 13.06618881, 0
-0.09125819, 0.15956541, 0.00000000,  0, 13.09767699, 0
-0.09126046, 0.15955197, 0.00000000,  0, 13.12705803, 0
-0.09126041, 0.15953930, 0.00000000,  0, 13.15672803, 0
-0.09127185, 0.15954056, 0.00000000,  0, 13.18516302, 0
-0.09128021, 0.15954056, 0.00000000,  0, 13.21831894, 0
-0.09128475, 0.15952701, 0.00000000,  0, 13.24862194, 0
-0.09130081, 0.15950995, 0.00000000,  0, 13.27547598, 0
-0.09131144, 0.15949509, 0.00000000,  0, 13.30385995, 0
-0.09131576, 0.15948618, 0.00000000,  0, 13.33309889, 0
-0.09132578, 0.15947005, 0.00000000,  0, 13.36619401, 0
-0.09135016, 0.15946899, 0.00000000,  0, 13.39471889, 0
-0.09136507, 0.15947089, 0.00000000,  0, 13.42388082, 0
-0.09138117, 0.15946860, 0.00000000,  0, 13.45627594, 0
-0.09139296, 0.15944663, 0.00000000,  0, 13.48916602, 0
-0.09139615, 0.15943737, 0.00000000,  0, 13.51632690, 0
-0.09140575, 0.15942499, 0.00000000,  0, 13.54594684, 0
-0.09143615, 0.15941384, 0.00000000,  0, 13.57667804, 0
-0.09146756, 0.15940401, 0.00000000,  0, 13.60564995, 0
-0.09149110, 0.15940144, 0.00000000,  0, 13.63594890, 0
-0.09150729, 0.15939690, 0.00000000,  0, 13.66606402, 0
-0.09151700, 0.15938999, 0.00000000,  0, 13.69417787, 0
-0.09153104, 0.15938677, 0.00000000,  0, 13.72077394, 0
-0.09155685, 0.15937910, 0.00000000,  0, 13.74813104, 0
-0.09159637, 0.15938020, 0.00000000,  0, 13.77865291, 0
-0.09162178, 0.15938786, 0.00000000,  0, 13.81025791, 0
-0.09164094, 0.15940619, 0.00000000,  0, 13.84307790, 0
-0.09163584, 0.15941333, 0.00000000,  0, 13.88192987, 0
-0.09163096, 0.15941690, 0.00000000,  0, 13.91265702, 0
-0.09160582, 0.15939835, 0.00000000,  0, 13.94478083, 0
-0.09157559, 0.15938724, 0.00000000,  0, 13.97839093, 0
-0.09151994, 0.15936606, 0.00000000,  0, 14.02572989, 0
-0.09150659, 0.15933924, 0.00000000,  0, 14.07130194, 0
-0.09151150, 0.15933331, 0.00000000,  0, 14.10175991, 0
-0.09152049, 0.15933645, 0.00000000,  0, 14.13247299, 0
-0.09151914, 0.15935054, 0.00000000,  0, 14.16200900, 0
-0.09150857, 0.15935969, 0.00000000,  0, 14.18931389, 0
-0.09150292, 0.15936344, 0.00000000,  0, 14.21631193, 0
-0.09149851, 0.15936945, 0.00000000,  0, 14.24434996, 0
-0.09150734, 0.15938525, 0.00000000,  0, 14.27023387, 0
-0.09152383, 0.15939879, 0.00000000,  0, 14.29672599, 0
-0.09156645, 0.15943108, 0.00000000,  0, 14.32691503, 0
-0.09161413, 0.15947507, 0.00000000,  0, 14.35474491, 0
-0.09164884, 0.15951851, 0.00000000,  0, 14.38610697, 0
-0.09167274, 0.15954825, 0.00000000,  0, 14.41509485, 0
-0.09169377, 0.15957301, 0.00000000,  0, 14.44324589, 0
-0.09171863, 0.15961027, 0.00000000,  0, 14.47272682, 0
-0.09174962, 0.15964103, 0.00000000,  0, 14.50469899, 0
-0.09177884, 0.15966188, 0.00000000,  0, 14.53443694, 0
-0.09180882, 0.15967629, 0.00000000,  0, 14.56413698, 0
-0.09182273, 0.15968255, 0.00000000,  0, 14.59187603, 0
-0.09185578, 0.15968868, 0.00000000,  0, 14.62052298, 0
-0.09189970, 0.15969213, 0.00000000,  0, 14.65366483, 0
-0.09195141, 0.15968116, 0.00000000,  0, 14.68510699, 0
-0.09200392, 0.15966423, 0.00000000,  0, 14.71195984, 0
-0.09204120, 0.15963095, 0.00000000,  0, 14.74629998, 0
-0.09208325, 0.15961263, 0.00000000,  0, 14.77419186, 0
-0.09213837, 0.15956700, 0.00000000,  0, 14.80950904, 0
-0.09218243, 0.15951116, 0.00000000,  0, 14.85263395, 0
-0.09221023, 0.15948284, 0.00000000,  0, 14.88305187, 0
-0.09223794, 0.15946183, 0.00000000,  0, 14.90945101, 0
-0.09225625, 0.15944350, 0.00000000,  0, 14.93745685, 0
-0.09226484, 0.15940494, 0.00000000,  0, 14.96671200, 0
-0.09225514, 0.15936287, 0.00000000,  0, 14.99211693, 0
-0.09225774, 0.15934900, 0.00000000,  0, 15.01951289, 0
-0.09226011, 0.15933293, 0.00000000,  0, 15.04550695, 0
-0.09227343, 0.15932006, 0.00000000,  0, 15.07711697, 0
-0.09228514, 0.15929634, 0.00000000,  0, 15.10680985, 0
-0.09229308, 0.15927861, 0.00000000,  0, 15.13815999, 0
-0.09231143, 0.15926564, 0.00000000,  0, 15.16779304, 0
-0.09232569, 0.15926348, 0.00000000,  0, 15.19836283, 0
-0.09233987, 0.15927242, 0.00000000,  0, 15.24684882, 0
-0.09234537, 0.15927582, 0.00000000,  0, 15.29013300, 0
-0.09234754, 0.15929058, 0.00000000,  0, 15.31588697, 0
-0.09234848, 0.15930254, 0.00000000,  0, 15.34571886, 0
-0.09235966, 0.15933290, 0.00000000,  0, 15.38033485, 0
-0.09237160, 0.15936308, 0.00000000,  0, 15.40944982, 0
-0.09237955, 0.15938410, 0.00000000,  0, 15.44117284, 0
-0.09238485, 0.15939834, 0.00000000,  0, 15.47144389, 0
-0.09239349, 0.15939869, 0.00000000,  0, 15.50198293, 0
-0.09241945, 0.15941871, 0.00000000,  0, 15.53391981, 0
-0.09244252, 0.15945426, 0.00000000,  0, 15.56408787, 0
-0.09245853, 0.15950051, 0.00000000,  0, 15.59197402, 0
-0.09246926, 0.15954154, 0.00000000,  0, 15.62287593, 0
-0.09245637, 0.15955421, 0.00000000,  0, 15.65070391, 0
-0.09244199, 0.15956442, 0.00000000,  0, 15.67853594, 0
-0.09242534, 0.15958563, 0.00000000,  0, 15.70740700, 0
-0.09241165, 0.15961217, 0.00000000,  0, 15.73656893, 0
-0.09238206, 0.15962780, 0.00000000,  0, 15.76528692, 0
-0.09234018, 0.15961893, 0.00000000,  0, 15.79879284, 0
-0.09230254, 0.15960681, 0.00000000,  0, 15.82783794, 0
-0.09226261, 0.15960499, 0.00000000,  0, 15.85812497, 0
-0.09223383, 0.15961193, 0.00000000,  0, 15.88903284, 0
-0.09222401, 0.15963123, 0.00000000,  0, 15.91508389, 0
-0.09220771, 0.15964103, 0.00000000,  0, 15.94331193, 0
-0.09217058, 0.15965166, 0.00000000,  0, 15.97422194, 0
-0.09211123, 0.15968360, 0.00000000,  0, 16.00612688, 0
-0.09207863, 0.15973430, 0.00000000,  0, 16.03768396, 0
-0.09205213, 0.15979640, 0.00000000,  0, 16.06878996, 0
-0.09202740, 0.15983948, 0.00000000,  0, 16.09586501, 0
-0.09198086, 0.15990604, 0.00000000,  0, 16.12239885, 0
-0.09193855, 0.15998570, 0.00000000,  0, 16.14985585, 0
-0.09189396, 0.16007091, 0.00000000,  0, 16.17974186, 0
-0.09185304, 0.16016471, 0.00000000,  0, 16.20908499, 0
-0.09180046, 0.16026460, 0.00000000,  0, 16.23992085, 0
-0.09175331, 0.16033028, 0.00000000,  0, 16.26889300, 0
-0.09168584, 0.16049785, 0.00000000,  0, 16.30762601, 0
-0.09164550, 0.16062273, 0.00000000,  0, 16.33690500, 0
-0.09157662, 0.16071361, 0.00000000,  0, 16.36668587, 0
-0.09149902, 0.16079155, 0.00000000,  0, 16.39630103, 0
-0.09142824, 0.16086738, 0.00000000,  0, 16.42742085, 0
-0.09136328, 0.16096992, 0.00000000,  0, 16.46632695, 0
-0.09132352, 0.16105772, 0.00000000,  0, 16.49262404, 0
-0.09126150, 0.16112704, 0.00000000,  0, 16.52316689, 0
-0.09121609, 0.16116113, 0.00000000,  0, 16.55143595, 0
-0.09114669, 0.16119778, 0.00000000,  0, 16.58282900, 0
-0.09107637, 0.16122390, 0.00000000,  0, 16.61117792, 0
-0.09100532, 0.16124348, 0.00000000,  0, 16.64101291, 0
-0.09093372, 0.16126969, 0.00000000,  0, 16.66919804, 0
-0.09086192, 0.16128810, 0.00000000,  0, 16.69973087, 0
-0.09080836, 0.16129990, 0.00000000,  0, 16.72629404, 0
-0.09077841, 0.16130556, 0.00000000,  0, 16.75242996, 0
-0.09073385, 0.16131117, 0.00000000,  0, 16.77833581, 0
-0.09070193, 0.16131453, 0.00000000,  0, 16.80808401, 0
-0.09069708, 0.16132695, 0.00000000,  0, 16.83501101, 0
-0.09069679, 0.16134378, 0.00000000,  0, 16.86237192, 0
-0.09070814, 0.16135786, 0.00000000,  0, 16.89014697, 0
-0.09071402, 0.16135971, 0.00000000,  0, 16.91727686, 0
-0.09073331, 0.16136050, 0.00000000,  0, 16.94510889, 0
-0.09075534, 0.16134579, 0.00000000,  0, 16.97566485, 0
-0.09077218, 0.16132467, 0.00000000,  0, 17.00962496, 0
-0.09078833, 0.16128804, 0.00000000,  0, 17.04351282, 0
-0.09081893, 0.16128907, 0.00000000,  0, 17.07383704, 0
-0.09084680, 0.16129156, 0.00000000,  0, 17.10089302, 0
-0.09088900, 0.16130454, 0.00000000,  0, 17.13115692, 0
-0.09093040, 0.16131541, 0.00000000,  0, 17.16406894, 0
-0.09095671, 0.16132085, 0.00000000,  0, 17.19019604, 0
-0.09097282, 0.16130705, 0.00000000,  0, 17.22221994, 0
-0.09097445, 0.16127674, 0.00000000,  0, 17.25227284, 0
-0.09097057, 0.16124668, 0.00000000,  0, 17.28303194, 0
-0.09095500, 0.16118958, 0.00000000,  0, 17.32414794, 0
-0.09094992, 0.16112770, 0.00000000,  0, 17.35880184, 0
-0.09094214, 0.16109537, 0.00000000,  0, 17.38417292, 0
-0.09093079, 0.16102080, 0.00000000,  0, 17.42120194, 0
-0.09092977, 0.16094337, 0.00000000,  0, 17.46465302, 0
-0.09094022, 0.16091205, 0.00000000,  0, 17.49574089, 0
-0.09094748, 0.16088060, 0.00000000,  0, 17.52586293, 0
-0.09095288, 0.16084856, 0.00000000,  0, 17.55790496, 0
-0.09094095, 0.16078710, 0.00000000,  0, 17.59083104, 0
-0.09092167, 0.16073197, 0.00000000,  0, 17.62139392, 0
-0.09089905, 0.16068150, 0.00000000,  0, 17.64965701, 0
-0.09087580, 0.16063705, 0.00000000,  0, 17.67846584, 0
-0.09087947, 0.16061418, 0.00000000,  0, 17.70962095, 0
-0.09087791, 0.16059278, 0.00000000,  0, 17.73879504, 0
-0.09087838, 0.16055973, 0.00000000,  0, 17.76742101, 0
-0.09088949, 0.16052627, 0.00000000,  0, 17.79767799, 0
-0.09089746, 0.16048304, 0.00000000,  0, 17.82858086, 0
-0.09090492, 0.16042967, 0.00000000,  0, 17.86864400, 0
-0.09092358, 0.16040766, 0.00000000,  0, 17.90161300, 0
-0.09094677, 0.16038118, 0.00000000,  0, 17.93190193, 0
-0.09097155, 0.16035132, 0.00000000,  0, 17.96275187, 0
-0.09100214, 0.16033464, 0.00000000,  0, 17.99466896, 0
-0.09101986, 0.16029344, 0.00000000,  0, 18.03307104, 0
-0.09104653, 0.16027900, 0.00000000,  0, 18.06275296, 0
-0.09107330, 0.16026316, 0.00000000,  0, 18.09640503, 0
-0.09110548, 0.16026370, 0.00000000,  0, 18.12645793, 0
-0.09112938, 0.16025408, 0.00000000,  0, 18.15596700, 0
-0.09114304, 0.16023902, 0.00000000,  0, 18.18306684, 0
-0.09114035, 0.16021596, 0.00000000,  0, 18.20904803, 0
-0.09115195, 0.16021327, 0.00000000,  0, 18.24678183, 0
-0.09118459, 0.16022296, 0.00000000,  0, 18.28726482, 0
-0.09118221, 0.16020249, 0.00000000,  0, 18.31480503, 0
-0.09115979, 0.16016718, 0.00000000,  0, 18.34786201, 0
-0.09113075, 0.16012681, 0.00000000,  0, 18.38132596, 0
-0.09112647, 0.16011685, 0.00000000,  0, 18.41268682, 0
-0.09110886, 0.16009560, 0.00000000,  0, 18.44511485, 0
-0.09107609, 0.16006028, 0.00000000,  0, 18.47450590, 0
-0.09104609, 0.16002865, 0.00000000,  0, 18.50657892, 0
-0.09102515, 0.16000063, 0.00000000,  0, 18.53466487, 0
-0.09100593, 0.15994852, 0.00000000,  0, 18.57836795, 0
-0.09099649, 0.15990994, 0.00000000,  0, 18.61311293, 0
-0.09099180, 0.15986558, 0.00000000,  0, 18.64131689, 0
-0.09100206, 0.15983935, 0.00000000,  0, 18.66830397, 0
-0.09100960, 0.15981115, 0.00000000,  0, 18.70513201, 0
-0.09101848, 0.15979209, 0.00000000,  0, 18.73106885, 0
-0.09104491, 0.15978694, 0.00000000,  0, 18.75796986, 0
-0.09106983, 0.15978961, 0.00000000,  0, 18.78403091, 0
-0.09111585, 0.15980343, 0.00000000,  0, 18.81046486, 0
-0.09115205, 0.15981361, 0.00000000,  0, 18.83841395, 0
-0.09123146, 0.15985544, 0.00000000,  0, 18.87017989, 0
-0.09128102, 0.15988643, 0.00000000,  0, 18.90408492, 0
-0.09130648, 0.15990285, 0.00000000,  0, 18.92938900, 0
-0.09135396, 0.15993504, 0.00000000,  0, 18.95963383, 0
-0.09142846, 0.15998325, 0.00000000,  0, 18.99621701, 0
-0.09148166, 0.16002375, 0.00000000,  0, 19.02285194, 0
-0.09151831, 0.16005290, 0.00000000,  0, 19.05594492, 0
-0.09152960, 0.16007342, 0.00000000,  0, 19.08379793, 0
-0.09153759, 0.16007871, 0.00000000,  0, 19.11459994, 0
-0.09154586, 0.16006284, 0.00000000,  0, 19.14646792, 0
-0.09155895, 0.16005365, 0.00000000,  0, 19.17355490, 0
-0.09156648, 0.16003694, 0.00000000,  0, 19.20233393, 0
-0.09158058, 0.16001401, 0.00000000,  0, 19.23827791, 0
-0.09161197, 0.16001511, 0.00000000,  0, 19.27268481, 0
-0.09165548, 0.16001597, 0.00000000,  0, 19.30428982, 0
-0.09169493, 0.16001005, 0.00000000,  0, 19.33246303, 0
-0.09171454, 0.15998582, 0.00000000,  0, 19.36316586, 0
-0.09174258, 0.15997581, 0.00000000,  0, 19.39432693, 0
-0.09176316, 0.15994924, 0.00000000,  0, 19.42714000, 0
-0.09177773, 0.15992214, 0.00000000,  0, 19.45687604, 0
-0.09178170, 0.15988351, 0.00000000,  0, 19.48410082, 0
-0.09177462, 0.15984566, 0.00000000,  0, 19.51347303, 0
-0.09176650, 0.15980256, 0.00000000,  0, 19.54385591, 0
-0.09173089, 0.15973319, 0.00000000,  0, 19.58066297, 0
-0.09172663, 0.15971287, 0.00000000,  0, 19.61898303, 0
-0.09173893, 0.15971093, 0.00000000,  0, 19.65406084, 0
-0.09174945, 0.15971681, 0.00000000,  0, 19.68107200, 0
-0.09174967, 0.15971217, 0.00000000,  0, 19.70904589, 0
-0.09174934, 0.15970866, 0.00000000,  0, 19.73614001, 0
-0.09172947, 0.15969149, 0.00000000,  0, 19.76716805, 0
-0.09169481, 0.15967008, 0.00000000,  0, 19.79954791, 0
-0.09163780, 0.15962544, 0.00000000,  0, 19.83665085, 0
-0.09160682, 0.15960114, 0.00000000,  0, 19.87332892, 0
-0.09157981, 0.15958041, 0.00000000,  0, 19.90668082, 0
-0.09155201, 0.15955926, 0.00000000,  0, 19.93900084, 0
-0.09153087, 0.15955545, 0.00000000,  0, 19.97144699, 0
-0.09150378, 0.15954116, 0.00000000,  0, 20.00376296, 0
-0.09148135, 0.15952778, 0.00000000,  0, 20.03183794, 0
-0.09146502, 0.15951826, 0.00000000,  0, 20.05927896, 0
-0.09143302, 0.15951008, 0.00000000,  0, 20.10161495, 0
-0.09141516, 0.15950547, 0.00000000,  0, 20.13183904, 0
-0.09140292, 0.15948794, 0.00000000,  0, 20.16207504, 0
-0.09139385, 0.15947513, 0.00000000,  0, 20.19388604, 0
-0.09138739, 0.15946734, 0.00000000,  0, 20.22428703, 0
-0.09138282, 0.15947359, 0.00000000,  0, 20.25080204, 0
-0.09135823, 0.15947439, 0.00000000,  0, 20.27749205, 0
-0.09133076, 0.15946579, 0.00000000,  0, 20.30981994, 0
-0.09131173, 0.15947328, 0.00000000,  0, 20.33788896, 0
-0.09129475, 0.15948271, 0.00000000,  0, 20.37332797, 0
-0.09128794, 0.15948533, 0.00000000,  0, 20.40237093, 0
-0.09126639, 0.15947964, 0.00000000,  0, 20.42830491, 0
-0.09124094, 0.15947590, 0.00000000,  0, 20.45691204, 0
-0.09122443, 0.15947016, 0.00000000,  0, 20.48401999, 0
-0.09120085, 0.15946216, 0.00000000,  0, 20.51557398, 0
-0.09119264, 0.15945946, 0.00000000,  0, 20.54365182, 0
-0.09117246, 0.15944568, 0.00000000,  0, 20.57287693, 0
-0.09115681, 0.15943454, 0.00000000,  0, 20.59821796, 0
-0.09116026, 0.15944030, 0.00000000,  0, 20.62428403, 0
-0.09117584, 0.15945851, 0.00000000,  0, 20.65424490, 0
-0.09118751, 0.15947217, 0.00000000,  0, 20.68354201, 0
-0.09119540, 0.15948598, 0.00000000,  0, 20.71493196, 0
-0.09120292, 0.15951515, 0.00000000,  0, 20.75024605, 0
-0.09120668, 0.15953568, 0.00000000,  0, 20.78100300, 0
-0.09119826, 0.15954278, 0.00000000,  0, 20.81363297, 0
-0.09118844, 0.15956264, 0.00000000,  0, 20.84248090, 0
-0.09118344, 0.15957664, 0.00000000,  0, 20.87020397, 0
-0.09118582, 0.15961072, 0.00000000,  0, 20.89959002, 0
-0.09119518, 0.15964288, 0.00000000,  0, 20.92561293, 0
-0.09120684, 0.15967018, 0.00000000,  0, 20.95877504, 0
-0.09122560, 0.15970026, 0.00000000,  0, 20.98965096, 0
-0.09125284, 0.15973540, 0.00000000,  0, 21.02041888, 0
-0.09128062, 0.15976874, 0.00000000,  0, 21.04694295, 0
-0.09130938, 0.15980148, 0.00000000,  0, 21.07462382, 0
-0.09132363, 0.15981766, 0.00000000,  0, 21.10354781, 0
-0.09134368, 0.15984947, 0.00000000,  0, 21.13714385, 0
-0.09135380, 0.15987553, 0.00000000,  0, 21.16528797, 0
-0.09136084, 0.15990711, 0.00000000,  0, 21.19579983, 0
-0.09136990, 0.15992311, 0.00000000,  0, 21.22199583, 0
-0.09139793, 0.15995125, 0.00000000,  0, 21.25180387, 0
-0.09144802, 0.16000132, 0.00000000,  0, 21.28697300, 0
-0.09146671, 0.16002650, 0.00000000,  0, 21.31707788, 0
-0.09148799, 0.16006133, 0.00000000,  0, 21.34484482, 0
-0.09150232, 0.16008476, 0.00000000,  0, 21.37598491, 0
-0.09151274, 0.16009292, 0.00000000,  0, 21.40727401, 0
-0.09154536, 0.16009769, 0.00000000,  0, 21.44078302, 0
-0.09157423, 0.16011046, 0.00000000,  0, 21.47302485, 0
-0.09161880, 0.16014080, 0.00000000,  0, 21.51817703, 0
-0.09166544, 0.16016383, 0.00000000,  0, 21.56344485, 0
-0.09168926, 0.16017203, 0.00000000,  0, 21.59886098, 0
-0.09170643, 0.16017782, 0.00000000,  0, 21.62512898, 0
-0.09171817, 0.16018166, 0.00000000,  0, 21.65307689, 0
-0.09172416, 0.16018355, 0.00000000,  0, 21.68064404, 0
-0.09173064, 0.16018549, 0.00000000,  0, 21.70936489, 0
-0.09173512, 0.16018713, 0.00000000,  0, 21.73812795, 0
-0.09173800, 0.16020779, 0.00000000,  0, 21.77110195, 0
-0.09173078, 0.16022415, 0.00000000,  0, 21.80286193, 0
-0.09171910, 0.16024080, 0.00000000,  0, 21.83178401, 0
-0.09170824, 0.16024095, 0.00000000,  0, 21.86652803, 0
-0.09168359, 0.16023683, 0.00000000,  0, 21.90205789, 0
-0.09166283, 0.16023100, 0.00000000,  0, 21.93136287, 0
-0.09165272, 0.16021836, 0.00000000,  0, 21.96280384, 0
-0.09163222, 0.16019357, 0.00000000,  0, 21.99045682, 0
-0.09161728, 0.16017547, 0.00000000,  0, 22.02061200, 0
-0.09160978, 0.16016637, 0.00000000,  0, 22.04710293, 0
-0.09159893, 0.16015575, 0.00000000,  0, 22.07499695, 0
-0.09158425, 0.16014209, 0.00000000,  0, 22.10437393, 0
-0.09157200, 0.16012259, 0.00000000,  0, 22.13195896, 0
-0.09156274, 0.16011322, 0.00000000,  0, 22.15949392, 0
-0.09155211, 0.16010242, 0.00000000,  0, 22.18566298, 0
-0.09154449, 0.16009465, 0.00000000,  0, 22.21458387, 0
-0.09154067, 0.16009073, 0.00000000,  0, 22.24170685, 0
-0.09153047, 0.16008505, 0.00000000,  0, 22.27315998, 0
-0.09151486, 0.16008299, 0.00000000,  0, 22.30190682, 0
-0.09148748, 0.16008067, 0.00000000,  0, 22.33016491, 0
-0.09146815, 0.16008092, 0.00000000,  0, 22.35440087, 0
-0.09145849, 0.16008927, 0.00000000,  0, 22.38266683, 0
-0.09144781, 0.16008499, 0.00000000,  0, 22.41407299, 0
-0.09143806, 0.16008100, 0.00000000,  0, 22.44690800, 0
-0.09143324, 0.16007897, 0.00000000,  0, 22.47654796, 0
-0.09142839, 0.16007746, 0.00000000,  0, 22.50703692, 0
-0.09141593, 0.16007679, 0.00000000,  0, 22.53553200, 0
-0.09140226, 0.16009106, 0.00000000,  0, 22.56466985, 0
-0.09140125, 0.16011043, 0.00000000,  0, 22.59353185, 0
-0.09140717, 0.16012866, 0.00000000,  0, 22.62335491, 0
-0.09141131, 0.16012794, 0.00000000,  0, 22.65182495, 0
-0.09142536, 0.16012736, 0.00000000,  0, 22.68308401, 0
-0.09143969, 0.16012330, 0.00000000,  0, 22.71182704, 0
-0.09144178, 0.16010854, 0.00000000,  0, 22.74455404, 0
-0.09144864, 0.16012320, 0.00000000,  0, 22.77607489, 0
-0.09146183, 0.16014467, 0.00000000,  0, 22.80559993, 0
-0.09148144, 0.16017024, 0.00000000,  0, 22.83685088, 0
-0.09149516, 0.16018807, 0.00000000,  0, 22.86575294, 0
-0.09150763, 0.16020315, 0.00000000,  0, 22.90422392, 0
-0.09150900, 0.16019110, 0.00000000,  0, 22.93326783, 0
-0.09149928, 0.16017150, 0.00000000,  0, 22.96357989, 0
-0.09149263, 0.16014711, 0.00000000,  0, 22.99710584, 0
-0.09148788, 0.16014063, 0.00000000,  0, 23.02442193, 0
-0.09148417, 0.16013563, 0.00000000,  0, 23.05645585, 0
-0.09147119, 0.16012173, 0.00000000,  0, 23.09054589, 0
-0.09147258, 0.16012240, 0.00000000,  0, 23.12369990, 0
-0.09147311, 0.16012305, 0.00000000,  0, 23.16557789, 0
-0.09145133, 0.16010814, 0.00000000,  0, 23.21870399, 0
-0.09143058, 0.16010968, 0.00000000,  0, 23.27119803, 0
-0.09140372, 0.16011573, 0.00000000,  0, 23.32118702, 0
-0.09139263, 0.16010079, 0.00000000,  0, 23.37058687, 0
-0.09140588, 0.16006420, 0.00000000,  0, 23.42075896, 0
-0.09141224, 0.16004678, 0.00000000,  0, 23.46482491, 0
-0.09141551, 0.16003796, 0.00000000,  0, 23.49402905, 0
-0.09143164, 0.16003181, 0.00000000,  0, 23.52210593, 0
-0.09144474, 0.16002049, 0.00000000,  0, 23.55179787, 0
-0.09145769, 0.16000255, 0.00000000,  0, 23.57912683, 0
-0.09146851, 0.15997518, 0.00000000,  0, 23.60917187, 0
-0.09147103, 0.15997115, 0.00000000,  0, 23.63748693, 0
-0.09147542, 0.15997057, 0.00000000,  0, 23.68102789, 0
-0.09149593, 0.15998800, 0.00000000,  0, 23.71724892, 0
-0.09150301, 0.15999405, 0.00000000,  0, 23.74254489, 0
-0.09149654, 0.15998646, 0.00000000,  0, 23.77050686, 0
-0.09149096, 0.15998011, 0.00000000,  0, 23.79869699, 0
-0.09148084, 0.15996964, 0.00000000,  0, 23.82474804, 0
-0.09145244, 0.15994087, 0.00000000,  0, 23.84930897, 0
-0.09143593, 0.15992421, 0.00000000,  0, 23.87484384, 0
-0.09143490, 0.15990849, 0.00000000,  0, 23.90381384, 0
-0.09143895, 0.15990941, 0.00000000,  0, 23.93375087, 0
-0.09143448, 0.15989785, 0.00000000,  0, 23.96401596, 0
-0.09143143, 0.15988125, 0.00000000,  0, 23.99191499, 0
-0.09142918, 0.15985889, 0.00000000,  0, 24.02631998, 0
-0.09142764, 0.15984640, 0.00000000,  0, 24.05510497, 0
-0.09142657, 0.15985020, 0.00000000,  0, 24.08757997, 0
-0.09142582, 0.15984155, 0.00000000,  0, 24.11762190, 0
-0.09144050, 0.15984243, 0.00000000,  0, 24.14521098, 0
-0.09145135, 0.15983211, 0.00000000,  0, 24.17134094, 0
-0.09145666, 0.15983525, 0.00000000,  0, 24.19933701, 0
-0.09144955, 0.15984283, 0.00000000,  0, 24.22540784, 0
-0.09142163, 0.15984272, 0.00000000,  0, 24.25474596, 0
-0.09138139, 0.15982277, 0.00000000,  0, 24.28319883, 0
-0.09133618, 0.15979189, 0.00000000,  0, 24.31380486, 0
-0.09131965, 0.15978436, 0.00000000,  0, 24.33954096, 0
-0.09126801, 0.15975022, 0.00000000,  0, 24.37579584, 0
-0.09122135, 0.15969138, 0.00000000,  0, 24.41106892, 0
-0.09118742, 0.15964816, 0.00000000,  0, 24.44268203, 0
-0.09116342, 0.15961568, 0.00000000,  0, 24.47184682, 0
-0.09114684, 0.15957972, 0.00000000,  0, 24.50247598, 0
-0.09113487, 0.15955364, 0.00000000,  0, 24.53241301, 0
-0.09112671, 0.15951797, 0.00000000,  0, 24.56001997, 0
-0.09112103, 0.15947170, 0.00000000,  0, 24.58913302, 0
-0.09111605, 0.15940565, 0.00000000,  0, 24.61890984, 0
-0.09109854, 0.15933430, 0.00000000,  0, 24.64979291, 0
-0.09108581, 0.15926222, 0.00000000,  0, 24.68210292, 0
-0.09106375, 0.15919013, 0.00000000,  0, 24.71384096, 0
-0.09104635, 0.15911792, 0.00000000,  0, 24.74429703, 0
-0.09102236, 0.15904567, 0.00000000,  0, 24.77634501, 0
-0.09098265, 0.15898835, 0.00000000,  0, 24.80422282, 0
-0.09092522, 0.15893590, 0.00000000,  0, 24.83248401, 0
-0.09085492, 0.15889739, 0.00000000,  0, 24.86092091, 0
-0.09077002, 0.15885108, 0.00000000,  0, 24.89278793, 0
-0.09071022, 0.15881097, 0.00000000,  0, 24.92004895, 0
-0.09056922, 0.15868054, 0.00000000,  0, 24.95199394, 0
-0.09048842, 0.15858685, 0.00000000,  0, 24.98027682, 0
-0.09025469, 0.15825660, 0.00000000,  0, 25.02786899, 0
-0.09001607, 0.15786495, 0.00000000,  0, 25.07465100, 0
-0.08981423, 0.15747813, 0.00000000,  0, 25.12727785, 0
-0.08969767, 0.15716490, 0.00000000,  0, 25.16645002, 0
-0.08961583, 0.15694914, 0.00000000,  0, 25.19613099, 0
-0.08953693, 0.15674436, 0.00000000,  0, 25.22766304, 0
-0.08946001, 0.15654933, 0.00000000,  0, 25.25618696, 0
-0.08938494, 0.15639777, 0.00000000,  0, 25.28762889, 0
-0.08931096, 0.15628840, 0.00000000,  0, 25.32570791, 0
-0.08923207, 0.15622764, 0.00000000,  0, 25.36522698, 0
-0.08917190, 0.15623181, 0.00000000,  0, 25.40153193, 0
-0.08915325, 0.15624888, 0.00000000,  0, 25.43007803, 0
-0.08914586, 0.15632371, 0.00000000,  0, 25.45895481, 0
-0.08913946, 0.15639942, 0.00000000,  0, 25.48499703, 0
-0.08911406, 0.15656838, 0.00000000,  0, 25.51643395, 0
-0.08907608, 0.15679286, 0.00000000,  0, 25.54513884, 0
-0.08902782, 0.15704823, 0.00000000,  0, 25.57655191, 0
-0.08896453, 0.15732564, 0.00000000,  0, 25.60436201, 0
-0.08891637, 0.15753123, 0.00000000,  0, 25.62988400, 0
-0.08884449, 0.15784339, 0.00000000,  0, 25.65913796, 0
-0.08876678, 0.15815747, 0.00000000,  0, 25.68939900, 0
-0.08868126, 0.15848516, 0.00000000,  0, 25.71989393, 0
-0.08858399, 0.15882824, 0.00000000,  0, 25.74810100, 0
-0.08847309, 0.15918438, 0.00000000,  0, 25.77496600, 0
-0.08836507, 0.15952274, 0.00000000,  0, 25.80903387, 0
-0.08826892, 0.15984160, 0.00000000,  0, 25.84049296, 0
-0.08817970, 0.16013354, 0.00000000,  0, 25.87423301, 0
-0.08811118, 0.16040280, 0.00000000,  0, 25.90297604, 0
-0.08806420, 0.16062339, 0.00000000,  0, 25.93246698, 0
-0.08801976, 0.16080572, 0.00000000,  0, 25.96103787, 0
-0.08797105, 0.16095341, 0.00000000,  0, 25.99169493, 0
-0.08792659, 0.16108794, 0.00000000,  0, 26.03439403, 0
-0.08791294, 0.16113802, 0.00000000,  0, 26.06419396, 0
-0.08793340, 0.16116127, 0.00000000,  0, 26.10282803, 0
-0.08796876, 0.16114784, 0.00000000,  0, 26.13300300, 0
-0.08801627, 0.16111343, 0.00000000,  0, 26.16241002, 0
-0.08806584, 0.16105962, 0.00000000,  0, 26.19158292, 0
-0.08810259, 0.16099709, 0.00000000,  0, 26.22616100, 0
-0.08813250, 0.16092568, 0.00000000,  0, 26.25402999, 0
-0.08817463, 0.16085289, 0.00000000,  0, 26.28581285, 0
-0.08821333, 0.16077911, 0.00000000,  0, 26.31831884, 0
-0.08822128, 0.16072408, 0.00000000,  0, 26.34227991, 0
-0.08819901, 0.16069203, 0.00000000,  0, 26.37165594, 0
-0.08817011, 0.16067130, 0.00000000,  0, 26.39894605, 0
-0.08809434, 0.16063826, 0.00000000,  0, 26.43418002, 0
-0.08802294, 0.16060791, 0.00000000,  0, 26.46787000, 0
-0.08796678, 0.16056344, 0.00000000,  0, 26.49794102, 0
-0.08790644, 0.16052013, 0.00000000,  0, 26.52704096, 0
-0.08782112, 0.16045571, 0.00000000,  0, 26.56851196, 0
-0.08775477, 0.16039873, 0.00000000,  0, 26.60117698, 0
-0.08768688, 0.16034080, 0.00000000,  0, 26.62572503, 0
-0.08764110, 0.16031086, 0.00000000,  0, 26.65239692, 0
-0.08757169, 0.16026893, 0.00000000,  0, 26.67998004, 0
-0.08748966, 0.16022957, 0.00000000,  0, 26.70746398, 0
-0.08741263, 0.16022128, 0.00000000,  0, 26.73526692, 0
-0.08725753, 0.16019909, 0.00000000,  0, 26.77304292, 0
-0.08712455, 0.16014837, 0.00000000,  0, 26.81796288, 0
-0.08698830, 0.16010330, 0.00000000,  0, 26.85849190, 0
-0.08688306, 0.16009176, 0.00000000,  0, 26.88502693, 0
-0.08678423, 0.16008779, 0.00000000,  0, 26.91570497, 0
-0.08669317, 0.16008475, 0.00000000,  0, 26.94585586, 0
-0.08660808, 0.16009590, 0.00000000,  0, 26.97547793, 0
-0.08653337, 0.16012648, 0.00000000,  0, 27.00899887, 0
-0.08647993, 0.16016852, 0.00000000,  0, 27.03712392, 0
-0.08644094, 0.16021992, 0.00000000,  0, 27.07027793, 0
-0.08640162, 0.16027750, 0.00000000,  0, 27.09945393, 0
-0.08636105, 0.16037163, 0.00000000,  0, 27.15021086, 0
-0.08632719, 0.16047976, 0.00000000,  0, 27.19746089, 0
-0.08632497, 0.16058542, 0.00000000,  0, 27.24980903, 0
-0.08634056, 0.16064791, 0.00000000,  0, 27.28436995, 0
-0.08639212, 0.16072708, 0.00000000,  0, 27.31850600, 0
-0.08643096, 0.16076302, 0.00000000,  0, 27.34501004, 0
-0.08649395, 0.16082170, 0.00000000,  0, 27.37521482, 0
-0.08656108, 0.16088459, 0.00000000,  0, 27.40234089, 0
-0.08663082, 0.16095015, 0.00000000,  0, 27.43229389, 0
-0.08670232, 0.16101757, 0.00000000,  0, 27.46124387, 0
-0.08677491, 0.16109342, 0.00000000,  0, 27.49055099, 0
-0.08684838, 0.16117654, 0.00000000,  0, 27.52129102, 0
-0.08690378, 0.16125651, 0.00000000,  0, 27.54986501, 0
-0.08693258, 0.16130856, 0.00000000,  0, 27.57776690, 0
-0.08696458, 0.16138494, 0.00000000,  0, 27.60696483, 0
-0.08697546, 0.16148489, 0.00000000,  0, 27.63399482, 0
-0.08697464, 0.16158803, 0.00000000,  0, 27.66215181, 0
-0.08695437, 0.16170241, 0.00000000,  0, 27.69199800, 0
-0.08693172, 0.16178406, 0.00000000,  0, 27.71948791, 0
-0.08688611, 0.16191429, 0.00000000,  0, 27.74863887, 0
-0.08681274, 0.16206860, 0.00000000,  0, 27.78139281, 0
-0.08666337, 0.16232234, 0.00000000,  0, 27.81406689, 0
-0.08646298, 0.16262408, 0.00000000,  0, 27.85586596, 0
-0.08634896, 0.16278799, 0.00000000,  0, 27.88265896, 0
-0.08610218, 0.16313371, 0.00000000,  0, 27.91948605, 0
-0.08590019, 0.16338914, 0.00000000,  0, 27.94788384, 0
-0.08569289, 0.16365369, 0.00000000,  0, 27.97879291, 0
-0.08547107, 0.16391220, 0.00000000,  0, 28.01303887, 0
-0.08520176, 0.16417803, 0.00000000,  0, 28.04140091, 0
-0.08488667, 0.16443920, 0.00000000,  0, 28.07405281, 0
-0.08454736, 0.16470055, 0.00000000,  0, 28.10584784, 0
-0.08419000, 0.16494131, 0.00000000,  0, 28.13314891, 0
-0.08383098, 0.16514064, 0.00000000,  0, 28.16309595, 0
-0.08334981, 0.16537718, 0.00000000,  0, 28.20124292, 0
-0.08286750, 0.16559601, 0.00000000,  0, 28.24201894, 0
-0.08238554, 0.16580336, 0.00000000,  0, 28.28570485, 0
-0.08202376, 0.16596575, 0.00000000,  0, 28.31962204, 0
-0.08163563, 0.16616277, 0.00000000,  0, 28.35154104, 0
-0.08128473, 0.16632439, 0.00000000,  0, 28.37986183, 0
-0.08095365, 0.16649674, 0.00000000,  0, 28.40709686, 0
-0.08063489, 0.16667382, 0.00000000,  0, 28.43618393, 0
-0.08031446, 0.16686229, 0.00000000,  0, 28.46665382, 0
-0.08009279, 0.16698563, 0.00000000,  0, 28.49333096, 0
-0.07976395, 0.16717838, 0.00000000,  0, 28.52285790, 0
-0.07941614, 0.16737652, 0.00000000,  0, 28.55194092, 0
-0.07907822, 0.16756765, 0.00000000,  0, 28.57961583, 0
-0.07873673, 0.16778876, 0.00000000,  0, 28.61114287, 0
-0.07838148, 0.16804594, 0.00000000,  0, 28.64251399, 0
-0.07798868, 0.16832107, 0.00000000,  0, 28.67411995, 0
-0.07758246, 0.16862033, 0.00000000,  0, 28.70382690, 0
-0.07715669, 0.16893594, 0.00000000,  0, 28.73716092, 0
-0.07638679, 0.16949374, 0.00000000,  0, 28.78512287, 0
-0.07591165, 0.16984922, 0.00000000,  0, 28.81502199, 0
-0.07540598, 0.17022111, 0.00000000,  0, 28.84210396, 0
-0.07486309, 0.17060483, 0.00000000,  0, 28.87276793, 0
-0.07449144, 0.17086122, 0.00000000,  0, 28.89850497, 0
-0.07374483, 0.17137483, 0.00000000,  0, 28.93844795, 0
-0.07319133, 0.17175073, 0.00000000,  0, 28.97122002, 0
-0.07242738, 0.17224309, 0.00000000,  0, 29.00328588, 0
-0.07202250, 0.17249227, 0.00000000,  0, 29.03097486, 0
-0.07142609, 0.17285053, 0.00000000,  0, 29.06139588, 0
-0.07085334, 0.17318290, 0.00000000,  0, 29.09156299, 0
-0.07006621, 0.17362074, 0.00000000,  0, 29.13037896, 0
-0.06950659, 0.17390773, 0.00000000,  0, 29.16360497, 0
-0.06888480, 0.17420367, 0.00000000,  0, 29.19233584, 0
-0.06821365, 0.17449525, 0.00000000,  0, 29.22182989, 0
-0.06751312, 0.17479043, 0.00000000,  0, 29.25052595, 0
-0.06682038, 0.17509017, 0.00000000,  0, 29.28524184, 0
-0.06567706, 0.17561679, 0.00000000,  0, 29.33247304, 0
-0.06460675, 0.17616524, 0.00000000,  0, 29.38252282, 0
-0.06396124, 0.17649944, 0.00000000,  0, 29.41055584, 0
-0.06338018, 0.17678274, 0.00000000,  0, 29.44162297, 0
-0.06288686, 0.17700349, 0.00000000,  0, 29.47427797, 0
-0.06227285, 0.17727973, 0.00000000,  0, 29.51323295, 0
-0.06189939, 0.17742346, 0.00000000,  0, 29.54574084, 0
-0.06158051, 0.17752536, 0.00000000,  0, 29.57686186, 0
-0.06113052, 0.17765993, 0.00000000,  0, 29.61935687, 0
-0.06069527, 0.17779213, 0.00000000,  0, 29.66302490, 0
-0.06018959, 0.17789592, 0.00000000,  0, 29.70757484, 0
-0.05997549, 0.17790255, 0.00000000,  0, 29.74126697, 0
-0.05978537, 0.17790561, 0.00000000,  0, 29.78060484, 0
-0.05970689, 0.17789253, 0.00000000,  0, 29.81043983, 0
-0.05972853, 0.17782654, 0.00000000,  0, 29.84145403, 0
-0.05983443, 0.17767339, 0.00000000,  0, 29.87675881, 0
-0.05994917, 0.17754053, 0.00000000,  0, 29.90950584, 0
-0.06002720, 0.17745516, 0.00000000,  0, 29.94022202, 0
-0.06014734, 0.17735229, 0.00000000,  0, 29.97051692, 0
-0.06026068, 0.17725431, 0.00000000,  0, 30.00197387, 0
-0.06035013, 0.17714921, 0.00000000,  0, 30.03256989, 0
-0.06040246, 0.17705038, 0.00000000,  0, 30.06045890, 0
-0.06045500, 0.17696399, 0.00000000,  0, 30.08877301, 0
-0.06054695, 0.17679896, 0.00000000,  0, 30.12130594, 0
-0.06059920, 0.17668035, 0.00000000,  0, 30.15140486, 0
-0.06060944, 0.17659654, 0.00000000,  0, 30.18478894, 0
-0.06052924, 0.17656864, 0.00000000,  0, 30.21709895, 0
-0.06023639, 0.17666972, 0.00000000,  0, 30.24520087, 0
-0.05979557, 0.17687255, 0.00000000,  0, 30.27716303, 0
-0.05933702, 0.17708654, 0.00000000,  0, 30.30964184, 0
-0.05872214, 0.17740393, 0.00000000,  0, 30.34067392, 0
-0.05798334, 0.17780319, 0.00000000,  0, 30.37020588, 0
-0.05726651, 0.17817438, 0.00000000,  0, 30.39840102, 0
-0.05655279, 0.17853772, 0.00000000,  0, 30.42783689, 0
-0.05617744, 0.17871009, 0.00000000,  0, 30.45470190, 0
-0.05575668, 0.17888432, 0.00000000,  0, 30.48458886, 0
-0.05532104, 0.17909226, 0.00000000,  0, 30.51340199, 0
-0.05483363, 0.17938877, 0.00000000,  0, 30.54087400, 0
-0.05443383, 0.17966887, 0.00000000,  0, 30.56934190, 0
-0.05395190, 0.18001993, 0.00000000,  0, 30.59982491, 0
-0.05356894, 0.18028088, 0.00000000,  0, 30.62829995, 0
-0.05293834, 0.18071703, 0.00000000,  0, 30.65694690, 0
-0.05199595, 0.18134452, 0.00000000,  0, 30.69088984, 0
-0.05120559, 0.18184430, 0.00000000,  0, 30.72134900, 0
-0.05046563, 0.18228718, 0.00000000,  0, 30.75323796, 0
-0.04977171, 0.18268003, 0.00000000,  0, 30.78305888, 0
-0.04904127, 0.18308263, 0.00000000,  0, 30.81410503, 0
-0.04834506, 0.18347086, 0.00000000,  0, 30.84635997, 0
-0.04782248, 0.18373068, 0.00000000,  0, 30.87624097, 0
-0.04739880, 0.18388591, 0.00000000,  0, 30.90341401, 0
-0.04717517, 0.18393365, 0.00000000,  0, 30.92901897, 0
-0.04672575, 0.18404417, 0.00000000,  0, 30.95566893, 0
-0.04613324, 0.18423166, 0.00000000,  0, 30.98677492, 0
-0.04540649, 0.18449679, 0.00000000,  0, 31.01762295, 0
-0.04452308, 0.18486829, 0.00000000,  0, 31.04900193, 0
-0.04388994, 0.18514934, 0.00000000,  0, 31.07477093, 0
-0.04288887, 0.18561020, 0.00000000,  0, 31.10168695, 0
-0.04181239, 0.18613751, 0.00000000,  0, 31.13182402, 0
-0.04037584, 0.18690666, 0.00000000,  0, 31.17299795, 0
-0.03893163, 0.18773712, 0.00000000,  0, 31.21301103, 0
-0.03791419, 0.18834789, 0.00000000,  0, 31.24095082, 0
-0.03694198, 0.18894867, 0.00000000,  0, 31.27209687, 0
-0.03598527, 0.18952996, 0.00000000,  0, 31.30240488, 0
-0.03505870, 0.19006911, 0.00000000,  0, 31.33341789, 0
-0.03416748, 0.19056724, 0.00000000,  0, 31.36442590, 0
-0.03328806, 0.19102430, 0.00000000,  0, 31.39286184, 0
-0.03243194, 0.19144828, 0.00000000,  0, 31.42388296, 0
-0.03158875, 0.19186065, 0.00000000,  0, 31.45273685, 0
-0.03077572, 0.19226578, 0.00000000,  0, 31.48236990, 0
-0.02995786, 0.19268678, 0.00000000,  0, 31.51441383, 0
-0.02912138, 0.19310824, 0.00000000,  0, 31.54741383, 0
-0.02831169, 0.19354843, 0.00000000,  0, 31.57951403, 0
-0.02751344, 0.19399513, 0.00000000,  0, 31.60412693, 0
-0.02697037, 0.19430407, 0.00000000,  0, 31.63274693, 0
-0.02615534, 0.19476790, 0.00000000,  0, 31.66314387, 0
-0.02498307, 0.19542465, 0.00000000,  0, 31.69570589, 0
-0.02394014, 0.19598829, 0.00000000,  0, 31.73587489, 0
-0.02351953, 0.19622427, 0.00000000,  0, 31.76472092, 0
-0.02281178, 0.19662954, 0.00000000,  0, 31.79698801, 0
-0.02247689, 0.19682324, 0.00000000,  0, 31.82671905, 0
-0.02214249, 0.19701522, 0.00000000,  0, 31.85808802, 0
-0.02180354, 0.19719468, 0.00000000,  0, 31.89646888, 0
-0.02120857, 0.19756856, 0.00000000,  0, 31.93064499, 0
-0.02066351, 0.19791000, 0.00000000,  0, 31.96022892, 0
-0.02022562, 0.19817937, 0.00000000,  0, 31.98744202, 0
-0.01947811, 0.19864496, 0.00000000,  0, 32.01631403, 0
-0.01865055, 0.19918232, 0.00000000,  0, 32.04865503, 0
-0.01777996, 0.19979763, 0.00000000,  0, 32.07804799, 0
-0.01690509, 0.20045861, 0.00000000,  0, 32.10592294, 0
-0.01607085, 0.20111556, 0.00000000,  0, 32.13519192, 0
-0.01528862, 0.20174934, 0.00000000,  0, 32.16394401, 0
-0.01478355, 0.20218961, 0.00000000,  0, 32.19217587, 0
-0.01456551, 0.20239330, 0.00000000,  0, 32.21779299, 0
-0.01439291, 0.20259017, 0.00000000,  0, 32.24588585, 0
-0.01437051, 0.20264754, 0.00000000,  0, 32.27547884, 0
-0.01442471, 0.20261466, 0.00000000,  0, 32.30130386, 0
-0.01457767, 0.20250890, 0.00000000,  0, 32.33054090, 0
-0.01481857, 0.20232651, 0.00000000,  0, 32.36070704, 0
-0.01514791, 0.20207773, 0.00000000,  0, 32.39013481, 0
-0.01552231, 0.20179442, 0.00000000,  0, 32.42092085, 0
-0.01590259, 0.20151373, 0.00000000,  0, 32.45062685, 0
-0.01631480, 0.20117744, 0.00000000,  0, 32.48060894, 0
-0.01674259, 0.20081768, 0.00000000,  0, 32.51297498, 0
-0.01716302, 0.20043770, 0.00000000,  0, 32.54565191, 0
-0.01754886, 0.20002054, 0.00000000,  0, 32.58057404, 0
-0.01745384, 0.19994498, 0.00000000,  0, 32.61241293, 0
-0.01703673, 0.20009160, 0.00000000,  0, 32.64307284, 0
-0.01607421, 0.20056416, 0.00000000,  0, 32.68650103, 0
-0.01465427, 0.20135339, 0.00000000,  0, 32.73007393, 0
-0.01286651, 0.20242298, 0.00000000,  0, 32.76669002, 0
-0.01137895, 0.20334627, 0.00000000,  0, 32.79813790, 0
-0.00984005, 0.20432899, 0.00000000,  0, 32.82483602, 0
-0.00880541, 0.20501311, 0.00000000,  0, 32.85144901, 0
-0.00726353, 0.20610531, 0.00000000,  0, 32.87678790, 0
-0.00535712, 0.20754195, 0.00000000,  0, 32.91997600, 0
-0.00364725, 0.20889550, 0.00000000,  0, 32.95630002, 0
-0.00288393, 0.20949356, 0.00000000,  0, 32.98318696, 0
-0.00184462, 0.21029585, 0.00000000,  0, 33.01028395, 0
-0.00095301, 0.21097687, 0.00000000,  0, 33.04193687, 0
-0.00035586, 0.21144425, 0.00000000,  0, 33.07197285, 0
0.00003260, 0.21171275, 0.00000000,  0, 33.09742785, 0
0.00026958, 0.21183739, 0.00000000,  0, 33.12685299, 0
0.00030622, 0.21180859, 0.00000000,  0, 33.15521789, 0
0.00023830, 0.21167710, 0.00000000,  0, 33.18592691, 0
0.00011118, 0.21147826, 0.00000000,  0, 33.21638083, 0
0.00012655, 0.21134969, 0.00000000,  0, 33.24956298, 0
0.00015031, 0.21129274, 0.00000000,  0, 33.27731800, 0
0.00014115, 0.21117777, 0.00000000,  0, 33.30556989, 0
0.00026024, 0.21113805, 0.00000000,  0, 33.33591890, 0
0.00045340, 0.21112643, 0.00000000,  0, 33.36401987, 0
0.00082411, 0.21125151, 0.00000000,  0, 33.39349103, 0
0.00115333, 0.21139767, 0.00000000,  0, 33.41922092, 0
0.00193177, 0.21178558, 0.00000000,  0, 33.45727801, 0
0.00282879, 0.21230323, 0.00000000,  0, 33.49742794, 0
0.00378190, 0.21293307, 0.00000000,  0, 33.53228498, 0
0.00422682, 0.21325071, 0.00000000,  0, 33.55903888, 0
0.00477830, 0.21367611, 0.00000000,  0, 33.58991194, 0
0.00519877, 0.21402477, 0.00000000,  0, 33.61803794, 0
0.00541819, 0.21422933, 0.00000000,  0, 33.64600801, 0
0.00545873, 0.21431611, 0.00000000,  0, 33.67521882, 0
0.00536954, 0.21427976, 0.00000000,  0, 33.70966697, 0
0.00516769, 0.21415762, 0.00000000,  0, 33.74936104, 0
0.00497934, 0.21403773, 0.00000000,  0, 33.78371286, 0
0.00474738, 0.21389521, 0.00000000,  0, 33.81723595, 0
0.00478463, 0.21395065, 0.00000000,  0, 33.84553599, 0
0.00512502, 0.21431073, 0.00000000,  0, 33.89111781, 0
0.00553344, 0.21469461, 0.00000000,  0, 33.91991901, 0
0.00611543, 0.21521721, 0.00000000,  0, 33.95028996, 0
0.00657548, 0.21562828, 0.00000000,  0, 33.97831297, 0
0.00758245, 0.21654003, 0.00000000,  0, 34.01047301, 0
0.00811032, 0.21701139, 0.00000000,  0, 34.03800583, 0
0.00888645, 0.21768855, 0.00000000,  0, 34.06630898, 0
0.00963804, 0.21833027, 0.00000000,  0, 34.09434605, 0
0.01012243, 0.21874230, 0.00000000,  0, 34.12193584, 0
0.01035918, 0.21895330, 0.00000000,  0, 34.15357804, 0
0.01047125, 0.21905298, 0.00000000,  0, 34.19563103, 0
0.01040261, 0.21897797, 0.00000000,  0, 34.22622395, 0
0.01017867, 0.21880093, 0.00000000,  0, 34.25594187, 0
0.00986444, 0.21854836, 0.00000000,  0, 34.28668404, 0
0.00954104, 0.21827105, 0.00000000,  0, 34.31834698, 0
0.00915989, 0.21793739, 0.00000000,  0, 34.34751487, 0
0.00867237, 0.21754660, 0.00000000,  0, 34.37858796, 0
0.00813249, 0.21712472, 0.00000000,  0, 34.40576696, 0
0.00780520, 0.21681352, 0.00000000,  0, 34.43083382, 0
0.00740673, 0.21641068, 0.00000000,  0, 34.46026087, 0
0.00699622, 0.21599911, 0.00000000,  0, 34.49084997, 0
0.00661161, 0.21559704, 0.00000000,  0, 34.52147293, 0
0.00621741, 0.21521077, 0.00000000,  0, 34.55031896, 0
0.00583557, 0.21483525, 0.00000000,  0, 34.57905793, 0
0.00571161, 0.21462458, 0.00000000,  0, 34.61116290, 0
0.00567582, 0.21449143, 0.00000000,  0, 34.63986492, 0
0.00581156, 0.21453021, 0.00000000,  0, 34.66758204, 0
0.00620091, 0.21474033, 0.00000000,  0, 34.69581890, 0
0.00678431, 0.21511455, 0.00000000,  0, 34.72520685, 0
0.00746542, 0.21557585, 0.00000000,  0, 34.75704503, 0
0.00798828, 0.21592150, 0.00000000,  0, 34.78726888, 0
0.00823507, 0.21605909, 0.00000000,  0, 34.81499791, 0
0.00833420, 0.21609041, 0.00000000,  0, 34.84166884, 0
0.00846961, 0.21617776, 0.00000000,  0, 34.86786795, 0
0.00856955, 0.21623906, 0.00000000,  0, 34.89738703, 0
0.00868367, 0.21632742, 0.00000000,  0, 34.92294884, 0
