-0.06792214, 0.03512248, 0.00000000,  0, 0.00014710, 0
0.02174647, 0.08229162, 0.00000000,  1, 0.00014710, 0
0.00000000, -0.00180555, 0.00000000,  1, 16.02901411, 0
0.00017521, -0.00576120, 0.00000000,  1, 16.05632520, 0
0.00049123, -0.00899436, 0.00000000,  1, 16.08353209, 0
0.00117275, -0.01433280, 0.00000000,  1, 16.10934520, 0
0.00197784, -0.01984825, 0.00000000,  1, 16.13859606, 0
0.00254796, -0.02352644, 0.00000000,  1, 16.16461110, 0
0.00340356, -0.02904643, 0.00000000,  1, 16.19402504, 0
0.00426099, -0.03457822, 0.00000000,  1, 16.22374415, 0
0.00511609, -0.04009497, 0.00000000,  1, 16.25175500, 0
0.00594437, -0.04561241, 0.00000000,  1, 16.28127003, 0
0.00636893, -0.05113912, 0.00000000,  1, 16.31042910, 0
0.00638446, -0.05617910, 0.00000000,  1, 16.33965611, 0
0.00638446, -0.05948391, 0.00000000,  1, 16.36745811, 0
0.00638446, -0.06610960, 0.00000000,  1, 16.39987206, 0
0.00638446, -0.07107268, 0.00000000,  1, 16.43405819, 0
0.00638446, -0.07603292, 0.00000000,  1, 16.46474314, 0
0.00638446, -0.08098827, 0.00000000,  1, 16.49617815, 0
0.00638446, -0.08635060, 0.00000000,  1, 16.52444506, 0
0.00643632, -0.09186912, 0.00000000,  1, 16.55072904, 0
0.00661327, -0.09554839, 0.00000000,  1, 16.57820010, 0
0.00713795, -0.10115661, 0.00000000,  1, 16.60551119, 0
0.00766287, -0.10668206, 0.00000000,  1, 16.63341117, 0
0.00818922, -0.11222261, 0.00000000,  1, 16.66567898, 0
0.00871410, -0.11774768, 0.00000000,  1, 16.69994712, 0
0.00923828, -0.12326533, 0.00000000,  1, 16.73093510, 0
0.00976238, -0.12878221, 0.00000000,  1, 16.76227903, 0
0.01028622, -0.13429622, 0.00000000,  1, 16.78868699, 0
0.01081043, -0.13981423, 0.00000000,  1, 16.82079601, 0
0.01146585, -0.14716641, 0.00000000,  1, 16.85450506, 0
0.01179666, -0.15267986, 0.00000000,  1, 16.88681197, 0
0.01199696, -0.15635970, 0.00000000,  1, 16.91218019, 0
0.01238558, -0.16371530, 0.00000000,  1, 16.95179105, 0
0.01268273, -0.16934259, 0.00000000,  1, 16.98337412, 0
0.01314257, -0.17669494, 0.00000000,  1, 17.02614403, 0
0.01366668, -0.18221186, 0.00000000,  1, 17.05333519, 0
0.01453568, -0.19141169, 0.00000000,  1, 17.10529804, 0
0.01480432, -0.20060260, 0.00000000,  1, 17.14890718, 0
0.01477623, -0.20611770, 0.00000000,  1, 17.17978406, 0
0.01429411, -0.21163952, 0.00000000,  1, 17.21050811, 0
0.01252559, -0.21898549, 0.00000000,  1, 17.25186419, 0
0.01032893, -0.22449968, 0.00000000,  1, 17.28427315, 0
0.00754309, -0.23002662, 0.00000000,  1, 17.31192398, 0
0.00537460, -0.23376805, 0.00000000,  1, 17.33719301, 0
0.00171919, -0.23927767, 0.00000000,  1, 17.36791420, 0
-0.00247579, -0.24443742, 0.00000000,  1, 17.39762712, 0
-0.00721882, -0.24920126, 0.00000000,  1, 17.42698503, 0
-0.01211636, -0.25383773, 0.00000000,  1, 17.45565009, 0
-0.01740267, -0.25798596, 0.00000000,  1, 17.48867917, 0
-0.02291651, -0.26121090, 0.00000000,  1, 17.51512599, 0
-0.02659414, -0.26260057, 0.00000000,  1, 17.54088116, 0
-0.03211539, -0.26418402, 0.00000000,  1, 17.57210898, 0
-0.03763647, -0.26500552, 0.00000000,  1, 17.60313702, 0
-0.04499320, -0.26514984, 0.00000000,  1, 17.63567615, 0
-0.04867356, -0.26507724, 0.00000000,  1, 17.66327500, 0
-0.05419339, -0.26432128, 0.00000000,  1, 17.69254804, 0
-0.05971520, -0.26272083, 0.00000000,  1, 17.72208810, 0
-0.06522722, -0.26022916, 0.00000000,  1, 17.75023699, 0
-0.07074211, -0.25709787, 0.00000000,  1, 17.78320718, 0
-0.07603642, -0.25346646, 0.00000000,  1, 17.81561804, 0
-0.08262059, -0.24810117, 0.00000000,  1, 17.84791517, 0
-0.08734617, -0.24376790, 0.00000000,  1, 17.87913418, 0
-0.09181962, -0.23914738, 0.00000000,  1, 17.91447902, 0
-0.09617496, -0.23441311, 0.00000000,  1, 17.94665504, 0
-0.10051401, -0.22965950, 0.00000000,  1, 17.97700620, 0
-0.10477983, -0.22488203, 0.00000000,  1, 18.00527501, 0
-0.10890979, -0.21998129, 0.00000000,  1, 18.03711820, 0
-0.11290049, -0.21499102, 0.00000000,  1, 18.06865716, 0
-0.11681352, -0.20994292, 0.00000000,  1, 18.09659815, 0
-0.12060578, -0.20483581, 0.00000000,  1, 18.12444711, 0
-0.12429911, -0.19964480, 0.00000000,  1, 18.15211701, 0
-0.12791542, -0.19442737, 0.00000000,  1, 18.18335700, 0
-0.13153139, -0.18921044, 0.00000000,  1, 18.21421719, 0
-0.13514579, -0.18399577, 0.00000000,  1, 18.24260902, 0
-0.13758944, -0.18053897, 0.00000000,  1, 18.26975918, 0
-0.14142926, -0.17550293, 0.00000000,  1, 18.29964900, 0
-0.14534923, -0.17081413, 0.00000000,  1, 18.32624412, 0
-0.14887680, -0.16718895, 0.00000000,  1, 18.35934401, 0
-0.15204993, -0.16476705, 0.00000000,  1, 18.40307403, 0
-0.15204993, -0.16476705, 0.00000000,  1, 18.43216014, 0
-0.15204993, -0.16476705, 0.00000000,  1, 18.46440697, 0
-0.15203659, -0.16476853, 0.00000000,  1, 18.49073911, 0
-0.15096963, -0.16498803, 0.00000000,  1, 18.51831913, 0
-0.14884046, -0.16569320, 0.00000000,  1, 18.54779220, 0
-0.14561205, -0.16694096, 0.00000000,  1, 18.57745218, 0
-0.14287936, -0.16813233, 0.00000000,  1, 18.60458398, 0
-0.13804882, -0.17021741, 0.00000000,  1, 18.63263917, 0
-0.13253810, -0.17242170, 0.00000000,  1, 18.66151714, 0
-0.12701337, -0.17458562, 0.00000000,  1, 18.69066620, 0
-0.12149390, -0.17651530, 0.00000000,  1, 18.71716309, 0
-0.11781553, -0.17756090, 0.00000000,  1, 18.74409699, 0
-0.11229957, -0.17872765, 0.00000000,  1, 18.76929617, 0
-0.10677736, -0.17980449, 0.00000000,  1, 18.79931903, 0
-0.10126027, -0.18088032, 0.00000000,  1, 18.82927799, 0
-0.09757991, -0.18161908, 0.00000000,  1, 18.85544515, 0
-0.09204808, -0.18299731, 0.00000000,  1, 18.88259411, 0
-0.08652028, -0.18456001, 0.00000000,  1, 18.91364503, 0
-0.08099954, -0.18624384, 0.00000000,  1, 18.94260406, 0
-0.07548137, -0.18806162, 0.00000000,  1, 18.97225213, 0
-0.06996319, -0.18999298, 0.00000000,  1, 19.00212312, 0
-0.06444662, -0.19209424, 0.00000000,  1, 19.03148007, 0
-0.05892957, -0.19424589, 0.00000000,  1, 19.06100607, 0
-0.05340519, -0.19640040, 0.00000000,  1, 19.09546113, 0
-0.04787011, -0.19855908, 0.00000000,  1, 19.12511396, 0
-0.04231955, -0.20073152, 0.00000000,  1, 19.15399814, 0
-0.03862645, -0.20223690, 0.00000000,  1, 19.18032718, 0
-0.03310702, -0.20463786, 0.00000000,  1, 19.21195507, 0
-0.02759027, -0.20703764, 0.00000000,  1, 19.23992920, 0
-0.02023029, -0.21036677, 0.00000000,  1, 19.27621508, 0
-0.01471372, -0.21297336, 0.00000000,  1, 19.30525017, 0
-0.00919502, -0.21557192, 0.00000000,  1, 19.33611512, 0
-0.00551210, -0.21732130, 0.00000000,  1, 19.36343408, 0
0.00001063, -0.21994460, 0.00000000,  1, 19.39149904, 0
0.00737299, -0.22373627, 0.00000000,  1, 19.42593908, 0
0.01475244, -0.22757358, 0.00000000,  1, 19.46646404, 0
0.02026884, -0.23044210, 0.00000000,  1, 19.50279713, 0
0.02578480, -0.23331041, 0.00000000,  1, 19.52948499, 0
0.03130501, -0.23618092, 0.00000000,  1, 19.55884314, 0
0.03682245, -0.23904999, 0.00000000,  1, 19.59112501, 0
0.04049956, -0.24096208, 0.00000000,  1, 19.61703515, 0
0.04601934, -0.24384523, 0.00000000,  1, 19.64531398, 0
0.05153665, -0.24684803, 0.00000000,  1, 19.67520714, 0
0.05705500, -0.24991071, 0.00000000,  1, 19.70274997, 0
0.06257391, -0.25297371, 0.00000000,  1, 19.72914219, 0
0.06625826, -0.25501852, 0.00000000,  1, 19.75678015, 0
0.07178537, -0.25810768, 0.00000000,  1, 19.78764319, 0
0.07730298, -0.26128569, 0.00000000,  1, 19.81606603, 0
0.08283208, -0.26450757, 0.00000000,  1, 19.84691119, 0
0.08836175, -0.26773637, 0.00000000,  1, 19.87582397, 0
0.09387793, -0.27098805, 0.00000000,  1, 19.90544510, 0
0.09755755, -0.27314313, 0.00000000,  1, 19.93053913, 0
0.10307698, -0.27639614, 0.00000000,  1, 19.95918107, 0
0.10859737, -0.27968077, 0.00000000,  1, 19.99083710, 0
0.11410536, -0.28295802, 0.00000000,  1, 20.01992917, 0
0.11962189, -0.28624036, 0.00000000,  1, 20.05076718, 0
0.12514410, -0.28952607, 0.00000000,  1, 20.07854199, 0
0.13066700, -0.29281220, 0.00000000,  1, 20.10561204, 0
0.13619428, -0.29610093, 0.00000000,  1, 20.13545704, 0
0.13989518, -0.29830297, 0.00000000,  1, 20.16359711, 0
0.14541882, -0.30158953, 0.00000000,  1, 20.19152498, 0
0.15093644, -0.30487251, 0.00000000,  1, 20.22415709, 0
0.15829590, -0.30925139, 0.00000000,  1, 20.25590014, 0
0.16197517, -0.31144056, 0.00000000,  1, 20.28451800, 0
0.16749083, -0.31472238, 0.00000000,  1, 20.31341910, 0
0.17300771, -0.31800492, 0.00000000,  1, 20.34462905, 0
0.17851756, -0.32128328, 0.00000000,  1, 20.37479115, 0
0.18403461, -0.32456593, 0.00000000,  1, 20.40216208, 0
0.19138952, -0.32894210, 0.00000000,  1, 20.43933415, 0
0.19690302, -0.33222263, 0.00000000,  1, 20.47701597, 0
0.20426009, -0.33660009, 0.00000000,  1, 20.51027799, 0
0.20794370, -0.33879184, 0.00000000,  1, 20.53833008, 0
0.21346444, -0.34200717, 0.00000000,  1, 20.56821418, 0
0.21898062, -0.34491327, 0.00000000,  1, 20.59774017, 0
0.22449498, -0.34725139, 0.00000000,  1, 20.62795305, 0
0.23185119, -0.34945619, 0.00000000,  1, 20.66007900, 0
0.23736846, -0.35047189, 0.00000000,  1, 20.69066000, 0
0.24104882, -0.35091442, 0.00000000,  1, 20.71769309, 0
0.24656465, -0.35122038, 0.00000000,  1, 20.74518299, 0
0.25208153, -0.35129127, 0.00000000,  1, 20.78093314, 0
0.25760174, -0.35130414, 0.00000000,  1, 20.80920219, 0
0.26312083, -0.35130414, 0.00000000,  1, 20.84070516, 0
0.27047192, -0.35130414, 0.00000000,  1, 20.87364197, 0
0.27598663, -0.35123952, 0.00000000,  1, 20.90539098, 0
0.28150754, -0.35104393, 0.00000000,  1, 20.93621898, 0
0.28518608, -0.35082322, 0.00000000,  1, 20.96340513, 0
0.29070265, -0.35045564, 0.00000000,  1, 20.98944902, 0
0.29621862, -0.35009899, 0.00000000,  1, 21.02015710, 0
0.30173389, -0.34972049, 0.00000000,  1, 21.05332017, 0
0.30725120, -0.34936327, 0.00000000,  1, 21.08194399, 0
0.31275919, -0.34898519, 0.00000000,  1, 21.11077905, 0
0.31827702, -0.34865412, 0.00000000,  1, 21.14040709, 0
0.32379827, -0.34832284, 0.00000000,  1, 21.16712308, 0
0.32931809, -0.34799166, 0.00000000,  1, 21.19691420, 0
0.33300756, -0.34772974, 0.00000000,  1, 21.22427201, 0
0.34036663, -0.34684857, 0.00000000,  1, 21.25822711, 0
0.34588572, -0.34596023, 0.00000000,  1, 21.29086018, 0
0.34956391, -0.34520861, 0.00000000,  1, 21.31700301, 0
0.35508299, -0.34363101, 0.00000000,  1, 21.34273410, 0
0.36003319, -0.34131923, 0.00000000,  1, 21.36878920, 0
0.36401954, -0.33805015, 0.00000000,  1, 21.40203214, 0
0.36795699, -0.33266611, 0.00000000,  1, 21.44139910, 0
0.37017506, -0.32803378, 0.00000000,  1, 21.47441006, 0
0.37165647, -0.32291673, 0.00000000,  1, 21.50639701, 0
0.37242621, -0.31743214, 0.00000000,  1, 21.53557611, 0
0.37264353, -0.31191631, 0.00000000,  1, 21.56752419, 0
0.37264995, -0.30638738, 0.00000000,  1, 21.59613609, 0
0.37264995, -0.30086903, 0.00000000,  1, 21.62279916, 0
0.37264995, -0.29718941, 0.00000000,  1, 21.64872503, 0
0.37261747, -0.29166976, 0.00000000,  1, 21.67756510, 0
0.37226187, -0.28431103, 0.00000000,  1, 21.71406913, 0
0.37188790, -0.28062903, 0.00000000,  1, 21.74183011, 0
0.37104197, -0.27511068, 0.00000000,  1, 21.77086616, 0
0.36924916, -0.26774922, 0.00000000,  1, 21.80364919, 0
0.36734991, -0.26223105, 0.00000000,  1, 21.83751798, 0
0.36520748, -0.25670940, 0.00000000,  1, 21.87204719, 0
0.36313151, -0.25194254, 0.00000000,  1, 21.90360403, 0
0.36144436, -0.24825738, 0.00000000,  1, 21.93478107, 0
0.36123482, -0.24784877, 0.00000000,  1, 21.96349216, 0
0.36123482, -0.24784877, 0.00000000,  1, 21.98889399, 0
0.36123482, -0.24784877, 0.00000000,  1, 22.02047420, 0
0.36123482, -0.24784877, 0.00000000,  1, 22.04965019, 0
0.36123482, -0.24784877, 0.00000000,  1, 22.07798600, 0
0.36123482, -0.24784877, 0.00000000,  1, 22.10956097, 0
0.36123482, -0.24784877, 0.00000000,  1, 22.13761401, 0
0.36123482, -0.24784877, 0.00000000,  1, 22.16423917, 0
0.36123482, -0.24784877, 0.00000000,  1, 22.19356608, 0
0.36123482, -0.24784877, 0.00000000,  1, 22.22334218, 0
0.36123482, -0.24784877, 0.00000000,  1, 22.25139117, 0
0.36123482, -0.24784877, 0.00000000,  1, 22.28544903, 0
0.36085991, -0.24760480, 0.00000000,  1, 22.31571412, 0
0.35927413, -0.24611772, 0.00000000,  1, 22.34266114, 0
0.35683050, -0.24379912, 0.00000000,  1, 22.37130404, 0
0.35363643, -0.24089360, 0.00000000,  1, 22.40468717, 0
0.34999520, -0.23766468, 0.00000000,  1, 22.43649411, 0
0.34587439, -0.23382334, 0.00000000,  1, 22.46658206, 0
0.34138598, -0.22939360, 0.00000000,  1, 22.49388814, 0
0.33679985, -0.22484157, 0.00000000,  1, 22.52216315, 0
0.33374180, -0.22180481, 0.00000000,  1, 22.55155015, 0
0.32759969, -0.21576539, 0.00000000,  1, 22.58476710, 0
0.32299021, -0.21128444, 0.00000000,  1, 22.61489511, 0
0.31991544, -0.20837445, 0.00000000,  1, 22.64084506, 0
0.31381748, -0.20296710, 0.00000000,  1, 22.67388606, 0
0.31080429, -0.20037418, 0.00000000,  1, 22.70157313, 0
0.30650633, -0.19698009, 0.00000000,  1, 22.73303509, 0
0.30312577, -0.19488200, 0.00000000,  1, 22.76077509, 0
0.30101915, -0.19439153, 0.00000000,  1, 22.78797507, 0
0.29987741, -0.19439153, 0.00000000,  1, 22.81617904, 0
0.29947923, -0.19439732, 0.00000000,  1, 22.84472108, 0
0.29934063, -0.19448895, 0.00000000,  1, 22.87473512, 0
0.29934063, -0.19451963, 0.00000000,  1, 22.90516520, 0
0.29934063, -0.19451963, 0.00000000,  1, 22.93761206, 0
0.29934063, -0.19451963, 0.00000000,  1, 22.96522713, 0
0.29934063, -0.19451963, 0.00000000,  1, 22.99663997, 0
0.29934063, -0.19451963, 0.00000000,  1, 23.02262902, 0
0.29934063, -0.19451963, 0.00000000,  1, 23.05053306, 0
0.29934063, -0.19451963, 0.00000000,  1, 23.07895112, 0
0.29934063, -0.19451963, 0.00000000,  1, 23.11215520, 0
0.29934063, -0.19451963, 0.00000000,  1, 23.13929200, 0
0.29934063, -0.19451963, 0.00000000,  1, 23.17186904, 0
0.29948638, -0.19458340, 0.00000000,  1, 23.20267510, 0
0.30082526, -0.19531519, 0.00000000,  1, 23.23232412, 0
0.30232651, -0.19646349, 0.00000000,  1, 23.25751400, 0
0.30522078, -0.19897901, 0.00000000,  1, 23.28489113, 0
0.30891319, -0.20257679, 0.00000000,  1, 23.31488919, 0
0.31312902, -0.20691672, 0.00000000,  1, 23.34710097, 0
0.31776794, -0.21174856, 0.00000000,  1, 23.38068414, 0
0.32416736, -0.21833939, 0.00000000,  1, 23.41644597, 0
0.32897149, -0.22332963, 0.00000000,  1, 23.44811296, 0
0.33377407, -0.22832542, 0.00000000,  1, 23.47871113, 0
0.33857187, -0.23327965, 0.00000000,  1, 23.50568008, 0
0.34177695, -0.23660142, 0.00000000,  1, 23.53133106, 0
0.34658252, -0.24154507, 0.00000000,  1, 23.55921817, 0
0.35138476, -0.24648531, 0.00000000,  1, 23.58692813, 0
0.35458717, -0.24979280, 0.00000000,  1, 23.61413717, 0
0.35939017, -0.25478903, 0.00000000,  1, 23.64303017, 0
0.36419464, -0.25973658, 0.00000000,  1, 23.66924500, 0
0.36899040, -0.26470230, 0.00000000,  1, 23.69749117, 0
0.37383598, -0.26969164, 0.00000000,  1, 23.72759819, 0
0.37703333, -0.27299561, 0.00000000,  1, 23.75393915, 0
0.38183414, -0.27795624, 0.00000000,  1, 23.78201008, 0
0.38663654, -0.28289663, 0.00000000,  1, 23.81147909, 0
0.39143720, -0.28786924, 0.00000000,  1, 23.83888507, 0
0.39463704, -0.29116358, 0.00000000,  1, 23.86405706, 0
0.39943740, -0.29615472, 0.00000000,  1, 23.88970208, 0
0.40266161, -0.29942540, 0.00000000,  1, 23.91701412, 0
0.40764053, -0.30411076, 0.00000000,  1, 23.94796300, 0
0.41453001, -0.31005128, 0.00000000,  1, 23.98325014, 0
0.41981044, -0.31446960, 0.00000000,  1, 24.01311111, 0
0.42529381, -0.31883219, 0.00000000,  1, 24.04122019, 0
0.43082075, -0.32293280, 0.00000000,  1, 24.07278705, 0
0.43639636, -0.32691887, 0.00000000,  1, 24.10248899, 0
0.44192221, -0.33074867, 0.00000000,  1, 24.13275218, 0
0.44745183, -0.33444895, 0.00000000,  1, 24.16239119, 0
0.45296728, -0.33790979, 0.00000000,  1, 24.19755697, 0
0.46032292, -0.34220477, 0.00000000,  1, 24.23749900, 0
0.46584474, -0.34502840, 0.00000000,  1, 24.27107596, 0
0.47321127, -0.34818210, 0.00000000,  1, 24.30524707, 0
0.47873911, -0.35028521, 0.00000000,  1, 24.34114909, 0
0.48425729, -0.35219245, 0.00000000,  1, 24.37232208, 0
0.48977529, -0.35389818, 0.00000000,  1, 24.40303802, 0
0.49530166, -0.35555609, 0.00000000,  1, 24.43209505, 0
0.50082508, -0.35721311, 0.00000000,  1, 24.46241713, 0
0.50636272, -0.35887440, 0.00000000,  1, 24.48915410, 0
0.51188744, -0.36053182, 0.00000000,  1, 24.52159119, 0
0.51741602, -0.36219040, 0.00000000,  1, 24.55299497, 0
0.52294018, -0.36384764, 0.00000000,  1, 24.58506513, 0
0.52916308, -0.36571451, 0.00000000,  1, 24.61579108, 0
0.53652436, -0.36794243, 0.00000000,  1, 24.65277004, 0
0.54205311, -0.36976320, 0.00000000,  1, 24.68274617, 0
0.54757818, -0.37207603, 0.00000000,  1, 24.71420407, 0
0.55310308, -0.37488280, 0.00000000,  1, 24.74355912, 0
0.55864072, -0.37839197, 0.00000000,  1, 24.77655220, 0
0.56593155, -0.38412626, 0.00000000,  1, 24.82350206, 0
0.57562394, -0.39421684, 0.00000000,  1, 24.87743998, 0
0.58263252, -0.40335756, 0.00000000,  1, 24.92798400, 0
0.58666418, -0.40891592, 0.00000000,  1, 24.96159601, 0
0.59067555, -0.41444884, 0.00000000,  1, 24.99214220, 0
0.59455475, -0.41998739, 0.00000000,  1, 25.02348518, 0
0.59827155, -0.42553465, 0.00000000,  1, 25.05480719, 0
0.60194030, -0.43105157, 0.00000000,  1, 25.08557796, 0
0.60561545, -0.43657811, 0.00000000,  1, 25.11539817, 0
0.60928890, -0.44210210, 0.00000000,  1, 25.14142609, 0
0.61296425, -0.44763250, 0.00000000,  1, 25.17278218, 0
0.61647780, -0.45314630, 0.00000000,  1, 25.20249701, 0
0.61983965, -0.45868121, 0.00000000,  1, 25.23735809, 0
0.62415880, -0.46606867, 0.00000000,  1, 25.27029705, 0
0.62729457, -0.47160540, 0.00000000,  1, 25.30467105, 0
0.63028171, -0.47719866, 0.00000000,  1, 25.33734107, 0
0.63313770, -0.48273920, 0.00000000,  1, 25.36618710, 0
0.63586840, -0.48826592, 0.00000000,  1, 25.39928699, 0
0.63857398, -0.49379558, 0.00000000,  1, 25.43224812, 0
0.64216084, -0.50116449, 0.00000000,  1, 25.46441507, 0
0.64466582, -0.50669485, 0.00000000,  1, 25.49809504, 0
0.64704941, -0.51223158, 0.00000000,  1, 25.53315496, 0
0.65008828, -0.51960049, 0.00000000,  1, 25.56814408, 0
0.65235393, -0.52512647, 0.00000000,  1, 25.60308313, 0
0.65537817, -0.53250267, 0.00000000,  1, 25.64474106, 0
0.65840442, -0.53988376, 0.00000000,  1, 25.67745614, 0
0.66066956, -0.54540848, 0.00000000,  1, 25.71116209, 0
0.66294010, -0.55096901, 0.00000000,  1, 25.74377513, 0
0.66668879, -0.56017886, 0.00000000,  1, 25.79526901, 0
0.66967393, -0.56754903, 0.00000000,  1, 25.83285904, 0
0.67189431, -0.57307995, 0.00000000,  1, 25.86221004, 0
0.67413502, -0.57860866, 0.00000000,  1, 25.89392209, 0
0.67636676, -0.58414123, 0.00000000,  1, 25.92690706, 0
0.67863211, -0.58966647, 0.00000000,  1, 25.95979905, 0
0.68158703, -0.59703685, 0.00000000,  1, 25.99215102, 0
0.68384696, -0.60256448, 0.00000000,  1, 26.02523303, 0
0.68611919, -0.60810650, 0.00000000,  1, 26.06060910, 0
0.68911883, -0.61550012, 0.00000000,  1, 26.09484100, 0
0.69134745, -0.62103793, 0.00000000,  1, 26.12768698, 0
0.69358810, -0.62658177, 0.00000000,  1, 26.15713906, 0
0.69581399, -0.63211048, 0.00000000,  1, 26.18921709, 0
0.69804886, -0.63764214, 0.00000000,  1, 26.22161317, 0
0.70103188, -0.64501556, 0.00000000,  1, 26.25624800, 0
0.70325351, -0.65056213, 0.00000000,  1, 26.28848815, 0
0.70550557, -0.65610592, 0.00000000,  1, 26.31816101, 0
0.70771967, -0.66163593, 0.00000000,  1, 26.34853005, 0
0.70996521, -0.66716196, 0.00000000,  1, 26.38393807, 0
0.71291380, -0.67452974, 0.00000000,  1, 26.41801810, 0
0.71518161, -0.68006339, 0.00000000,  1, 26.44825816, 0
0.71741664, -0.68560394, 0.00000000,  1, 26.48443007, 0
0.71968043, -0.69112558, 0.00000000,  1, 26.51632309, 0
0.72264174, -0.69848339, 0.00000000,  1, 26.55690312, 0
0.72706232, -0.70953483, 0.00000000,  1, 26.61208415, 0
0.73074407, -0.71873922, 0.00000000,  1, 26.66368198, 0
0.73295185, -0.72425865, 0.00000000,  1, 26.69253206, 0
0.73590451, -0.73164031, 0.00000000,  1, 26.73391414, 0
0.73885228, -0.73900974, 0.00000000,  1, 26.77222419, 0
0.74102631, -0.74453828, 0.00000000,  1, 26.80806017, 0
0.74387646, -0.75189466, 0.00000000,  1, 26.84813499, 0
0.74600179, -0.75741501, 0.00000000,  1, 26.87544012, 0
0.74813141, -0.76294649, 0.00000000,  1, 26.90485907, 0
0.75025821, -0.76847065, 0.00000000,  1, 26.93690300, 0
0.75303669, -0.77583631, 0.00000000,  1, 26.97709918, 0
0.75510756, -0.78135865, 0.00000000,  1, 27.00684714, 0
0.75717859, -0.78688137, 0.00000000,  1, 27.04187918, 0
0.75994016, -0.79424556, 0.00000000,  1, 27.07600904, 0
0.76270330, -0.80161395, 0.00000000,  1, 27.11782813, 0
0.76477501, -0.80713850, 0.00000000,  1, 27.15465307, 0
0.76754625, -0.81452848, 0.00000000,  1, 27.18703103, 0
0.76961960, -0.82005741, 0.00000000,  1, 27.22036219, 0
0.77169069, -0.82558031, 0.00000000,  1, 27.25689316, 0
0.77514341, -0.83478756, 0.00000000,  1, 27.30464315, 0
0.77790696, -0.84215703, 0.00000000,  1, 27.33879209, 0
0.77928600, -0.84583449, 0.00000000,  1, 27.36741018, 0
0.78205071, -0.85320704, 0.00000000,  1, 27.40188003, 0
0.78411626, -0.85873250, 0.00000000,  1, 27.43620515, 0
0.78747784, -0.86794230, 0.00000000,  1, 27.48601818, 0
0.78948458, -0.87352230, 0.00000000,  1, 27.51932907, 0
0.79211295, -0.88090356, 0.00000000,  1, 27.56005502, 0
0.79542776, -0.89011137, 0.00000000,  1, 27.61254716, 0
0.79741699, -0.89563701, 0.00000000,  1, 27.64227819, 0
0.79935055, -0.90116229, 0.00000000,  1, 27.66952205, 0
0.80179474, -0.90852938, 0.00000000,  1, 27.70676517, 0
0.80350764, -0.91405337, 0.00000000,  1, 27.73902512, 0
0.80494049, -0.91958212, 0.00000000,  1, 27.76926017, 0
0.80593319, -0.92510684, 0.00000000,  1, 27.80068398, 0
0.80658449, -0.93247155, 0.00000000,  1, 27.83881307, 0
0.80664793, -0.93799484, 0.00000000,  1, 27.87166905, 0
0.80664793, -0.94351302, 0.00000000,  1, 27.90511918, 0
0.80664793, -0.95087647, 0.00000000,  1, 27.93931913, 0
0.80646284, -0.95639976, 0.00000000,  1, 27.97334003, 0
0.80588428, -0.96192357, 0.00000000,  1, 28.00609207, 0
0.80503721, -0.96929122, 0.00000000,  1, 28.04227400, 0
0.80442935, -0.97481720, 0.00000000,  1, 28.07124209, 0
0.80382089, -0.98034864, 0.00000000,  1, 28.10030603, 0
0.80321329, -0.98587228, 0.00000000,  1, 28.12929106, 0
0.80260501, -0.99140212, 0.00000000,  1, 28.16243505, 0
0.80159283, -1.00060373, 0.00000000,  1, 28.21204615, 0
0.80118729, -1.00429047, 0.00000000,  1, 28.23949218, 0
0.80037575, -1.01166813, 0.00000000,  1, 28.27380705, 0
0.79976855, -1.01718813, 0.00000000,  1, 28.30285597, 0
0.79912588, -1.02271394, 0.00000000,  1, 28.33664799, 0
0.79846237, -1.02824321, 0.00000000,  1, 28.36992717, 0
0.79779914, -1.03377010, 0.00000000,  1, 28.40220213, 0
0.79713690, -1.03928884, 0.00000000,  1, 28.43191600, 0
0.79647402, -1.04481282, 0.00000000,  1, 28.46311116, 0
0.79580954, -1.05035012, 0.00000000,  1, 28.49005318, 0
0.79514561, -1.05588286, 0.00000000,  1, 28.52203417, 0
0.79448332, -1.06140195, 0.00000000,  1, 28.55196619, 0
0.79382062, -1.06692450, 0.00000000,  1, 28.58278799, 0
0.79293703, -1.07428773, 0.00000000,  1, 28.61678505, 0
0.79249588, -1.07796393, 0.00000000,  1, 28.64416814, 0
0.79161253, -1.08532521, 0.00000000,  1, 28.67892098, 0
0.79094985, -1.09084755, 0.00000000,  1, 28.70894217, 0
0.79050840, -1.09452631, 0.00000000,  1, 28.73581910, 0
0.78984757, -1.10003321, 0.00000000,  1, 28.76578212, 0
0.78918539, -1.10555139, 0.00000000,  1, 28.79508114, 0
0.78830280, -1.11290630, 0.00000000,  1, 28.83410001, 0
0.78763822, -1.11844450, 0.00000000,  1, 28.86214709, 0
0.78697636, -1.12395995, 0.00000000,  1, 28.89201117, 0
0.78631449, -1.12947556, 0.00000000,  1, 28.92350602, 0
0.78565259, -1.13499140, 0.00000000,  1, 28.95603013, 0
0.78499095, -1.14050502, 0.00000000,  1, 28.98486614, 0
0.78432892, -1.14602194, 0.00000000,  1, 29.01498413, 0
0.78366578, -1.15154810, 0.00000000,  1, 29.04896903, 0
0.78300317, -1.15706991, 0.00000000,  1, 29.07722402, 0
0.78189940, -1.16626793, 0.00000000,  1, 29.12726307, 0
0.78079588, -1.17546395, 0.00000000,  1, 29.17932701, 0
0.77969094, -1.18467176, 0.00000000,  1, 29.23153400, 0
0.77880816, -1.19202828, 0.00000000,  1, 29.26611304, 0
0.77792500, -1.19938796, 0.00000000,  1, 29.31051016, 0
0.77726236, -1.20490995, 0.00000000,  1, 29.34361410, 0
0.77637960, -1.21226629, 0.00000000,  1, 29.37506318, 0
0.77593813, -1.21594522, 0.00000000,  1, 29.40118313, 0
0.77527586, -1.22146413, 0.00000000,  1, 29.43166113, 0
0.77460759, -1.22703302, 0.00000000,  1, 29.45785713, 0
0.77394445, -1.23255922, 0.00000000,  1, 29.48619819, 0
0.77350309, -1.23623719, 0.00000000,  1, 29.51286316, 0
0.77284104, -1.24175429, 0.00000000,  1, 29.54121399, 0
0.77217862, -1.24727450, 0.00000000,  1, 29.57127118, 0
0.77151585, -1.25279757, 0.00000000,  1, 29.60187101, 0
0.77085386, -1.25831410, 0.00000000,  1, 29.62897706, 0
0.77019177, -1.26383159, 0.00000000,  1, 29.66714120, 0
0.76930820, -1.27119465, 0.00000000,  1, 29.70728302, 0
0.76842528, -1.27855229, 0.00000000,  1, 29.74063110, 0
0.76776310, -1.28407046, 0.00000000,  1, 29.77346706, 0
0.76710113, -1.28958686, 0.00000000,  1, 29.80575514, 0
0.76642165, -1.29524922, 0.00000000,  1, 29.83750510, 0
0.76575794, -1.30078014, 0.00000000,  1, 29.86912608, 0
0.76509532, -1.30630196, 0.00000000,  1, 29.89669800, 0
0.76421160, -1.31366631, 0.00000000,  1, 29.93417597, 0
0.76354920, -1.31918631, 0.00000000,  1, 29.96258712, 0
0.76310788, -1.32286394, 0.00000000,  1, 29.99048519, 0
0.76244568, -1.32838229, 0.00000000,  1, 30.01714516, 0
0.76178326, -1.33390246, 0.00000000,  1, 30.04610419, 0
0.76112107, -1.33942068, 0.00000000,  1, 30.07678914, 0
0.76067939, -1.34310139, 0.00000000,  1, 30.10202909, 0
0.76001752, -1.34861700, 0.00000000,  1, 30.12932515, 0
0.75935527, -1.35413574, 0.00000000,  1, 30.15517902, 0
0.75869145, -1.35966758, 0.00000000,  1, 30.18569112, 0
0.75802852, -1.36519195, 0.00000000,  1, 30.21609116, 0
0.75758680, -1.36887300, 0.00000000,  1, 30.24219608, 0
0.75692481, -1.37438958, 0.00000000,  1, 30.26966214, 0
0.75626295, -1.37990502, 0.00000000,  1, 30.30139017, 0
0.75556279, -1.38542115, 0.00000000,  1, 30.32842708, 0
0.75508349, -1.38902483, 0.00000000,  1, 30.35522413, 0
0.75433907, -1.39429088, 0.00000000,  1, 30.38181806, 0
0.75359368, -1.39956384, 0.00000000,  1, 30.41021204, 0
0.75282828, -1.40492528, 0.00000000,  1, 30.44391108, 0
0.75202841, -1.41044164, 0.00000000,  1, 30.47027111, 0
0.75122916, -1.41595366, 0.00000000,  1, 30.50024104, 0
0.75071748, -1.41962946, 0.00000000,  1, 30.52508903, 0
0.74997248, -1.42514799, 0.00000000,  1, 30.55113816, 0
0.74947582, -1.42882692, 0.00000000,  1, 30.57592511, 0
0.74863256, -1.43433980, 0.00000000,  1, 30.60108018, 0
0.74730749, -1.43985711, 0.00000000,  1, 30.63105607, 0
0.74530093, -1.44537308, 0.00000000,  1, 30.66194606, 0
0.74232869, -1.45088410, 0.00000000,  1, 30.69078398, 0
0.73966772, -1.45444768, 0.00000000,  1, 30.71773911, 0
0.73458942, -1.45875010, 0.00000000,  1, 30.74410200, 0
0.72911099, -1.46264675, 0.00000000,  1, 30.77763700, 0
0.72359299, -1.46618884, 0.00000000,  1, 30.80491304, 0
0.71991007, -1.46822170, 0.00000000,  1, 30.82987213, 0
0.71439332, -1.47122833, 0.00000000,  1, 30.85883808, 0
0.70888481, -1.47423047, 0.00000000,  1, 30.88633108, 0
0.70520662, -1.47625956, 0.00000000,  1, 30.91170216, 0
0.69968663, -1.47939431, 0.00000000,  1, 30.94072413, 0
0.69416481, -1.48259696, 0.00000000,  1, 30.96854210, 0
0.68864533, -1.48579826, 0.00000000,  1, 30.99562216, 0
0.68496515, -1.48793276, 0.00000000,  1, 31.02457619, 0
0.67944662, -1.49113351, 0.00000000,  1, 31.05009913, 0
0.67392771, -1.49433448, 0.00000000,  1, 31.07523108, 0
0.66840316, -1.49753872, 0.00000000,  1, 31.10774708, 0
0.66288533, -1.50073906, 0.00000000,  1, 31.13918805, 0
0.65920844, -1.50284981, 0.00000000,  1, 31.16603899, 0
0.65400497, -1.50558437, 0.00000000,  1, 31.19084215, 0
0.65026452, -1.50741525, 0.00000000,  1, 31.21844816, 0
0.64877782, -1.50799503, 0.00000000,  1, 31.24437809, 0
0.64794329, -1.50813110, 0.00000000,  1, 31.26973701, 0
0.64788132, -1.50770642, 0.00000000,  1, 31.29883218, 0
0.64764164, -1.50554570, 0.00000000,  1, 31.33222008, 0
0.64682726, -1.50136928, 0.00000000,  1, 31.35988808, 0
0.64552514, -1.49585145, 0.00000000,  1, 31.39170408, 0
0.64412889, -1.49033310, 0.00000000,  1, 31.42102408, 0
0.64323245, -1.48665148, 0.00000000,  1, 31.44706297, 0
0.64193786, -1.48113365, 0.00000000,  1, 31.47423911, 0
0.64066872, -1.47561565, 0.00000000,  1, 31.50000000, 0
0.63939966, -1.47009799, 0.00000000,  1, 31.53113914, 0
0.63813036, -1.46457930, 0.00000000,  1, 31.56468797, 0
0.63686118, -1.45906112, 0.00000000,  1, 31.59306812, 0
0.63559271, -1.45354602, 0.00000000,  1, 31.62207913, 0
0.63474631, -1.44986601, 0.00000000,  1, 31.65090299, 0
0.63347667, -1.44434584, 0.00000000,  1, 31.67794299, 0
0.63178277, -1.43698109, 0.00000000,  1, 31.71268511, 0
0.63093617, -1.43330021, 0.00000000,  1, 31.74111104, 0
0.62966606, -1.42777800, 0.00000000,  1, 31.76685405, 0
0.62839688, -1.42225983, 0.00000000,  1, 31.79971719, 0
0.62713833, -1.41672201, 0.00000000,  1, 31.83222914, 0
0.62598774, -1.40956688, 0.00000000,  1, 31.86574316, 0
0.62586153, -1.40665580, 0.00000000,  1, 31.89200616, 0
0.62589601, -1.40383602, 0.00000000,  1, 31.92446113, 0
0.62669547, -1.40334776, 0.00000000,  1, 31.95249200, 0
0.62795112, -1.40350647, 0.00000000,  1, 31.98396802, 0
0.63027345, -1.40569224, 0.00000000,  1, 32.01437616, 0
0.63467600, -1.41198077, 0.00000000,  1, 32.04672003, 0
0.63850186, -1.41750008, 0.00000000,  1, 32.08488202, 0
0.64273324, -1.42295999, 0.00000000,  1, 32.11459303, 0
0.64763168, -1.42786501, 0.00000000,  1, 32.14425206, 0
0.65305628, -1.43064713, 0.00000000,  1, 32.17428517, 0
0.65806115, -1.43100847, 0.00000000,  1, 32.20499396, 0
0.66286474, -1.42898787, 0.00000000,  1, 32.23462605, 0
0.66721783, -1.42448891, 0.00000000,  1, 32.26151204, 0
0.67064245, -1.41897529, 0.00000000,  1, 32.29096103, 0
0.67358786, -1.41345494, 0.00000000,  1, 32.32576108, 0
0.67704124, -1.40595200, 0.00000000,  1, 32.36426997, 0
0.67937501, -1.40043438, 0.00000000,  1, 32.39697719, 0
0.68169341, -1.39491439, 0.00000000,  1, 32.43005610, 0
0.68401334, -1.38939075, 0.00000000,  1, 32.45993805, 0
0.68632396, -1.38387747, 0.00000000,  1, 32.48631001, 0
0.68848020, -1.37835982, 0.00000000,  1, 32.51360202, 0
0.68982074, -1.37468709, 0.00000000,  1, 32.54253697, 0
0.69181202, -1.36917385, 0.00000000,  1, 32.56943607, 0
0.69379949, -1.36365312, 0.00000000,  1, 32.59615707, 0
0.69512298, -1.35997675, 0.00000000,  1, 32.62197614, 0
0.69711071, -1.35445528, 0.00000000,  1, 32.64804316, 0
0.69909908, -1.34893203, 0.00000000,  1, 32.68067598, 0
0.70113147, -1.34329655, 0.00000000,  1, 32.71247411, 0
0.70321168, -1.33777456, 0.00000000,  1, 32.73906112, 0
0.70597347, -1.33237858, 0.00000000,  1, 32.76779819, 0
0.70963470, -1.32884027, 0.00000000,  1, 32.79826498, 0
0.71349974, -1.32756894, 0.00000000,  1, 32.83103514, 0
0.71672193, -1.32671337, 0.00000000,  1, 32.85936499, 0
0.71799601, -1.32597998, 0.00000000,  1, 32.88738012, 0
0.71848680, -1.32458289, 0.00000000,  1, 32.91502309, 0
0.71848680, -1.32330075, 0.00000000,  1, 32.94193912, 0
0.71848680, -1.32210520, 0.00000000,  1, 32.97039199, 0
0.71848680, -1.32066221, 0.00000000,  1, 33.00299811, 0
0.71838203, -1.31798561, 0.00000000,  1, 33.03264904, 0
0.71703165, -1.31312220, 0.00000000,  1, 33.06124401, 0
0.71537419, -1.30944219, 0.00000000,  1, 33.08878613, 0
0.71240206, -1.30393434, 0.00000000,  1, 33.11803913, 0
0.70890722, -1.29860131, 0.00000000,  1, 33.14589810, 0
0.70491791, -1.29356031, 0.00000000,  1, 33.17236805, 0
0.70083324, -1.28865069, 0.00000000,  1, 33.20635700, 0
0.69650991, -1.28389689, 0.00000000,  1, 33.23250818, 0
0.69351100, -1.28082354, 0.00000000,  1, 33.26163101, 0
0.68724998, -1.27501748, 0.00000000,  1, 33.29363513, 0
0.68410235, -1.27212755, 0.00000000,  1, 33.32244205, 0
0.67774289, -1.26651067, 0.00000000,  1, 33.35428619, 0
0.67280005, -1.26250670, 0.00000000,  1, 33.38576603, 0
0.66945668, -1.25995173, 0.00000000,  1, 33.41252804, 0
0.66264716, -1.25495424, 0.00000000,  1, 33.44490314, 0
0.65745042, -1.25137983, 0.00000000,  1, 33.47477317, 0
0.65260851, -1.24841457, 0.00000000,  1, 33.50934315, 0
0.65029703, -1.24753918, 0.00000000,  1, 33.54001713, 0
0.65036205, -1.24872897, 0.00000000,  1, 33.57792711, 0
0.65202007, -1.25191828, 0.00000000,  1, 33.60628819, 0
0.65592209, -1.25737309, 0.00000000,  1, 33.63675809, 0
0.65992384, -1.26289274, 0.00000000,  1, 33.66998315, 0
0.66386579, -1.26841330, 0.00000000,  1, 33.69886804, 0
0.66629863, -1.27209110, 0.00000000,  1, 33.72400618, 0
0.66968354, -1.27760711, 0.00000000,  1, 33.75061917, 0
0.67287838, -1.28312893, 0.00000000,  1, 33.78034711, 0
0.67591042, -1.28865803, 0.00000000,  1, 33.81274700, 0
0.67995471, -1.29601203, 0.00000000,  1, 33.85174108, 0
0.68297754, -1.30152344, 0.00000000,  1, 33.88297200, 0
0.68600195, -1.30703876, 0.00000000,  1, 33.91223097, 0
0.68906331, -1.31255472, 0.00000000,  1, 33.94466305, 0
0.69208656, -1.31806800, 0.00000000,  1, 33.97457814, 0
0.69512314, -1.32357529, 0.00000000,  1, 34.00953603, 0
0.69813147, -1.32909165, 0.00000000,  1, 34.03638816, 0
0.70119163, -1.33460545, 0.00000000,  1, 34.06553698, 0
0.70421855, -1.34012527, 0.00000000,  1, 34.09254098, 0
0.70728044, -1.34564219, 0.00000000,  1, 34.12242007, 0
0.70922748, -1.34932238, 0.00000000,  1, 34.14776802, 0
0.71198057, -1.35483748, 0.00000000,  1, 34.17387700, 0
0.71380226, -1.35851766, 0.00000000,  1, 34.20026302, 0
0.71653339, -1.36403510, 0.00000000,  1, 34.22921920, 0
0.71908117, -1.36955362, 0.00000000,  1, 34.25656199, 0
0.72153830, -1.37507527, 0.00000000,  1, 34.28390002, 0
0.72317687, -1.37875745, 0.00000000,  1, 34.31172204, 0
0.72554420, -1.38427857, 0.00000000,  1, 34.34098506, 0
0.72780500, -1.38979272, 0.00000000,  1, 34.36939597, 0
0.73006731, -1.39531055, 0.00000000,  1, 34.40307307, 0
0.73230567, -1.40082781, 0.00000000,  1, 34.43292308, 0
0.73452095, -1.40635184, 0.00000000,  1, 34.46371102, 0
0.73679272, -1.41189273, 0.00000000,  1, 34.49501204, 0
0.73901544, -1.41741928, 0.00000000,  1, 34.52650404, 0
0.74112392, -1.42294257, 0.00000000,  1, 34.55588317, 0
0.74311072, -1.42846148, 0.00000000,  1, 34.58530617, 0
0.74575802, -1.43581509, 0.00000000,  1, 34.61836410, 0
0.74774333, -1.44132984, 0.00000000,  1, 34.65255904, 0
0.74969348, -1.44684763, 0.00000000,  1, 34.68576217, 0
0.75200954, -1.45420020, 0.00000000,  1, 34.71965909, 0
0.75374644, -1.45971417, 0.00000000,  1, 34.75224209, 0
0.75548497, -1.46523330, 0.00000000,  1, 34.78310800, 0
0.75664669, -1.46892129, 0.00000000,  1, 34.80898118, 0
0.75838473, -1.47443890, 0.00000000,  1, 34.83769202, 0
0.76012308, -1.47995747, 0.00000000,  1, 34.86827207, 0
0.76185964, -1.48547035, 0.00000000,  1, 34.89965010, 0
0.76359925, -1.49099291, 0.00000000,  1, 34.92941403, 0
0.76533839, -1.49651399, 0.00000000,  1, 34.95758510, 0
0.76707708, -1.50203364, 0.00000000,  1, 34.98759508, 0
0.76881514, -1.50755129, 0.00000000,  1, 35.01857519, 0
0.77055136, -1.51306310, 0.00000000,  1, 35.04899406, 0
0.77229096, -1.51858565, 0.00000000,  1, 35.07527709, 0
0.77402856, -1.52410184, 0.00000000,  1, 35.10673714, 0
0.77576603, -1.52961763, 0.00000000,  1, 35.13906503, 0
0.77750524, -1.53513893, 0.00000000,  1, 35.17182803, 0
0.77924232, -1.54065346, 0.00000000,  1, 35.20177698, 0
0.78098473, -1.54618490, 0.00000000,  1, 35.23397803, 0
0.78330525, -1.55355165, 0.00000000,  1, 35.26561308, 0
0.78504399, -1.55907147, 0.00000000,  1, 35.29651904, 0
0.78678182, -1.56458839, 0.00000000,  1, 35.32763100, 0
0.78794130, -1.56826927, 0.00000000,  1, 35.35518813, 0
0.78967718, -1.57377999, 0.00000000,  1, 35.38581705, 0
0.79199507, -1.58113837, 0.00000000,  1, 35.41819000, 0
0.79373535, -1.58666309, 0.00000000,  1, 35.44914699, 0
0.79547284, -1.59217892, 0.00000000,  1, 35.47911215, 0
0.79721055, -1.59769545, 0.00000000,  1, 35.51077414, 0
0.15016906, -0.11370159, 0.00000000,  2, 35.53870201, 0
0.15016906, -0.11370159, 0.00000000,  2, 43.54425907, 0
0.15360729, -0.12106322, 0.00000000,  2, 43.58464313, 0
0.15589691, -0.12658048, 0.00000000,  2, 43.61025620, 0
0.15728899, -0.13025902, 0.00000000,  2, 43.63740015, 0
0.15979810, -0.13762247, 0.00000000,  2, 43.66882014, 0
0.16135166, -0.14314355, 0.00000000,  2, 43.69917607, 0
0.16219599, -0.14682265, 0.00000000,  2, 43.72689509, 0
0.16318025, -0.15234686, 0.00000000,  2, 43.75431919, 0
0.16400055, -0.15786867, 0.00000000,  2, 43.78158712, 0
0.16465088, -0.16338776, 0.00000000,  2, 43.81352711, 0
0.16499927, -0.16898540, 0.00000000,  2, 43.84676003, 0
0.16508472, -0.17450028, 0.00000000,  2, 43.87549210, 0
0.16508634, -0.18002448, 0.00000000,  2, 43.90949512, 0
0.16508634, -0.18554101, 0.00000000,  2, 43.94154906, 0
0.16508634, -0.19290450, 0.00000000,  2, 43.97651100, 0
0.16508634, -0.19843356, 0.00000000,  2, 44.00737810, 0
0.16508634, -0.20394905, 0.00000000,  2, 44.03910112, 0
0.16508634, -0.20946176, 0.00000000,  2, 44.06899309, 0
0.16508634, -0.21498067, 0.00000000,  2, 44.09946108, 0
0.16508634, -0.22049413, 0.00000000,  2, 44.12673211, 0
0.16508634, -0.22417141, 0.00000000,  2, 44.15215516, 0
0.16508634, -0.23152701, 0.00000000,  2, 44.18621612, 0
0.16508634, -0.24072138, 0.00000000,  2, 44.24462605, 0
0.16508634, -0.25174959, 0.00000000,  2, 44.29752803, 0
0.16508634, -0.25910302, 0.00000000,  2, 44.34495401, 0
0.16508634, -0.26461613, 0.00000000,  2, 44.37140298, 0
0.16508634, -0.27013049, 0.00000000,  2, 44.39773107, 0
0.16508634, -0.27380920, 0.00000000,  2, 44.42338610, 0
0.16508083, -0.28118830, 0.00000000,  2, 44.45817804, 0
0.16497533, -0.28672486, 0.00000000,  2, 44.49582911, 0
0.16475481, -0.29408211, 0.00000000,  2, 44.53867507, 0
0.16472045, -0.30027034, 0.00000000,  2, 44.57808018, 0
0.16472907, -0.30296912, 0.00000000,  2, 44.60853314, 0
0.16540021, -0.30461416, 0.00000000,  2, 44.64322114, 0
0.16632824, -0.30483169, 0.00000000,  2, 44.66882420, 0
0.16854446, -0.30486156, 0.00000000,  2, 44.69658518, 0
0.17172570, -0.30474271, 0.00000000,  2, 44.72212315, 0
0.17549059, -0.30328177, 0.00000000,  2, 44.75254107, 0
0.17816115, -0.30147954, 0.00000000,  2, 44.78137708, 0
0.18402294, -0.29644966, 0.00000000,  2, 44.81292701, 0
0.18712315, -0.29335626, 0.00000000,  2, 44.84279418, 0
0.19152305, -0.28848154, 0.00000000,  2, 44.87151313, 0
0.19571660, -0.28346031, 0.00000000,  2, 44.90302300, 0
0.19991292, -0.27843577, 0.00000000,  2, 44.92985916, 0
0.20412083, -0.27339735, 0.00000000,  2, 44.95540619, 0
0.20692123, -0.27004424, 0.00000000,  2, 44.98483706, 0
0.21111600, -0.26502155, 0.00000000,  2, 45.01314211, 0
0.21530609, -0.26000447, 0.00000000,  2, 45.03939414, 0
0.21810359, -0.25665483, 0.00000000,  2, 45.06483197, 0
0.22225800, -0.25159359, 0.00000000,  2, 45.09478307, 0
0.22621177, -0.24635180, 0.00000000,  2, 45.12471914, 0
0.22982134, -0.24086509, 0.00000000,  2, 45.15598011, 0
0.23323088, -0.23534128, 0.00000000,  2, 45.18137717, 0
0.23524822, -0.23166235, 0.00000000,  2, 45.20706201, 0
0.23834847, -0.22429674, 0.00000000,  2, 45.23871112, 0
0.23959878, -0.22061347, 0.00000000,  2, 45.26743603, 0
0.24109677, -0.21508927, 0.00000000,  2, 45.29337811, 0
0.24182089, -0.20956893, 0.00000000,  2, 45.32110000, 0
0.24179628, -0.20404017, 0.00000000,  2, 45.35191298, 0
0.24146631, -0.20036419, 0.00000000,  2, 45.37904716, 0
0.23999220, -0.19484801, 0.00000000,  2, 45.40540719, 0
0.23686132, -0.18940941, 0.00000000,  2, 45.43615198, 0
0.23291524, -0.18440297, 0.00000000,  2, 45.46635914, 0
0.22845454, -0.17981946, 0.00000000,  2, 45.49667215, 0
0.22348141, -0.17590641, 0.00000000,  2, 45.52322507, 0
0.21985475, -0.17375018, 0.00000000,  2, 45.55009317, 0
0.21433677, -0.17121207, 0.00000000,  2, 45.57553601, 0
0.21065892, -0.17003526, 0.00000000,  2, 45.60192800, 0
0.20514495, -0.16890770, 0.00000000,  2, 45.62723398, 0
0.19962547, -0.16796938, 0.00000000,  2, 45.65411305, 0
0.19594529, -0.16734375, 0.00000000,  2, 45.68274403, 0
0.19042547, -0.16640538, 0.00000000,  2, 45.71102619, 0
0.18490547, -0.16546698, 0.00000000,  2, 45.73592615, 0
0.17937750, -0.16456389, 0.00000000,  2, 45.76535606, 0
0.17386656, -0.16366352, 0.00000000,  2, 45.79510307, 0
0.16835692, -0.16276401, 0.00000000,  2, 45.83173513, 0
0.16285656, -0.16218674, 0.00000000,  2, 45.85694408, 0
0.15917659, -0.16218674, 0.00000000,  2, 45.88397312, 0
0.15365564, -0.16219163, 0.00000000,  2, 45.90971112, 0
0.14998165, -0.16235696, 0.00000000,  2, 45.93459511, 0
0.14445932, -0.16260547, 0.00000000,  2, 45.96232104, 0
0.13894604, -0.16285356, 0.00000000,  2, 45.99261904, 0
0.13343129, -0.16310173, 0.00000000,  2, 46.01845598, 0
0.12975349, -0.16326723, 0.00000000,  2, 46.04528213, 0
0.12423622, -0.16351551, 0.00000000,  2, 46.07274413, 0
0.11871874, -0.16376379, 0.00000000,  2, 46.10202813, 0
0.11320004, -0.16458649, 0.00000000,  2, 46.12883615, 0
0.10768568, -0.16563422, 0.00000000,  2, 46.15984917, 0
0.10400749, -0.16670210, 0.00000000,  2, 46.18553400, 0
0.09848948, -0.16881267, 0.00000000,  2, 46.21473408, 0
0.09297746, -0.17101748, 0.00000000,  2, 46.24427319, 0
0.08746401, -0.17390281, 0.00000000,  2, 46.27385497, 0
0.08195039, -0.17715585, 0.00000000,  2, 46.30236101, 0
0.07634218, -0.18056369, 0.00000000,  2, 46.33840203, 0
0.06955679, -0.18633809, 0.00000000,  2, 46.37395406, 0
0.06495840, -0.19118442, 0.00000000,  2, 46.40346813, 0
0.06221077, -0.19467696, 0.00000000,  2, 46.43032312, 0
0.05873392, -0.20015837, 0.00000000,  2, 46.45962715, 0
0.05600993, -0.20567421, 0.00000000,  2, 46.49065304, 0
0.05404510, -0.21119473, 0.00000000,  2, 46.51842499, 0
0.05290977, -0.21673094, 0.00000000,  2, 46.55113316, 0
0.05228006, -0.22227456, 0.00000000,  2, 46.58165097, 0
0.05189270, -0.22780821, 0.00000000,  2, 46.60665417, 0
0.05166245, -0.23148658, 0.00000000,  2, 46.63204908, 0
0.05129453, -0.23700891, 0.00000000,  2, 46.66154599, 0
0.05096362, -0.24252419, 0.00000000,  2, 46.69330502, 0
0.05063040, -0.24807782, 0.00000000,  2, 46.72241402, 0
0.05029893, -0.25360237, 0.00000000,  2, 46.74904799, 0
0.04996781, -0.25912094, 0.00000000,  2, 46.78193998, 0
0.04963638, -0.26464475, 0.00000000,  2, 46.81266713, 0
0.04930517, -0.27016492, 0.00000000,  2, 46.84433508, 0
0.04910890, -0.27568474, 0.00000000,  2, 46.87347198, 0
0.04909895, -0.28120292, 0.00000000,  2, 46.90477204, 0
0.04909895, -0.28672803, 0.00000000,  2, 46.93467712, 0
0.04909895, -0.29225600, 0.00000000,  2, 46.96464920, 0
0.04913028, -0.29777639, 0.00000000,  2, 46.99658918, 0
0.04953290, -0.30513147, 0.00000000,  2, 47.03128505, 0
0.05023308, -0.31065346, 0.00000000,  2, 47.06039810, 0
0.05089495, -0.31445837, 0.00000000,  2, 47.08814216, 0
0.05209025, -0.31998092, 0.00000000,  2, 47.11567402, 0
0.05363474, -0.32549892, 0.00000000,  2, 47.14555597, 0
0.05542869, -0.33101966, 0.00000000,  2, 47.17517519, 0
0.05767806, -0.33653146, 0.00000000,  2, 47.20643711, 0
0.06185930, -0.34573073, 0.00000000,  2, 47.25726604, 0
0.06524316, -0.35308694, 0.00000000,  2, 47.29736018, 0
0.06777984, -0.35860148, 0.00000000,  2, 47.33002114, 0
0.07031779, -0.36411874, 0.00000000,  2, 47.35703707, 0
0.07285900, -0.36964312, 0.00000000,  2, 47.38764215, 0
0.07539367, -0.37515328, 0.00000000,  2, 47.41618609, 0
0.07794905, -0.38066785, 0.00000000,  2, 47.44561815, 0
0.07978403, -0.38440712, 0.00000000,  2, 47.47501802, 0
0.08263788, -0.38991949, 0.00000000,  2, 47.50077701, 0
0.08569936, -0.39543567, 0.00000000,  2, 47.52943802, 0
0.08876594, -0.40095767, 0.00000000,  2, 47.56396103, 0
0.09188094, -0.40647094, 0.00000000,  2, 47.59011817, 0
0.09398869, -0.41014692, 0.00000000,  2, 47.61688900, 0
0.09724860, -0.41566202, 0.00000000,  2, 47.64329910, 0
0.10060853, -0.42118076, 0.00000000,  2, 47.67143798, 0
0.10400053, -0.42669621, 0.00000000,  2, 47.69829702, 0
0.10626160, -0.43037275, 0.00000000,  2, 47.72453499, 0
0.10965171, -0.43588512, 0.00000000,  2, 47.75166416, 0
0.11304427, -0.44140148, 0.00000000,  2, 47.78076315, 0
0.11530612, -0.44507928, 0.00000000,  2, 47.80752206, 0
0.11983061, -0.45243618, 0.00000000,  2, 47.84333515, 0
0.12322194, -0.45795054, 0.00000000,  2, 47.87055802, 0
0.12661653, -0.46347019, 0.00000000,  2, 47.90120912, 0
0.12887918, -0.46714930, 0.00000000,  2, 47.92835307, 0
0.13227139, -0.47266509, 0.00000000,  2, 47.95866418, 0
0.13566296, -0.47817984, 0.00000000,  2, 47.98367620, 0
0.13792393, -0.48185621, 0.00000000,  2, 48.01024914, 0
0.14131694, -0.48737330, 0.00000000,  2, 48.04147220, 0
0.14470939, -0.49288949, 0.00000000,  2, 48.07080007, 0
0.14810195, -0.49840584, 0.00000000,  2, 48.09887218, 0
0.15149552, -0.50392384, 0.00000000,  2, 48.12461615, 0
0.15376017, -0.50760620, 0.00000000,  2, 48.15137601, 0
0.15715318, -0.51312329, 0.00000000,  2, 48.17923808, 0
0.16066308, -0.51863947, 0.00000000,  2, 48.20866609, 0
0.16424942, -0.52415691, 0.00000000,  2, 48.23967814, 0
0.16796341, -0.52968055, 0.00000000,  2, 48.26950598, 0
0.17183461, -0.53519474, 0.00000000,  2, 48.30350900, 0
0.17589160, -0.54071291, 0.00000000,  2, 48.33450317, 0
0.18012314, -0.54622728, 0.00000000,  2, 48.36203313, 0
0.18463924, -0.55157388, 0.00000000,  2, 48.39068699, 0
0.18944436, -0.55661264, 0.00000000,  2, 48.42217016, 0
0.19446540, -0.56141326, 0.00000000,  2, 48.44765615, 0
0.19790167, -0.56451204, 0.00000000,  2, 48.47473812, 0
0.20318674, -0.56904770, 0.00000000,  2, 48.50235510, 0
0.20864878, -0.57341889, 0.00000000,  2, 48.53477597, 0
0.21417060, -0.57764308, 0.00000000,  2, 48.56093502, 0
0.21969315, -0.58186784, 0.00000000,  2, 48.59129500, 0
0.22337750, -0.58465786, 0.00000000,  2, 48.61824799, 0
0.22889567, -0.58869632, 0.00000000,  2, 48.64682317, 0
0.23441680, -0.59269914, 0.00000000,  2, 48.67927504, 0
0.24177444, -0.59803343, 0.00000000,  2, 48.71769810, 0
0.24729296, -0.60203436, 0.00000000,  2, 48.74714708, 0
0.25281131, -0.60603516, 0.00000000,  2, 48.77461219, 0
0.25833113, -0.61003703, 0.00000000,  2, 48.80264306, 0
0.26200859, -0.61270319, 0.00000000,  2, 48.82893920, 0
0.26752733, -0.61670427, 0.00000000,  2, 48.85511708, 0
0.27304477, -0.62070442, 0.00000000,  2, 48.88328600, 0
0.27672513, -0.62337268, 0.00000000,  2, 48.91101909, 0
0.28224604, -0.62737533, 0.00000000,  2, 48.93946218, 0
0.28777661, -0.63138500, 0.00000000,  2, 48.97163320, 0
0.29329262, -0.63501756, 0.00000000,  2, 49.00017905, 0
0.29881734, -0.63802037, 0.00000000,  2, 49.03102398, 0
0.30433478, -0.64039566, 0.00000000,  2, 49.06160498, 0
0.30985460, -0.64243444, 0.00000000,  2, 49.09046316, 0
0.31537243, -0.64442086, 0.00000000,  2, 49.12061310, 0
0.32089226, -0.64640800, 0.00000000,  2, 49.15340400, 0
0.32641022, -0.64866865, 0.00000000,  2, 49.17903900, 0
0.33192787, -0.65121143, 0.00000000,  2, 49.20678020, 0
0.33561114, -0.65315853, 0.00000000,  2, 49.23422909, 0
0.34112788, -0.65649913, 0.00000000,  2, 49.26512408, 0
0.34665989, -0.66031455, 0.00000000,  2, 49.29185820, 0
0.35212474, -0.66463883, 0.00000000,  2, 49.31765199, 0
0.35556831, -0.66776438, 0.00000000,  2, 49.34503317, 0
0.36025990, -0.67286496, 0.00000000,  2, 49.37292504, 0
0.36306762, -0.67653895, 0.00000000,  2, 49.39756012, 0
0.36693309, -0.68205695, 0.00000000,  2, 49.42633700, 0
0.37028594, -0.68757461, 0.00000000,  2, 49.45594597, 0
0.37274104, -0.69309387, 0.00000000,  2, 49.48480701, 0
0.37478491, -0.69861369, 0.00000000,  2, 49.51024103, 0
0.37589794, -0.70231061, 0.00000000,  2, 49.53595901, 0
0.37717984, -0.70782497, 0.00000000,  2, 49.56309199, 0
0.37840296, -0.71338459, 0.00000000,  2, 49.59070611, 0
0.37921116, -0.71705823, 0.00000000,  2, 49.61648607, 0
0.38042480, -0.72257476, 0.00000000,  2, 49.64343715, 0
0.38123516, -0.72625824, 0.00000000,  2, 49.67122817, 0
0.38244940, -0.73177750, 0.00000000,  2, 49.70141006, 0
0.38406852, -0.73913714, 0.00000000,  2, 49.73287106, 0
0.38485909, -0.74281277, 0.00000000,  2, 49.76108408, 0
0.38577142, -0.74833021, 0.00000000,  2, 49.78806114, 0
0.38641355, -0.75385333, 0.00000000,  2, 49.81611609, 0
0.38672614, -0.75753078, 0.00000000,  2, 49.84302497, 0
0.38705860, -0.76488370, 0.00000000,  2, 49.87394214, 0
0.38711108, -0.76856167, 0.00000000,  2, 49.90205717, 0
0.38716626, -0.77407916, 0.00000000,  2, 49.92912006, 0
0.38722142, -0.77959512, 0.00000000,  2, 49.95932913, 0
0.38727664, -0.78511785, 0.00000000,  2, 49.99100399, 0
0.38728873, -0.79063459, 0.00000000,  2, 50.02205300, 0
0.38728873, -0.79615550, 0.00000000,  2, 50.05215812, 0
0.38728873, -0.80167550, 0.00000000,  2, 50.08093500, 0
0.38728873, -0.80718787, 0.00000000,  2, 50.11444998, 0
0.38728873, -0.81455240, 0.00000000,  2, 50.14858198, 0
0.38728873, -0.81823076, 0.00000000,  2, 50.17548418, 0
0.38728873, -0.82375150, 0.00000000,  2, 50.20691609, 0
0.38728873, -0.82926478, 0.00000000,  2, 50.23680520, 0
0.38728873, -0.83479622, 0.00000000,  2, 50.26316309, 0
0.38728873, -0.83847623, 0.00000000,  2, 50.28836513, 0
0.38728873, -0.84398769, 0.00000000,  2, 50.31688309, 0
0.38728873, -0.84950530, 0.00000000,  2, 50.34797597, 0
0.38726056, -0.85502261, 0.00000000,  2, 50.37425709, 0
0.38722376, -0.85870223, 0.00000000,  2, 50.39958501, 0
0.38705801, -0.86421278, 0.00000000,  2, 50.42668009, 0
0.38634682, -0.86973512, 0.00000000,  2, 50.45399213, 0
0.38517287, -0.87525693, 0.00000000,  2, 50.48825216, 0
0.38373218, -0.88077494, 0.00000000,  2, 50.51596999, 0
0.38221177, -0.88630369, 0.00000000,  2, 50.54399800, 0
0.38119978, -0.88998366, 0.00000000,  2, 50.57142806, 0
0.37917648, -0.89734113, 0.00000000,  2, 50.60309720, 0
0.37816472, -0.90102023, 0.00000000,  2, 50.63015819, 0
0.37664607, -0.90654261, 0.00000000,  2, 50.65601110, 0
0.37563367, -0.91022405, 0.00000000,  2, 50.68232608, 0
0.37401803, -0.91574496, 0.00000000,  2, 50.70948505, 0
0.37216853, -0.92126587, 0.00000000,  2, 50.74128413, 0
0.37031975, -0.92678461, 0.00000000,  2, 50.77166009, 0
0.36784861, -0.93416115, 0.00000000,  2, 50.80505419, 0
0.36599843, -0.93968405, 0.00000000,  2, 50.83666515, 0
0.36415070, -0.94519967, 0.00000000,  2, 50.86843300, 0
0.36230113, -0.95072079, 0.00000000,  2, 50.89740801, 0
0.35983572, -0.95808021, 0.00000000,  2, 50.94236016, 0
0.35765929, -0.96360225, 0.00000000,  2, 50.97234607, 0
0.35550862, -0.96911678, 0.00000000,  2, 51.00354815, 0
0.35335569, -0.97463712, 0.00000000,  2, 51.03333116, 0
0.35120438, -0.98015331, 0.00000000,  2, 51.06140304, 0
0.34904930, -0.98567916, 0.00000000,  2, 51.09307098, 0
0.34689743, -0.99119677, 0.00000000,  2, 51.12091017, 0
0.34474392, -0.99671859, 0.00000000,  2, 51.14943314, 0
0.34259048, -1.00224023, 0.00000000,  2, 51.18117118, 0
0.34053032, -1.00775966, 0.00000000,  2, 51.21044803, 0
0.33934653, -1.01143261, 0.00000000,  2, 51.23545313, 0
0.33775784, -1.01694823, 0.00000000,  2, 51.26207900, 0
0.33678573, -1.02062512, 0.00000000,  2, 51.28864098, 0
0.33559454, -1.02613697, 0.00000000,  2, 51.31442714, 0
0.33468193, -1.03166511, 0.00000000,  2, 51.34149218, 0
0.33428666, -1.03534005, 0.00000000,  2, 51.36718416, 0
0.33412814, -1.04085788, 0.00000000,  2, 51.39756513, 0
0.33412814, -1.04637550, 0.00000000,  2, 51.42457914, 0
0.33413023, -1.05005222, 0.00000000,  2, 51.45053411, 0
0.33434007, -1.05556697, 0.00000000,  2, 51.47694111, 0
0.33488117, -1.05924186, 0.00000000,  2, 51.50251198, 0
0.33650496, -1.06476294, 0.00000000,  2, 51.52899003, 0
0.33915718, -1.07027748, 0.00000000,  2, 51.55702019, 0
0.34124475, -1.07395259, 0.00000000,  2, 51.58360505, 0
0.34479125, -1.07946843, 0.00000000,  2, 51.61259604, 0
0.35034371, -1.08672598, 0.00000000,  2, 51.64520311, 0
0.35495583, -1.09183775, 0.00000000,  2, 51.68006897, 0
0.35985954, -1.09664242, 0.00000000,  2, 51.70798111, 0
0.36513825, -1.10112646, 0.00000000,  2, 51.73622417, 0
0.36878573, -1.10400200, 0.00000000,  2, 51.76336598, 0
0.37610457, -1.10967910, 0.00000000,  2, 51.79702401, 0
0.38162752, -1.11389066, 0.00000000,  2, 51.82780719, 0
0.38714457, -1.11791334, 0.00000000,  2, 51.85924315, 0
0.39082913, -1.12048726, 0.00000000,  2, 51.88676810, 0
0.39634640, -1.12424214, 0.00000000,  2, 51.91378307, 0
0.40187060, -1.12791574, 0.00000000,  2, 51.94510913, 0
0.40738895, -1.13158544, 0.00000000,  2, 51.97304606, 0
0.41290132, -1.13518798, 0.00000000,  2, 52.00548100, 0
0.41842075, -1.13872041, 0.00000000,  2, 52.03394413, 0
0.42393897, -1.14222623, 0.00000000,  2, 52.06561112, 0
0.42945914, -1.14573270, 0.00000000,  2, 52.09951019, 0
0.43681167, -1.15018749, 0.00000000,  2, 52.13195705, 0
0.44232733, -1.15352446, 0.00000000,  2, 52.16277409, 0
0.44600730, -1.15572388, 0.00000000,  2, 52.18963718, 0
0.45153042, -1.15900569, 0.00000000,  2, 52.21715903, 0
0.45704421, -1.16225883, 0.00000000,  2, 52.24494314, 0
0.46255766, -1.16551177, 0.00000000,  2, 52.27810597, 0
0.46807424, -1.16876655, 0.00000000,  2, 52.30802608, 0
0.47359367, -1.17202301, 0.00000000,  2, 52.33410311, 0
0.47911332, -1.17527961, 0.00000000,  2, 52.36894798, 0
0.48463822, -1.17853930, 0.00000000,  2, 52.39811802, 0
0.49015587, -1.18179471, 0.00000000,  2, 52.42894506, 0
0.49567548, -1.18505128, 0.00000000,  2, 52.45612407, 0
0.49935948, -1.18722484, 0.00000000,  2, 52.48132014, 0
0.50487458, -1.19047875, 0.00000000,  2, 52.50648904, 0
0.50855494, -1.19265016, 0.00000000,  2, 52.53309798, 0
0.51408040, -1.19591018, 0.00000000,  2, 52.55884314, 0
0.51963278, -1.19918609, 0.00000000,  2, 52.59385514, 0
0.52701187, -1.20327386, 0.00000000,  2, 52.62685299, 0
0.53069349, -1.20524353, 0.00000000,  2, 52.65360999, 0
0.53621076, -1.20818829, 0.00000000,  2, 52.68119407, 0
0.54174605, -1.21094218, 0.00000000,  2, 52.71339703, 0
0.54726185, -1.21343406, 0.00000000,  2, 52.74139214, 0
0.55278024, -1.21591733, 0.00000000,  2, 52.77023506, 0
0.55829967, -1.21840108, 0.00000000,  2, 52.80231118, 0
0.56381984, -1.22088515, 0.00000000,  2, 52.82982898, 0
0.56750332, -1.22254272, 0.00000000,  2, 52.85735297, 0
0.57302549, -1.22502769, 0.00000000,  2, 52.88889718, 0
0.58038239, -1.22817547, 0.00000000,  2, 52.92048597, 0
0.58589966, -1.23021164, 0.00000000,  2, 52.95792818, 0
0.59141970, -1.23216230, 0.00000000,  2, 52.98824215, 0
0.59878185, -1.23475841, 0.00000000,  2, 53.02167702, 0
0.60429968, -1.23672596, 0.00000000,  2, 53.05513310, 0
0.60982605, -1.23866043, 0.00000000,  2, 53.08644819, 0
0.61533733, -1.24053356, 0.00000000,  2, 53.11630106, 0
0.62085204, -1.24225191, 0.00000000,  2, 53.14993501, 0
0.62821605, -1.24451713, 0.00000000,  2, 53.18549013, 0
0.63373115, -1.24621668, 0.00000000,  2, 53.22114420, 0
0.63924005, -1.24791651, 0.00000000,  2, 53.25221205, 0
0.64659786, -1.25017763, 0.00000000,  2, 53.28415918, 0
0.65027857, -1.25132047, 0.00000000,  2, 53.30986214, 0
0.65579748, -1.25302007, 0.00000000,  2, 53.34092808, 0
0.66130894, -1.25472176, 0.00000000,  2, 53.36966205, 0
0.66682439, -1.25641989, 0.00000000,  2, 53.39767599, 0
0.67234261, -1.25812416, 0.00000000,  2, 53.42591000, 0
0.67601876, -1.25928215, 0.00000000,  2, 53.45465302, 0
0.68159078, -1.26088191, 0.00000000,  2, 53.47993207, 0
0.68527495, -1.26178453, 0.00000000,  2, 53.50601816, 0
0.69080006, -1.26313818, 0.00000000,  2, 53.53532100, 0
0.69631876, -1.26449026, 0.00000000,  2, 53.56638503, 0
0.70367566, -1.26629270, 0.00000000,  2, 53.59813309, 0
0.70918786, -1.26764319, 0.00000000,  2, 53.62951016, 0
0.71286930, -1.26854514, 0.00000000,  2, 53.65779018, 0
0.71838661, -1.26989689, 0.00000000,  2, 53.68692803, 0
0.72390843, -1.27124973, 0.00000000,  2, 53.71341419, 0
0.72942331, -1.27255230, 0.00000000,  2, 53.74069905, 0
0.73310042, -1.27317741, 0.00000000,  2, 53.76621914, 0
0.73861842, -1.27411547, 0.00000000,  2, 53.79796600, 0
0.74413404, -1.27497277, 0.00000000,  2, 53.82542801, 0
0.74971875, -1.27556058, 0.00000000,  2, 53.85241508, 0
0.75524261, -1.27583502, 0.00000000,  2, 53.88153410, 0
0.75892332, -1.27587183, 0.00000000,  2, 53.90703702, 0
0.76446295, -1.27589973, 0.00000000,  2, 53.93352604, 0
0.76998221, -1.27589973, 0.00000000,  2, 53.96450520, 0
0.77550277, -1.27589973, 0.00000000,  2, 53.99652910, 0
0.78102402, -1.27589973, 0.00000000,  2, 54.02478218, 0
0.78470551, -1.27589973, 0.00000000,  2, 54.05095220, 0
0.79022642, -1.27589973, 0.00000000,  2, 54.07846904, 0
0.79574603, -1.27588325, 0.00000000,  2, 54.10802603, 0
0.80126004, -1.27571194, 0.00000000,  2, 54.13619900, 0
0.80493693, -1.27554648, 0.00000000,  2, 54.16489506, 0
0.81148733, -1.27525172, 0.00000000,  2, 54.19656897, 0
0.81700239, -1.27500354, 0.00000000,  2, 54.22463298, 0
0.82251566, -1.27475544, 0.00000000,  2, 54.25408316, 0
0.82619806, -1.27458973, 0.00000000,  2, 54.28082919, 0
0.83171914, -1.27448571, 0.00000000,  2, 54.30859017, 0
0.83723441, -1.27445378, 0.00000000,  2, 54.33549905, 0
0.84091096, -1.27445378, 0.00000000,  2, 54.36122108, 0
0.84643022, -1.27446699, 0.00000000,  2, 54.38913202, 0
0.85194913, -1.27468851, 0.00000000,  2, 54.41550016, 0
0.85562750, -1.27507745, 0.00000000,  2, 54.44161201, 0
0.86114897, -1.27642789, 0.00000000,  2, 54.46769500, 0
0.86666402, -1.27911321, 0.00000000,  2, 54.49643016, 0
0.87216201, -1.28294779, 0.00000000,  2, 54.52752399, 0
0.87722612, -1.28777342, 0.00000000,  2, 54.55656004, 0
0.88149491, -1.29320158, 0.00000000,  2, 54.58852315, 0
0.88502491, -1.29871451, 0.00000000,  2, 54.61789417, 0
0.88699269, -1.30239197, 0.00000000,  2, 54.64419818, 0
0.88951835, -1.30791578, 0.00000000,  2, 54.67603397, 0
0.89350020, -1.31895343, 0.00000000,  2, 54.72940898, 0
0.89513895, -1.32630561, 0.00000000,  2, 54.77505708, 0
0.89587040, -1.33182522, 0.00000000,  2, 54.80297804, 0
0.89609759, -1.33735068, 0.00000000,  2, 54.83344507, 0
0.89609759, -1.34286504, 0.00000000,  2, 54.86040998, 0
0.89604644, -1.34838616, 0.00000000,  2, 54.89003515, 0
0.89556858, -1.35390633, 0.00000000,  2, 54.92051911, 0
0.89508374, -1.35758396, 0.00000000,  2, 54.94671798, 0
0.89403226, -1.36310543, 0.00000000,  2, 54.97410011, 0
0.89261529, -1.36862270, 0.00000000,  2, 55.00142503, 0
0.89155573, -1.37230050, 0.00000000,  2, 55.02864099, 0
0.88983190, -1.37782704, 0.00000000,  2, 55.05670905, 0
0.88801743, -1.38334561, 0.00000000,  2, 55.08799815, 0
0.88614286, -1.38885906, 0.00000000,  2, 55.11384606, 0
0.88426625, -1.39437849, 0.00000000,  2, 55.14450717, 0
0.88301431, -1.39806067, 0.00000000,  2, 55.17073107, 0
0.88113453, -1.40358943, 0.00000000,  2, 55.19684505, 0
0.87926095, -1.40909997, 0.00000000,  2, 55.22426319, 0
0.87801129, -1.41277543, 0.00000000,  2, 55.25242209, 0
0.87550754, -1.42013940, 0.00000000,  2, 55.28604317, 0
0.87352525, -1.42567215, 0.00000000,  2, 55.31668115, 0
0.87153438, -1.43120233, 0.00000000,  2, 55.34611201, 0
0.87021037, -1.43488013, 0.00000000,  2, 55.37228012, 0
0.86822356, -1.44039904, 0.00000000,  2, 55.40212011, 0
0.86623688, -1.44591761, 0.00000000,  2, 55.43069410, 0
0.86423810, -1.45146977, 0.00000000,  2, 55.45974302, 0
0.86291213, -1.45515304, 0.00000000,  2, 55.48506904, 0
0.86092649, -1.46066870, 0.00000000,  2, 55.51034117, 0
0.85894001, -1.46618670, 0.00000000,  2, 55.53751707, 0
0.85693585, -1.47170470, 0.00000000,  2, 55.57057405, 0
0.85494014, -1.47722249, 0.00000000,  2, 55.60077310, 0
0.85292493, -1.48274361, 0.00000000,  2, 55.62942219, 0
0.85027331, -1.49010849, 0.00000000,  2, 55.67510104, 0
0.84626584, -1.50113813, 0.00000000,  2, 55.73273611, 0
0.84425528, -1.50664651, 0.00000000,  2, 55.76553011, 0
0.84157187, -1.51399834, 0.00000000,  2, 55.79993010, 0
0.83955734, -1.51951760, 0.00000000,  2, 55.83170199, 0
0.83754194, -1.52503924, 0.00000000,  2, 55.86476898, 0
0.83552807, -1.53055668, 0.00000000,  2, 55.89738011, 0
0.83351394, -1.53607486, 0.00000000,  2, 55.92790103, 0
0.83149999, -1.54159252, 0.00000000,  2, 55.95551205, 0
0.82948731, -1.54710670, 0.00000000,  2, 55.98744106, 0
0.82747563, -1.55261816, 0.00000000,  2, 56.01811600, 0
0.82546303, -1.55813213, 0.00000000,  2, 56.04631615, 0
0.82344651, -1.56365685, 0.00000000,  2, 56.07440114, 0
0.82143634, -1.56916415, 0.00000000,  2, 56.10751605, 0
0.07859253, 0.00000000, 0.00000000,  3, 56.13347602, 0
0.08016371, 0.00000000, 0.00000000,  3, 64.13767004, 0
0.08326190, 0.00000000, 0.00000000,  3, 64.16636920, 0
0.08771254, 0.00000000, 0.00000000,  3, 64.19612598, 0
0.09340719, 0.00000000, 0.00000000,  3, 64.22973609, 0
0.09741053, 0.00000000, 0.00000000,  3, 64.25904512, 0
0.10116258, 0.00000000, 0.00000000,  3, 64.29005599, 0
0.10459313, 0.00000000, 0.00000000,  3, 64.32160211, 0
0.10796065, 0.00000000, 0.00000000,  3, 64.35166812, 0
0.11015381, 0.00000000, 0.00000000,  3, 64.37721419, 0
0.11337730, 0.00000000, 0.00000000,  3, 64.40357709, 0
0.11546136, 0.00000000, 0.00000000,  3, 64.42938018, 0
0.11852272, 0.00000000, 0.00000000,  3, 64.45531607, 0
0.12150281, 0.00000000, 0.00000000,  3, 64.48662901, 0
0.12431985, 0.00000000, 0.00000000,  3, 64.51657820, 0
0.12699144, 0.00000000, 0.00000000,  3, 64.54674411, 0
0.12958973, 0.00000000, 0.00000000,  3, 64.57987714, 0
0.13218413, 0.00000000, 0.00000000,  3, 64.61073518, 0
0.13477836, 0.00000000, 0.00000000,  3, 64.64253497, 0
0.13734224, 0.00000000, 0.00000000,  3, 64.66738701, 0
0.13906567, 0.00000000, 0.00000000,  3, 64.69181919, 0
0.14156207, 0.00001297, 0.00000000,  3, 64.71896410, 0
0.14404666, 0.00011557, 0.00000000,  3, 64.74559402, 0
0.14650531, 0.00044961, 0.00000000,  3, 64.77651310, 0
0.14812767, 0.00075983, 0.00000000,  3, 64.80390215, 0
0.15127299, 0.00175244, 0.00000000,  3, 64.83634019, 0
0.15278894, 0.00257406, 0.00000000,  3, 64.86523008, 0
0.15499722, 0.00419146, 0.00000000,  3, 64.89369416, 0
0.15719009, 0.00616191, 0.00000000,  3, 64.92102909, 0
0.15861839, 0.00785594, 0.00000000,  3, 64.94601917, 0
0.16067581, 0.01107080, 0.00000000,  3, 64.97426009, 0
0.16268888, 0.01480195, 0.00000000,  3, 65.00204897, 0
0.16470308, 0.01867873, 0.00000000,  3, 65.02768016, 0
0.16604608, 0.02143018, 0.00000000,  3, 65.05573511, 0
0.16806148, 0.02614234, 0.00000000,  3, 65.08424306, 0
0.17007715, 0.03122862, 0.00000000,  3, 65.11173010, 0
0.17141988, 0.03464983, 0.00000000,  3, 65.13859797, 0
0.17343455, 0.03978310, 0.00000000,  3, 65.16583920, 0
0.17612167, 0.04662974, 0.00000000,  3, 65.20773005, 0
0.17813728, 0.05176539, 0.00000000,  3, 65.23658013, 0
0.18014969, 0.05689290, 0.00000000,  3, 65.26641607, 0
0.18216264, 0.06202178, 0.00000000,  3, 65.29289198, 0
0.18417445, 0.06714776, 0.00000000,  3, 65.32295609, 0
0.18551857, 0.07057251, 0.00000000,  3, 65.34881616, 0
0.18753058, 0.07569901, 0.00000000,  3, 65.37500811, 0
0.18887464, 0.07912360, 0.00000000,  3, 65.40064311, 0
0.19089555, 0.08427276, 0.00000000,  3, 65.42964101, 0
0.19291327, 0.08941381, 0.00000000,  3, 65.45874810, 0
0.19490657, 0.09438698, 0.00000000,  3, 65.48882103, 0
0.19678966, 0.09902521, 0.00000000,  3, 65.51940012, 0
0.19857169, 0.10300390, 0.00000000,  3, 65.54635715, 0
0.20027777, 0.10633215, 0.00000000,  3, 65.57765603, 0
0.20196031, 0.10855492, 0.00000000,  3, 65.61115217, 0
0.20364375, 0.10994297, 0.00000000,  3, 65.64134407, 0
0.20526716, 0.11067606, 0.00000000,  3, 65.66914320, 0
0.20679554, 0.11082424, 0.00000000,  3, 65.69872403, 0
0.20810125, 0.11082424, 0.00000000,  3, 65.72658610, 0
0.20881188, 0.11082424, 0.00000000,  3, 65.75374413, 0
0.20913222, 0.11082424, 0.00000000,  3, 65.77865219, 0
0.20913222, 0.11082424, 0.00000000,  3, 65.81182718, 0
0.20913222, 0.11082424, 0.00000000,  3, 65.83984613, 0
0.20913222, 0.11082424, 0.00000000,  3, 65.86657000, 0
0.20913222, 0.11082424, 0.00000000,  3, 65.89331412, 0
0.20913222, 0.11082424, 0.00000000,  3, 65.92251205, 0
0.20913222, 0.11082424, 0.00000000,  3, 65.95350718, 0
0.20913222, 0.11082424, 0.00000000,  3, 65.98029113, 0
0.20913222, 0.11082424, 0.00000000,  3, 66.01136804, 0
0.20913222, 0.11082424, 0.00000000,  3, 66.04107499, 0
0.20913222, 0.11082424, 0.00000000,  3, 66.06856108, 0
0.20913222, 0.11077092, 0.00000000,  3, 66.09559512, 0
0.20915605, 0.11046445, 0.00000000,  3, 66.12788010, 0
0.21029117, 0.10703837, 0.00000000,  3, 66.16357207, 0
0.21195286, 0.10274878, 0.00000000,  3, 66.19651103, 0
0.21598371, 0.09374668, 0.00000000,  3, 66.24962211, 0
0.21871332, 0.08823232, 0.00000000,  3, 66.27926016, 0
0.22144683, 0.08271887, 0.00000000,  3, 66.30833316, 0
0.22423149, 0.07720468, 0.00000000,  3, 66.33554196, 0
0.22608640, 0.07353160, 0.00000000,  3, 66.36017704, 0
0.22887437, 0.06801087, 0.00000000,  3, 66.38717699, 0
0.23073102, 0.06433433, 0.00000000,  3, 66.41308999, 0
0.23444517, 0.05697959, 0.00000000,  3, 66.44608903, 0
0.23630219, 0.05330231, 0.00000000,  3, 66.47421217, 0
0.23908732, 0.04778721, 0.00000000,  3, 66.50217509, 0
0.24187253, 0.04227194, 0.00000000,  3, 66.53335118, 0
0.24465774, 0.03675667, 0.00000000,  3, 66.56498218, 0
0.24744488, 0.03123758, 0.00000000,  3, 66.59261012, 0
0.25023541, 0.02571177, 0.00000000,  3, 66.61890006, 0
0.25394818, 0.01835977, 0.00000000,  3, 66.65791798, 0
0.25673459, 0.01284211, 0.00000000,  3, 66.69362617, 0
0.25952015, 0.00732615, 0.00000000,  3, 66.72682500, 0
0.26230364, 0.00181430, 0.00000000,  3, 66.75329804, 0
0.26509078, -0.00370479, 0.00000000,  3, 66.78258801, 0
0.26787754, -0.00922314, 0.00000000,  3, 66.81101012, 0
0.26973549, -0.01290224, 0.00000000,  3, 66.83678913, 0
0.27251869, -0.01841352, 0.00000000,  3, 66.86464405, 0
0.27530893, -0.02393877, 0.00000000,  3, 66.89581203, 0
0.27809572, -0.02945716, 0.00000000,  3, 66.92455816, 0
0.28088378, -0.03497807, 0.00000000,  3, 66.95369315, 0
0.28367219, -0.04049967, 0.00000000,  3, 66.98349714, 0
0.28553060, -0.04417968, 0.00000000,  3, 67.01062703, 0
0.28831655, -0.04969643, 0.00000000,  3, 67.03893209, 0
0.29111836, -0.05521785, 0.00000000,  3, 67.06782317, 0
0.29407955, -0.06073915, 0.00000000,  3, 67.09936905, 0
0.29729306, -0.06625642, 0.00000000,  3, 67.12506104, 0
0.29953839, -0.06993734, 0.00000000,  3, 67.15187001, 0
0.30306978, -0.07545330, 0.00000000,  3, 67.17955709, 0
0.30683968, -0.08097460, 0.00000000,  3, 67.21087313, 0
0.31088331, -0.08649659, 0.00000000,  3, 67.23975110, 0
0.31506016, -0.09200861, 0.00000000,  3, 67.26733804, 0
0.31934355, -0.09753243, 0.00000000,  3, 67.29685211, 0
0.32224303, -0.10121239, 0.00000000,  3, 67.32234597, 0
0.32667383, -0.10667254, 0.00000000,  3, 67.35020518, 0
0.33120421, -0.11202345, 0.00000000,  3, 67.37799001, 0
0.33584031, -0.11728822, 0.00000000,  3, 67.41014314, 0
0.34060640, -0.12241002, 0.00000000,  3, 67.43970609, 0
0.34556714, -0.12734299, 0.00000000,  3, 67.46636915, 0
0.34900266, -0.13050161, 0.00000000,  3, 67.49237299, 0
0.35432988, -0.13510302, 0.00000000,  3, 67.52015305, 0
0.35980386, -0.13956965, 0.00000000,  3, 67.54798198, 0
0.36348877, -0.14247073, 0.00000000,  3, 67.57394099, 0
0.36901873, -0.14665329, 0.00000000,  3, 67.60592699, 0
0.37454146, -0.15064846, 0.00000000,  3, 67.63458300, 0
0.38006237, -0.15455659, 0.00000000,  3, 67.65912700, 0
0.38558510, -0.15834078, 0.00000000,  3, 67.68995404, 0
0.39110804, -0.16199531, 0.00000000,  3, 67.72325802, 0
0.39662110, -0.16551224, 0.00000000,  3, 67.75791907, 0
0.40397801, -0.17014709, 0.00000000,  3, 67.79255199, 0
0.40949692, -0.17362400, 0.00000000,  3, 67.82525516, 0
0.41503655, -0.17711397, 0.00000000,  3, 67.85665798, 0
0.42055131, -0.18054686, 0.00000000,  3, 67.88911319, 0
0.42790713, -0.18488296, 0.00000000,  3, 67.92214513, 0
0.43342513, -0.18802823, 0.00000000,  3, 67.95699906, 0
0.43893932, -0.19117131, 0.00000000,  3, 67.98789310, 0
0.44629531, -0.19521962, 0.00000000,  3, 68.02719998, 0
0.45365711, -0.19899272, 0.00000000,  3, 68.06438518, 0
0.45733184, -0.20086683, 0.00000000,  3, 68.09173012, 0
0.46285274, -0.20368044, 0.00000000,  3, 68.11998606, 0
0.46836385, -0.20622314, 0.00000000,  3, 68.14516807, 0
0.47390804, -0.20859447, 0.00000000,  3, 68.17700410, 0
0.47759546, -0.21010631, 0.00000000,  3, 68.20429611, 0
0.48313510, -0.21237756, 0.00000000,  3, 68.23430800, 0
0.49052204, -0.21523868, 0.00000000,  3, 68.26682997, 0
0.49420786, -0.21658401, 0.00000000,  3, 68.29510713, 0
0.49972730, -0.21846973, 0.00000000,  3, 68.32612801, 0
0.50526619, -0.22010419, 0.00000000,  3, 68.35545111, 0
0.51080275, -0.22147054, 0.00000000,  3, 68.38478398, 0
0.51633766, -0.22239622, 0.00000000,  3, 68.41416907, 0
0.52185532, -0.22289979, 0.00000000,  3, 68.44016719, 0
0.52736985, -0.22294759, 0.00000000,  3, 68.47185206, 0
0.53288057, -0.22294759, 0.00000000,  3, 68.50007319, 0
0.53655985, -0.22293417, 0.00000000,  3, 68.52803898, 0
0.54208258, -0.22262832, 0.00000000,  3, 68.55321598, 0
0.54576020, -0.22215827, 0.00000000,  3, 68.57802200, 0
0.55128549, -0.22135710, 0.00000000,  3, 68.60834503, 0
0.55679495, -0.22055823, 0.00000000,  3, 68.63996315, 0
0.56231512, -0.21958948, 0.00000000,  3, 68.66625810, 0
0.56783183, -0.21833484, 0.00000000,  3, 68.69524598, 0
0.57151492, -0.21733326, 0.00000000,  3, 68.72068715, 0
0.57703422, -0.21561810, 0.00000000,  3, 68.74559712, 0
0.58255331, -0.21362682, 0.00000000,  3, 68.77335119, 0
0.58623202, -0.21201760, 0.00000000,  3, 68.80045199, 0
0.59174785, -0.20898265, 0.00000000,  3, 68.82944202, 0
0.59710973, -0.20524901, 0.00000000,  3, 68.85588598, 0
0.60034455, -0.20244797, 0.00000000,  3, 68.88259006, 0
0.60441058, -0.19779080, 0.00000000,  3, 68.90786219, 0
0.60653476, -0.19457608, 0.00000000,  3, 68.93371105, 0
0.60898129, -0.18977282, 0.00000000,  3, 68.96200109, 0
0.61055483, -0.18397118, 0.00000000,  3, 68.99589801, 0
0.61059335, -0.17998051, 0.00000000,  3, 69.02550197, 0
0.60995275, -0.17631450, 0.00000000,  3, 69.05583906, 0
0.60888037, -0.17419923, 0.00000000,  3, 69.08520103, 0
0.60642450, -0.17163363, 0.00000000,  3, 69.10991001, 0
0.60407424, -0.17050374, 0.00000000,  3, 69.13557005, 0
0.59746067, -0.16894502, 0.00000000,  3, 69.16919899, 0
0.59194102, -0.16847582, 0.00000000,  3, 69.20431113, 0
0.58642012, -0.16853373, 0.00000000,  3, 69.23210907, 0
0.58090376, -0.16923073, 0.00000000,  3, 69.25937605, 0
0.57538758, -0.16997541, 0.00000000,  3, 69.28959799, 0
0.57171030, -0.17047185, 0.00000000,  3, 69.31592298, 0
0.56619268, -0.17121673, 0.00000000,  3, 69.34439611, 0
0.56067156, -0.17196208, 0.00000000,  3, 69.37508607, 0
0.55515178, -0.17270725, 0.00000000,  3, 69.40761209, 0
0.54963469, -0.17345205, 0.00000000,  3, 69.43638611, 0
0.54411942, -0.17419662, 0.00000000,  3, 69.46536112, 0
0.53860557, -0.17475143, 0.00000000,  3, 69.49585915, 0
0.53309139, -0.17496263, 0.00000000,  3, 69.52517700, 0
0.52756996, -0.17502621, 0.00000000,  3, 69.55269909, 0
0.52389684, -0.17503815, 0.00000000,  3, 69.57826018, 0
0.51876343, -0.17521389, 0.00000000,  3, 69.60901999, 0
0.51489416, -0.17560136, 0.00000000,  3, 69.63902402, 0
0.51200869, -0.17623349, 0.00000000,  3, 69.67078114, 0
0.50987346, -0.17744314, 0.00000000,  3, 69.70896006, 0
0.50972824, -0.17788092, 0.00000000,  3, 69.73725009, 0
0.50972824, -0.17788092, 0.00000000,  3, 69.76464200, 0
0.50972824, -0.17788092, 0.00000000,  3, 69.79356098, 0
0.50972824, -0.17788092, 0.00000000,  3, 69.82206011, 0
0.50972824, -0.17788092, 0.00000000,  3, 69.84945202, 0
0.50972824, -0.17788092, 0.00000000,  3, 69.87675309, 0
0.50972824, -0.17788092, 0.00000000,  3, 69.90616417, 0
0.50972824, -0.17788092, 0.00000000,  3, 69.93628097, 0
0.50972824, -0.17788092, 0.00000000,  3, 69.96283412, 0
0.50972824, -0.17788092, 0.00000000,  3, 69.99384308, 0
0.50972824, -0.17788092, 0.00000000,  3, 70.02010918, 0
0.50972824, -0.17788092, 0.00000000,  3, 70.05123305, 0
0.50972824, -0.17788092, 0.00000000,  3, 70.08245206, 0
0.50972824, -0.17788092, 0.00000000,  3, 70.11585712, 0
0.50972824, -0.17788092, 0.00000000,  3, 70.14439297, 0
0.50972824, -0.17788092, 0.00000000,  3, 70.17518115, 0
0.50972824, -0.17788092, 0.00000000,  3, 70.20653510, 0
0.50972824, -0.17788092, 0.00000000,  3, 70.23836017, 0
0.50972824, -0.17788092, 0.00000000,  3, 70.26774597, 0
0.50972824, -0.17788092, 0.00000000,  3, 70.29393315, 0
0.50972824, -0.17788092, 0.00000000,  3, 70.32137918, 0
0.50972824, -0.17788092, 0.00000000,  3, 70.35435915, 0
0.50972824, -0.17788092, 0.00000000,  3, 70.38418198, 0
0.50972824, -0.17788092, 0.00000000,  3, 70.41083717, 0
0.50972824, -0.17788092, 0.00000000,  3, 70.43769503, 0
0.50972824, -0.17788092, 0.00000000,  3, 70.46635103, 0
0.50972824, -0.17788092, 0.00000000,  3, 70.49637818, 0
0.50972824, -0.17788092, 0.00000000,  3, 70.52814507, 0
0.50972824, -0.17788092, 0.00000000,  3, 70.56039619, 0
0.50972824, -0.17788092, 0.00000000,  3, 70.59190607, 0
0.50972824, -0.17788092, 0.00000000,  3, 70.62082720, 0
0.50972824, -0.17788092, 0.00000000,  3, 70.64813709, 0
0.50972824, -0.17788092, 0.00000000,  3, 70.67998004, 0
0.50972824, -0.17788092, 0.00000000,  3, 70.71308398, 0
0.50972824, -0.17788092, 0.00000000,  3, 70.74402618, 0
0.50972824, -0.17788092, 0.00000000,  3, 70.77084804, 0
0.50972824, -0.17788092, 0.00000000,  3, 70.79916501, 0
0.50972824, -0.17788092, 0.00000000,  3, 70.82566810, 0
0.50972824, -0.17788092, 0.00000000,  3, 70.85422015, 0
0.50972824, -0.17788092, 0.00000000,  3, 70.88321710, 0
0.50972824, -0.17788092, 0.00000000,  3, 70.91043305, 0
0.50972824, -0.17788092, 0.00000000,  3, 70.94006801, 0
0.50972824, -0.17788092, 0.00000000,  3, 70.96864700, 0
0.50972824, -0.17788092, 0.00000000,  3, 70.99731302, 0
0.50972824, -0.17788092, 0.00000000,  3, 71.02933216, 0
0.50972824, -0.17788092, 0.00000000,  3, 71.05493212, 0
0.50972824, -0.17788092, 0.00000000,  3, 71.08256912, 0
0.50972824, -0.17788092, 0.00000000,  3, 71.10804319, 0
0.50972824, -0.17788092, 0.00000000,  3, 71.13558316, 0
0.50972824, -0.17788092, 0.00000000,  3, 71.16549206, 0
0.50972824, -0.17788092, 0.00000000,  3, 71.19714713, 0
0.50972824, -0.17788092, 0.00000000,  3, 71.22472906, 0
0.50972824, -0.17788092, 0.00000000,  3, 71.25355005, 0
0.50972824, -0.17788092, 0.00000000,  3, 71.28273010, 0
0.50972824, -0.17788092, 0.00000000,  3, 71.31252408, 0
0.50972824, -0.17788092, 0.00000000,  3, 71.34119916, 0
0.50972824, -0.17788092, 0.00000000,  3, 71.36719298, 0
0.50972824, -0.17788092, 0.00000000,  3, 71.39722013, 0
0.50972824, -0.17788092, 0.00000000,  3, 71.43056703, 0
0.50972824, -0.17788092, 0.00000000,  3, 71.46226811, 0
0.50972824, -0.17788092, 0.00000000,  3, 71.49307108, 0
0.50972824, -0.17788092, 0.00000000,  3, 71.52529907, 0
0.50972824, -0.17788092, 0.00000000,  3, 71.55550504, 0
0.50972824, -0.17788092, 0.00000000,  3, 71.58740807, 0
0.50972824, -0.17788092, 0.00000000,  3, 71.61746311, 0
0.50972824, -0.17788092, 0.00000000,  3, 71.64523911, 0
0.50972824, -0.17788092, 0.00000000,  3, 71.68101215, 0
0.50972824, -0.17788092, 0.00000000,  3, 71.70953107, 0
0.50972824, -0.17788092, 0.00000000,  3, 71.73669910, 0
0.50972824, -0.17788092, 0.00000000,  3, 71.76595616, 0
0.50972824, -0.17788092, 0.00000000,  3, 71.79715204, 0
0.50972824, -0.17788092, 0.00000000,  3, 71.82679701, 0
0.50972824, -0.17788092, 0.00000000,  3, 71.85300303, 0
0.50972824, -0.17788092, 0.00000000,  3, 71.87893414, 0
0.50972824, -0.17788092, 0.00000000,  3, 71.90619898, 0
0.50972824, -0.17788092, 0.00000000,  3, 71.93781114, 0
0.50972824, -0.17788092, 0.00000000,  3, 71.96777010, 0
0.50972824, -0.17788092, 0.00000000,  3, 71.99537516, 0
0.50972824, -0.17788092, 0.00000000,  3, 72.02377915, 0
0.50972824, -0.17788092, 0.00000000,  3, 72.05209708, 0
0.50972824, -0.17788092, 0.00000000,  3, 72.08205009, 0
0.50972824, -0.17788092, 0.00000000,  3, 72.12026405, 0
0.50972824, -0.17788092, 0.00000000,  3, 72.15152216, 0
0.50972824, -0.17788092, 0.00000000,  3, 72.18444514, 0
0.50972824, -0.17788092, 0.00000000,  3, 72.21218204, 0
0.50972824, -0.17788092, 0.00000000,  3, 72.24164009, 0
0.50972824, -0.17788092, 0.00000000,  3, 72.27037001, 0
0.50972824, -0.17788092, 0.00000000,  3, 72.30420899, 0
0.50972824, -0.17788092, 0.00000000,  3, 72.33573699, 0
0.50972824, -0.17788092, 0.00000000,  3, 72.36496997, 0
0.50972824, -0.17788092, 0.00000000,  3, 72.39311004, 0
0.50972824, -0.17788092, 0.00000000,  3, 72.42376018, 0
0.50972824, -0.17788092, 0.00000000,  3, 72.45600104, 0
0.50972824, -0.17788092, 0.00000000,  3, 72.48572111, 0
0.50972824, -0.17788092, 0.00000000,  3, 72.51220202, 0
0.50972824, -0.17788092, 0.00000000,  3, 72.53770804, 0
0.50972824, -0.17788092, 0.00000000,  3, 72.56278110, 0
0.50972824, -0.17788092, 0.00000000,  3, 72.59356618, 0
0.50972824, -0.17788092, 0.00000000,  3, 72.62108803, 0
0.50972824, -0.17788092, 0.00000000,  3, 72.64639711, 0
0.50972824, -0.17788092, 0.00000000,  3, 72.67674899, 0
0.50972824, -0.17788092, 0.00000000,  3, 72.70411706, 0
0.50972824, -0.17788092, 0.00000000,  3, 72.73726201, 0
0.50972824, -0.17788092, 0.00000000,  3, 72.77003598, 0
0.50972824, -0.17788092, 0.00000000,  3, 72.80310798, 0
0.50972824, -0.17788092, 0.00000000,  3, 72.83266401, 0
0.50972824, -0.17788092, 0.00000000,  3, 72.86247897, 0
0.50972824, -0.17788092, 0.00000000,  3, 72.89019418, 0
0.50972824, -0.17788092, 0.00000000,  3, 72.92329812, 0
0.50972824, -0.17788092, 0.00000000,  3, 72.95464706, 0
0.50972824, -0.17788092, 0.00000000,  3, 72.98018312, 0
0.50972824, -0.17788092, 0.00000000,  3, 73.00622296, 0
0.50972824, -0.17788092, 0.00000000,  3, 73.03419399, 0
0.50972824, -0.17788092, 0.00000000,  3, 73.06073213, 0
0.50972824, -0.17788092, 0.00000000,  3, 73.09007120, 0
0.50972824, -0.17788092, 0.00000000,  3, 73.11778402, 0
0.50972824, -0.17788092, 0.00000000,  3, 73.14734316, 0
0.50972824, -0.17788092, 0.00000000,  3, 73.17961097, 0
0.50972824, -0.17788092, 0.00000000,  3, 73.21004701, 0
0.50972824, -0.17788092, 0.00000000,  3, 73.24087119, 0
0.50972824, -0.17788092, 0.00000000,  3, 73.27386618, 0
0.50972824, -0.17788092, 0.00000000,  3, 73.31135297, 0
0.50972824, -0.17788092, 0.00000000,  3, 73.36458707, 0
0.50972824, -0.17788092, 0.00000000,  3, 73.40082717, 0
0.50972824, -0.17788092, 0.00000000,  3, 73.42792797, 0
0.50972824, -0.17788092, 0.00000000,  3, 73.45880508, 0
0.50972824, -0.17788092, 0.00000000,  3, 73.48470712, 0
0.50972824, -0.17788092, 0.00000000,  3, 73.51764202, 0
0.50972824, -0.17788092, 0.00000000,  3, 73.54715919, 0
0.50972824, -0.17788092, 0.00000000,  3, 73.57387209, 0
0.50972824, -0.17788092, 0.00000000,  3, 73.60510111, 0
0.50972824, -0.17788092, 0.00000000,  3, 73.63515520, 0
0.50972824, -0.17788092, 0.00000000,  3, 73.66878510, 0
0.50972824, -0.17788092, 0.00000000,  3, 73.69908404, 0
0.50972824, -0.17788092, 0.00000000,  3, 73.72637105, 0
0.50972824, -0.17788092, 0.00000000,  3, 73.75349307, 0
0.50972824, -0.17788092, 0.00000000,  3, 73.77962399, 0
0.50972824, -0.17788092, 0.00000000,  3, 73.81022310, 0
0.50972824, -0.17788092, 0.00000000,  3, 73.83929610, 0
0.50972824, -0.17788092, 0.00000000,  3, 73.86639905, 0
0.50972824, -0.17788092, 0.00000000,  3, 73.89312315, 0
0.50972824, -0.17788092, 0.00000000,  3, 73.92472315, 0
0.50972824, -0.17788092, 0.00000000,  3, 73.95682597, 0
0.50972824, -0.17788092, 0.00000000,  3, 73.98984599, 0
0.50972824, -0.17788092, 0.00000000,  3, 74.02130699, 0
0.50972824, -0.17788092, 0.00000000,  3, 74.04800010, 0
0.50972824, -0.17788092, 0.00000000,  3, 74.07595801, 0
0.50972824, -0.17788092, 0.00000000,  3, 74.10475898, 0
0.50972824, -0.17788092, 0.00000000,  3, 74.13239717, 0
0.50972824, -0.17788092, 0.00000000,  3, 74.15933609, 0
0.50972824, -0.17788092, 0.00000000,  3, 74.18544102, 0
0.50972824, -0.17788092, 0.00000000,  3, 74.21056819, 0
0.50972824, -0.17788092, 0.00000000,  3, 74.23522997, 0
0.50972824, -0.17788092, 0.00000000,  3, 74.26572108, 0
0.50972824, -0.17788092, 0.00000000,  3, 74.29934907, 0
0.50972824, -0.17788092, 0.00000000,  3, 74.33126903, 0
0.50972824, -0.17788092, 0.00000000,  3, 74.35751200, 0
0.50972824, -0.17788092, 0.00000000,  3, 74.38596511, 0
0.50972824, -0.17788092, 0.00000000,  3, 74.41383600, 0
0.50972824, -0.17788092, 0.00000000,  3, 74.43959308, 0
0.50972824, -0.17788092, 0.00000000,  3, 74.46538806, 0
0.50972824, -0.17788092, 0.00000000,  3, 74.49243116, 0
0.50972824, -0.17788092, 0.00000000,  3, 74.52554297, 0
0.50972824, -0.17788092, 0.00000000,  3, 74.56119919, 0
0.50972824, -0.17788092, 0.00000000,  3, 74.59320498, 0
0.50972824, -0.17788092, 0.00000000,  3, 74.62449312, 0
0.50972824, -0.17788092, 0.00000000,  3, 74.65518403, 0
0.50972824, -0.17788092, 0.00000000,  3, 74.68299198, 0
0.50972824, -0.17788092, 0.00000000,  3, 74.70962620, 0
0.50972824, -0.17788092, 0.00000000,  3, 74.74188900, 0
0.50972824, -0.17788092, 0.00000000,  3, 74.76823997, 0
0.50972824, -0.17788092, 0.00000000,  3, 74.79625702, 0
0.50972824, -0.17788092, 0.00000000,  3, 74.82392216, 0
0.50972824, -0.17788092, 0.00000000,  3, 74.85183907, 0
0.50972824, -0.17788092, 0.00000000,  3, 74.87943816, 0
0.50972824, -0.17788092, 0.00000000,  3, 74.91001105, 0
0.50972824, -0.17788092, 0.00000000,  3, 74.94284701, 0
0.50972824, -0.17788092, 0.00000000,  3, 74.97428203, 0
0.50972824, -0.17788092, 0.00000000,  3, 75.00452304, 0
0.50972824, -0.17788092, 0.00000000,  3, 75.03262520, 0
0.50972824, -0.17788092, 0.00000000,  3, 75.06300807, 0
0.50972824, -0.17788092, 0.00000000,  3, 75.08837914, 0
0.50972824, -0.17788092, 0.00000000,  3, 75.11299801, 0
0.50972824, -0.17788092, 0.00000000,  3, 75.14103508, 0
0.50972824, -0.17788092, 0.00000000,  3, 75.16905403, 0
0.50972824, -0.17788092, 0.00000000,  3, 75.19895601, 0
0.50972824, -0.17788092, 0.00000000,  3, 75.22568107, 0
0.50972824, -0.17788092, 0.00000000,  3, 75.25535703, 0
0.50972824, -0.17788092, 0.00000000,  3, 75.28271818, 0
0.50972824, -0.17788092, 0.00000000,  3, 75.31225920, 0
0.50972824, -0.17788092, 0.00000000,  3, 75.34263015, 0
0.50972824, -0.17788092, 0.00000000,  3, 75.37551904, 0
0.50972824, -0.17788092, 0.00000000,  3, 75.40535498, 0
0.50972824, -0.17788092, 0.00000000,  3, 75.43254209, 0
0.50972824, -0.17788092, 0.00000000,  3, 75.45983315, 0
0.50972824, -0.17788092, 0.00000000,  3, 75.48589015, 0
0.50972824, -0.17788092, 0.00000000,  3, 75.51253700, 0
0.50972824, -0.17788092, 0.00000000,  3, 75.54052615, 0
0.50972824, -0.17788092, 0.00000000,  3, 75.57249498, 0
0.50972824, -0.17788092, 0.00000000,  3, 75.60153413, 0
0.50972824, -0.17788092, 0.00000000,  3, 75.62846518, 0
0.50972824, -0.17788092, 0.00000000,  3, 75.65623212, 0
0.50972824, -0.17788092, 0.00000000,  3, 75.68706298, 0
0.50972824, -0.17788092, 0.00000000,  3, 75.71698999, 0
0.50972824, -0.17788092, 0.00000000,  3, 75.74386597, 0
0.50972824, -0.17788092, 0.00000000,  3, 75.77177215, 0
0.50972824, -0.17788092, 0.00000000,  3, 75.80262613, 0
0.50972824, -0.17788092, 0.00000000,  3, 75.83672118, 0
0.50972824, -0.17788092, 0.00000000,  3, 75.86650109, 0
0.50972824, -0.17788092, 0.00000000,  3, 75.89694715, 0
0.50972824, -0.17788092, 0.00000000,  3, 75.92453313, 0
0.50972824, -0.17788092, 0.00000000,  3, 75.95529103, 0
0.50972824, -0.17788092, 0.00000000,  3, 75.98322201, 0
0.50972824, -0.17788092, 0.00000000,  3, 76.00998402, 0
0.50972824, -0.17788092, 0.00000000,  3, 76.04117203, 0
0.50972824, -0.17788092, 0.00000000,  3, 76.07241297, 0
0.50972824, -0.17788092, 0.00000000,  3, 76.10346413, 0
0.50972824, -0.17788092, 0.00000000,  3, 76.13379908, 0
0.50972824, -0.17788092, 0.00000000,  3, 76.16684508, 0
0.50972824, -0.17788092, 0.00000000,  3, 76.19759417, 0
0.50972824, -0.17788092, 0.00000000,  3, 76.22701812, 0
0.50972824, -0.17788092, 0.00000000,  3, 76.26224113, 0
0.50972824, -0.17788092, 0.00000000,  3, 76.29199314, 0
0.50972824, -0.17788092, 0.00000000,  3, 76.31929398, 0
0.50972824, -0.17788092, 0.00000000,  3, 76.34805012, 0
0.50972824, -0.17788092, 0.00000000,  3, 76.37957811, 0
0.50972824, -0.17788092, 0.00000000,  3, 76.41058803, 0
0.50972824, -0.17788092, 0.00000000,  3, 76.44317698, 0
0.50972824, -0.17788092, 0.00000000,  3, 76.47405910, 0
0.50972824, -0.17788092, 0.00000000,  3, 76.50583005, 0
0.50972824, -0.17788092, 0.00000000,  3, 76.53812909, 0
0.50972824, -0.17788092, 0.00000000,  3, 76.56738210, 0
0.50972824, -0.17788092, 0.00000000,  3, 76.60104609, 0
0.50972824, -0.17788092, 0.00000000,  3, 76.63192415, 0
0.50972824, -0.17788092, 0.00000000,  3, 76.66353607, 0
0.50972824, -0.17788092, 0.00000000,  3, 76.70105314, 0
0.50972824, -0.17788092, 0.00000000,  3, 76.73877907, 0
0.50972824, -0.17788092, 0.00000000,  3, 76.77922606, 0
0.50972824, -0.17788092, 0.00000000,  3, 76.81113410, 0
0.50972824, -0.17788092, 0.00000000,  3, 76.84055018, 0
0.50972824, -0.17788092, 0.00000000,  3, 76.86733508, 0
0.50972824, -0.17788092, 0.00000000,  3, 76.89611506, 0
0.50972824, -0.17788092, 0.00000000,  3, 76.92442298, 0
0.50972824, -0.17788092, 0.00000000,  3, 76.95500803, 0
0.50972824, -0.17788092, 0.00000000,  3, 76.98120213, 0
0.50972824, -0.17788092, 0.00000000,  3, 77.01188111, 0
0.50972824, -0.17788092, 0.00000000,  3, 77.03825402, 0
0.50972824, -0.17788092, 0.00000000,  3, 77.06453109, 0
0.50972824, -0.17788092, 0.00000000,  3, 77.08946419, 0
0.50972824, -0.17788092, 0.00000000,  3, 77.11940908, 0
0.50972824, -0.17788092, 0.00000000,  3, 77.14627004, 0
0.50972824, -0.17788092, 0.00000000,  3, 77.17466712, 0
0.50972824, -0.17788092, 0.00000000,  3, 77.20464802, 0
0.50972824, -0.17788092, 0.00000000,  3, 77.23231006, 0
0.50972824, -0.17788092, 0.00000000,  3, 77.26109314, 0
0.50972824, -0.17788092, 0.00000000,  3, 77.28918815, 0
0.50972824, -0.17788092, 0.00000000,  3, 77.32002807, 0
0.50972824, -0.17788092, 0.00000000,  3, 77.34662914, 0
0.50972824, -0.17788092, 0.00000000,  3, 77.37649107, 0
0.50972824, -0.17788092, 0.00000000,  3, 77.40440106, 0
0.50972824, -0.17788092, 0.00000000,  3, 77.43183398, 0
0.50972824, -0.17788092, 0.00000000,  3, 77.45832419, 0
0.50972824, -0.17788092, 0.00000000,  3, 77.48382497, 0
0.50972824, -0.17788092, 0.00000000,  3, 77.51059699, 0
0.50972824, -0.17788092, 0.00000000,  3, 77.54123807, 0
0.50972824, -0.17788092, 0.00000000,  3, 77.57106304, 0
0.50972824, -0.17788092, 0.00000000,  3, 77.60103416, 0
0.50972824, -0.17788092, 0.00000000,  3, 77.63237214, 0
0.50972824, -0.17788092, 0.00000000,  3, 77.66550016, 0
0.50972824, -0.17788092, 0.00000000,  3, 77.69546008, 0
0.50972824, -0.17788092, 0.00000000,  3, 77.72286701, 0
0.50972824, -0.17788092, 0.00000000,  3, 77.74783516, 0
0.50972824, -0.17788092, 0.00000000,  3, 77.77709103, 0
0.50972824, -0.17788092, 0.00000000,  3, 77.80693316, 0
0.50972824, -0.17788092, 0.00000000,  3, 77.83306098, 0
0.50972824, -0.17788092, 0.00000000,  3, 77.86137700, 0
0.50972824, -0.17788092, 0.00000000,  3, 77.88947105, 0
0.50972824, -0.17788092, 0.00000000,  3, 77.92037702, 0
0.50972824, -0.17788092, 0.00000000,  3, 77.94840407, 0
0.50972824, -0.17788092, 0.00000000,  3, 77.98147106, 0
0.50972824, -0.17788092, 0.00000000,  3, 78.01528215, 0
0.50972824, -0.17788092, 0.00000000,  3, 78.04601216, 0
0.50972824, -0.17788092, 0.00000000,  3, 78.07472205, 0
0.50972824, -0.17788092, 0.00000000,  3, 78.10498405, 0
0.50972824, -0.17788092, 0.00000000,  3, 78.13073015, 0
0.50972824, -0.17788092, 0.00000000,  3, 78.16456318, 0
0.50972824, -0.17788092, 0.00000000,  3, 78.19731307, 0
0.50972824, -0.17788092, 0.00000000,  3, 78.22857904, 0
0.50972824, -0.17788092, 0.00000000,  3, 78.26065207, 0
0.50972824, -0.17788092, 0.00000000,  3, 78.29299402, 0
0.50972824, -0.17788092, 0.00000000,  3, 78.32214308, 0
0.50972824, -0.17788092, 0.00000000,  3, 78.34775209, 0
0.50972824, -0.17788092, 0.00000000,  3, 78.37788796, 0
0.50972824, -0.17788092, 0.00000000,  3, 78.40848804, 0
0.50972824, -0.17788092, 0.00000000,  3, 78.44049406, 0
0.50972824, -0.17788092, 0.00000000,  3, 78.47201514, 0
0.50972824, -0.17788092, 0.00000000,  3, 78.50488615, 0
0.50972824, -0.17788092, 0.00000000,  3, 78.53729200, 0
0.50972824, -0.17788092, 0.00000000,  3, 78.56618309, 0
0.50972824, -0.17788092, 0.00000000,  3, 78.59475207, 0
0.50972824, -0.17788092, 0.00000000,  3, 78.62262011, 0
0.50972824, -0.17788092, 0.00000000,  3, 78.65198517, 0
0.50972824, -0.17788092, 0.00000000,  3, 78.68059397, 0
0.50972824, -0.17788092, 0.00000000,  3, 78.70690918, 0
0.50972824, -0.17788092, 0.00000000,  3, 78.73263812, 0
0.50972824, -0.17788092, 0.00000000,  3, 78.76513815, 0
0.50972824, -0.17788092, 0.00000000,  3, 78.79557204, 0
0.50972824, -0.17788092, 0.00000000,  3, 78.82798505, 0
0.50972824, -0.17788092, 0.00000000,  3, 78.85925603, 0
0.50972824, -0.17788092, 0.00000000,  3, 78.89239407, 0
0.50972824, -0.17788092, 0.00000000,  3, 78.92182708, 0
0.50972824, -0.17788092, 0.00000000,  3, 78.95069599, 0
0.50972824, -0.17788092, 0.00000000,  3, 78.97941208, 0
0.50972824, -0.17788092, 0.00000000,  3, 79.01029611, 0
0.50972824, -0.17788092, 0.00000000,  3, 79.04000020, 0
0.50972824, -0.17788092, 0.00000000,  3, 79.07041502, 0
0.50972824, -0.17788092, 0.00000000,  3, 79.09739113, 0
0.50972824, -0.17788092, 0.00000000,  3, 79.12379909, 0
0.50972824, -0.17788092, 0.00000000,  3, 79.15442204, 0
0.50972824, -0.17788092, 0.00000000,  3, 79.18064713, 0
0.50972824, -0.17788092, 0.00000000,  3, 79.21216011, 0
0.50972824, -0.17788092, 0.00000000,  3, 79.24352312, 0
0.50972824, -0.17788092, 0.00000000,  3, 79.27691507, 0
0.50972824, -0.17788092, 0.00000000,  3, 79.30896211, 0
0.50972824, -0.17788092, 0.00000000,  3, 79.33597398, 0
0.50972824, -0.17788092, 0.00000000,  3, 79.36458302, 0
0.50972824, -0.17788092, 0.00000000,  3, 79.39118314, 0
0.50972824, -0.17788092, 0.00000000,  3, 79.42122912, 0
0.50972824, -0.17788092, 0.00000000,  3, 79.45429206, 0
0.50972824, -0.17788092, 0.00000000,  3, 79.48181820, 0
0.50972824, -0.17788092, 0.00000000,  3, 79.50905299, 0
0.50972824, -0.17788092, 0.00000000,  3, 79.53925419, 0
0.50972824, -0.17788092, 0.00000000,  3, 79.56546116, 0
0.50972824, -0.17788092, 0.00000000,  3, 79.59064102, 0
0.50972824, -0.17788092, 0.00000000,  3, 79.62145400, 0
0.50972824, -0.17788092, 0.00000000,  3, 79.65105700, 0
0.50972824, -0.17788092, 0.00000000,  3, 79.68217301, 0
0.50972824, -0.17788092, 0.00000000,  3, 79.71509004, 0
0.50972824, -0.17788092, 0.00000000,  3, 79.74438000, 0
0.50972824, -0.17788092, 0.00000000,  3, 79.77424312, 0
0.50972824, -0.17788092, 0.00000000,  3, 79.80407500, 0
0.50972824, -0.17788092, 0.00000000,  3, 79.83911610, 0
0.50972824, -0.17788092, 0.00000000,  3, 79.86548305, 0
0.50972824, -0.17788092, 0.00000000,  3, 79.89741898, 0
0.50972824, -0.17788092, 0.00000000,  3, 79.92677712, 0
0.50972824, -0.17788092, 0.00000000,  3, 79.95269513, 0
0.50972824, -0.17788092, 0.00000000,  3, 79.97817016, 0
0.50972824, -0.17788092, 0.00000000,  3, 80.00239301, 0
0.50972824, -0.17788092, 0.00000000,  3, 80.02912211, 0
0.50972824, -0.17788092, 0.00000000,  3, 80.05977702, 0
0.50972824, -0.17788092, 0.00000000,  3, 80.08671808, 0
0.50972824, -0.17788092, 0.00000000,  3, 80.11787105, 0
0.50972824, -0.17788092, 0.00000000,  3, 80.14442706, 0
0.50972824, -0.17788092, 0.00000000,  3, 80.16970611, 0
0.50972824, -0.17788092, 0.00000000,  3, 80.20369816, 0
0.50972824, -0.17788092, 0.00000000,  3, 80.23187613, 0
0.50972824, -0.17788092, 0.00000000,  3, 80.26503706, 0
0.50972824, -0.17788092, 0.00000000,  3, 80.29922509, 0
0.50972824, -0.17788092, 0.00000000,  3, 80.32623100, 0
0.50972824, -0.17788092, 0.00000000,  3, 80.35423517, 0
0.50972824, -0.17788092, 0.00000000,  3, 80.38533115, 0
0.50972824, -0.17788092, 0.00000000,  3, 80.41629314, 0
0.50972824, -0.17788092, 0.00000000,  3, 80.44349718, 0
0.50972824, -0.17788092, 0.00000000,  3, 80.47177601, 0
0.50972824, -0.17788092, 0.00000000,  3, 80.50046706, 0
0.50972824, -0.17788092, 0.00000000,  3, 80.53119206, 0
0.50972824, -0.17788092, 0.00000000,  3, 80.56095815, 0
0.50972824, -0.17788092, 0.00000000,  3, 80.59072018, 0
0.50972824, -0.17788092, 0.00000000,  3, 80.62214398, 0
0.50972824, -0.17788092, 0.00000000,  3, 80.65177107, 0
0.50972824, -0.17788092, 0.00000000,  3, 80.68608403, 0
0.50972824, -0.17788092, 0.00000000,  3, 80.71387219, 0
0.50972824, -0.17788092, 0.00000000,  3, 80.73942804, 0
0.50972824, -0.17788092, 0.00000000,  3, 80.76725411, 0
0.50972824, -0.17788092, 0.00000000,  3, 80.79839897, 0
0.50972824, -0.17788092, 0.00000000,  3, 80.83163714, 0
0.50972824, -0.17788092, 0.00000000,  3, 80.85792899, 0
0.50972824, -0.17788092, 0.00000000,  3, 80.88832307, 0
0.50972824, -0.17788092, 0.00000000,  3, 80.91814518, 0
0.50972824, -0.17788092, 0.00000000,  3, 80.94472408, 0
0.50972824, -0.17788092, 0.00000000,  3, 80.97519708, 0
0.50972824, -0.17788092, 0.00000000,  3, 81.00669312, 0
0.50972824, -0.17788092, 0.00000000,  3, 81.03631210, 0
0.50972824, -0.17788092, 0.00000000,  3, 81.06230402, 0
0.50972824, -0.17788092, 0.00000000,  3, 81.08968401, 0
0.50972824, -0.17788092, 0.00000000,  3, 81.11800003, 0
0.50972824, -0.17788092, 0.00000000,  3, 81.14291406, 0
0.50972824, -0.17788092, 0.00000000,  3, 81.16774011, 0
0.50972824, -0.17788092, 0.00000000,  3, 81.19341111, 0
0.50972824, -0.17788092, 0.00000000,  3, 81.22112799, 0
0.50972824, -0.17788092, 0.00000000,  3, 81.24935699, 0
0.50972824, -0.17788092, 0.00000000,  3, 81.27699804, 0
0.50972824, -0.17788092, 0.00000000,  3, 81.30536008, 0
0.50972824, -0.17788092, 0.00000000,  3, 81.33239508, 0
0.50972824, -0.17788092, 0.00000000,  3, 81.35813212, 0
0.50972824, -0.17788092, 0.00000000,  3, 81.38408303, 0
0.50972824, -0.17788092, 0.00000000,  3, 81.40991116, 0
0.50972824, -0.17788092, 0.00000000,  3, 81.44183207, 0
0.50972824, -0.17788092, 0.00000000,  3, 81.47016597, 0
0.50972824, -0.17788092, 0.00000000,  3, 81.49901319, 0
0.50972824, -0.17788092, 0.00000000,  3, 81.52699113, 0
0.50972824, -0.17788092, 0.00000000,  3, 81.55732703, 0
0.50972824, -0.17788092, 0.00000000,  3, 81.59729910, 0
0.50972824, -0.17788092, 0.00000000,  3, 81.62233901, 0
0.50972824, -0.17788092, 0.00000000,  3, 81.65001512, 0
0.50972824, -0.17788092, 0.00000000,  3, 81.67664814, 0
0.50972824, -0.17788092, 0.00000000,  3, 81.70506215, 0
0.50972824, -0.17788092, 0.00000000,  3, 81.73267412, 0
0.50972824, -0.17788092, 0.00000000,  3, 81.75971699, 0
0.50972824, -0.17788092, 0.00000000,  3, 81.78693700, 0
0.50972824, -0.17788092, 0.00000000,  3, 81.81273413, 0
0.50972824, -0.17788092, 0.00000000,  3, 81.84046602, 0
0.50972824, -0.17788092, 0.00000000,  3, 81.87047315, 0
0.50972824, -0.17788092, 0.00000000,  3, 81.89864206, 0
0.50972824, -0.17788092, 0.00000000,  3, 81.92567205, 0
0.50972824, -0.17788092, 0.00000000,  3, 81.95215511, 0
0.50972824, -0.17788092, 0.00000000,  3, 81.98239899, 0
0.50972824, -0.17788092, 0.00000000,  3, 82.00930119, 0
0.50972824, -0.17788092, 0.00000000,  3, 82.04284906, 0
0.50972824, -0.17788092, 0.00000000,  3, 82.07261419, 0
0.50972824, -0.17788092, 0.00000000,  3, 82.10460401, 0
0.50972824, -0.17788092, 0.00000000,  3, 82.13300014, 0
0.50972824, -0.17788092, 0.00000000,  3, 82.16116309, 0
0.50972824, -0.17788092, 0.00000000,  3, 82.19390416, 0
0.50972824, -0.17788092, 0.00000000,  3, 82.22341800, 0
0.50972824, -0.17788092, 0.00000000,  3, 82.24950004, 0
0.50972824, -0.17788092, 0.00000000,  3, 82.28318405, 0
0.50972824, -0.17788092, 0.00000000,  3, 82.31551099, 0
0.50972824, -0.17788092, 0.00000000,  3, 82.34529305, 0
0.50972824, -0.17788092, 0.00000000,  3, 82.37690496, 0
0.50972824, -0.17788092, 0.00000000,  3, 82.40902209, 0
0.50972824, -0.17788092, 0.00000000,  3, 82.44203401, 0
0.50972824, -0.17788092, 0.00000000,  3, 82.47050500, 0
0.50972824, -0.17788092, 0.00000000,  3, 82.49599218, 0
0.50972824, -0.17788092, 0.00000000,  3, 82.52129102, 0
0.50972824, -0.17788092, 0.00000000,  3, 82.54723597, 0
0.50972824, -0.17788092, 0.00000000,  3, 82.57863212, 0
0.50972824, -0.17788092, 0.00000000,  3, 82.60949206, 0
0.50972824, -0.17788092, 0.00000000,  3, 82.63570905, 0
0.50972824, -0.17788092, 0.00000000,  3, 82.66073418, 0
0.50972824, -0.17788092, 0.00000000,  3, 82.68652701, 0
0.50972824, -0.17788092, 0.00000000,  3, 82.72176719, 0
0.50972824, -0.17788092, 0.00000000,  3, 82.74803209, 0
0.50972824, -0.17788092, 0.00000000,  3, 82.77798009, 0
0.50972824, -0.17788092, 0.00000000,  3, 82.80531216, 0
0.50972824, -0.17788092, 0.00000000,  3, 82.83318210, 0
0.50972824, -0.17788092, 0.00000000,  3, 82.86312008, 0
0.50972824, -0.17788092, 0.00000000,  3, 82.89559197, 0
0.50972824, -0.17788092, 0.00000000,  3, 82.92347813, 0
0.50972824, -0.17788092, 0.00000000,  3, 82.95637202, 0
0.50972824, -0.17788092, 0.00000000,  3, 82.98176408, 0
0.50972824, -0.17788092, 0.00000000,  3, 83.01061797, 0
0.50972824, -0.17788092, 0.00000000,  3, 83.03905916, 0
0.50972824, -0.17788092, 0.00000000,  3, 83.07155418, 0
0.50972824, -0.17788092, 0.00000000,  3, 83.10154200, 0
0.50972824, -0.17788092, 0.00000000,  3, 83.13167500, 0
0.50972824, -0.17788092, 0.00000000,  3, 83.16504908, 0
0.50972824, -0.17788092, 0.00000000,  3, 83.19679117, 0
0.50972824, -0.17788092, 0.00000000,  3, 83.22495103, 0
0.50972824, -0.17788092, 0.00000000,  3, 83.25352311, 0
0.50972824, -0.17788092, 0.00000000,  3, 83.28671598, 0
0.50972824, -0.17788092, 0.00000000,  3, 83.31506300, 0
0.50972824, -0.17788092, 0.00000000,  3, 83.34352207, 0
0.50972824, -0.17788092, 0.00000000,  3, 83.37277818, 0
0.50972824, -0.17788092, 0.00000000,  3, 83.40604115, 0
0.50972824, -0.17788092, 0.00000000,  3, 83.43481898, 0
0.50972824, -0.17788092, 0.00000000,  3, 83.46725106, 0
0.50972824, -0.17788092, 0.00000000,  3, 83.49459004, 0
0.50972824, -0.17788092, 0.00000000,  3, 83.52282000, 0
0.50972824, -0.17788092, 0.00000000,  3, 83.55138612, 0
0.50972824, -0.17788092, 0.00000000,  3, 83.57918811, 0
0.50972824, -0.17788092, 0.00000000,  3, 83.60822606, 0
0.50972824, -0.17788092, 0.00000000,  3, 83.63901806, 0
0.50972824, -0.17788092, 0.00000000,  3, 83.66546297, 0
0.50972824, -0.17788092, 0.00000000,  3, 83.69319797, 0
0.50972824, -0.17788092, 0.00000000,  3, 83.72484112, 0
0.50972824, -0.17788092, 0.00000000,  3, 83.75273108, 0
0.50972824, -0.17788092, 0.00000000,  3, 83.78162003, 0
0.50972824, -0.17788092, 0.00000000,  3, 83.81000614, 0
0.50972824, -0.17788092, 0.00000000,  3, 83.84110618, 0
0.50972824, -0.17788092, 0.00000000,  3, 83.86975312, 0
0.50972824, -0.17788092, 0.00000000,  3, 83.89555311, 0
0.50972824, -0.17788092, 0.00000000,  3, 83.92263818, 0
0.50972824, -0.17788092, 0.00000000,  3, 83.94898510, 0
0.50972824, -0.17788092, 0.00000000,  3, 83.98019719, 0
0.50972824, -0.17788092, 0.00000000,  3, 84.00893712, 0
0.50972824, -0.17788092, 0.00000000,  3, 84.03564310, 0
0.50972824, -0.17788092, 0.00000000,  3, 84.07984519, 0
0.50972824, -0.17788092, 0.00000000,  3, 84.13213706, 0
0.50972824, -0.17788092, 0.00000000,  3, 84.16606498, 0
0.50972824, -0.17788092, 0.00000000,  3, 84.20000100, 0
0.50972824, -0.17788092, 0.00000000,  3, 84.22663116, 0
0.50972824, -0.17788092, 0.00000000,  3, 84.25534415, 0
0.50972824, -0.17788092, 0.00000000,  3, 84.28779912, 0
0.50972824, -0.17788092, 0.00000000,  3, 84.32018304, 0
0.50972824, -0.17788092, 0.00000000,  3, 84.35049200, 0
0.50972824, -0.17788092, 0.00000000,  3, 84.38412619, 0
0.50972824, -0.17788092, 0.00000000,  3, 84.41796517, 0
0.50972824, -0.17788092, 0.00000000,  3, 84.44807005, 0
0.50972824, -0.17788092, 0.00000000,  3, 84.47775912, 0
0.50972824, -0.17788092, 0.00000000,  3, 84.50655818, 0
0.50972824, -0.17788092, 0.00000000,  3, 84.53669000, 0
0.50972824, -0.17788092, 0.00000000,  3, 84.56305814, 0
0.50972824, -0.17788092, 0.00000000,  3, 84.59592009, 0
0.50972824, -0.17788092, 0.00000000,  3, 84.62408018, 0
